PFARRER;MAGDA;11
PFARRER;FRANZISKA;5
PFARRER;PROFESSOR;1
PFARRER;GENERAL;1
PFARRER;MARIE;7
PFARRER;MAX;1
PFARRER;SCHWARTZE;8
PFARRER;THERESE;1
PFARRER;FRAU SCHWARTZE;10
FRAU SCHUMANN;GENERALIN;1
FRAU SCHUMANN;MAGDA;1
FRAU SCHUMANN;FRANZISKA;1
FRAU SCHUMANN;FRAU SCHWARTZE;1
FRAU SCHUMANN;FRAU ELLRICH;1
KELLER;MAX;3
KELLER;SCHWARTZE;5
KELLER;MARIE;1
KELLER;FRAU SCHWARTZE;2
KELLER;MAGDA;3
MAGDA;GENERALIN;2
MAGDA;MARIE;9
MAGDA;FRAU ELLRICH;2
MAGDA;MAX;4
MAGDA;SCHWARTZE;11
MAGDA;FRAU SCHWARTZE;13
MAGDA;FRANZISKA;7
MAX;GENERALIN;1
MAX;FRANZISKA;1
MAX;MARIE;3
MAX;FRAU ELLRICH;1
MAX;SCHWARTZE;4
MAX;THERESE;2
MAX;FRAU SCHWARTZE;5
SCHWARTZE;FRANZISKA;7
SCHWARTZE;PROFESSOR;2
SCHWARTZE;MARIE;10
SCHWARTZE;GENERAL;2
SCHWARTZE;THERESE;2
SCHWARTZE;FRAU SCHWARTZE;16
THERESE;MARIE;5
THERESE;FRAU SCHWARTZE;3
THERESE;FRANZISKA;1
FRAU SCHWARTZE;FRAU ELLRICH;2
FRAU SCHWARTZE;FRANZISKA;13
FRAU SCHWARTZE;GENERALIN;2
FRAU SCHWARTZE;MARIE;15
FRAU SCHWARTZE;PROFESSOR;2
FRAU SCHWARTZE;GENERAL;2
GENERALIN;FRAU ELLRICH;2
GENERALIN;FRANZISKA;1
FRAU ELLRICH;FRANZISKA;1
FRANZISKA;MARIE;8
FRANZISKA;PROFESSOR;1
FRANZISKA;GENERAL;1
PROFESSOR;GENERAL;2
