MARIAMNE;JOSEPH;3
MARIAMNE;SALOME;8
MARIAMNE;PHILO;1
MARIAMNE;AARON;1
MARIAMNE;EIN BOTE;1
MARIAMNE;STIMMEN IM HINTERGRUND;1
MARIAMNE;HERODES;8
MARIAMNE;EIN DIENER;3
MARIAMNE;ALEXANDRA;10
MARIAMNE;TITUS;5
MARIAMNE;SAMEAS;1
MARIAMNE;JOAB;2
MARIAMNE;SOEMUS;5
TITUS;JOSEPH;1
TITUS;SALOME;4
TITUS;PHILO;1
TITUS;AARON;1
TITUS;DRITTER KÖNIG;1
TITUS;STIMMEN IM HINTERGRUND;1
TITUS;HERODES;6
TITUS;SERUBABEL;1
TITUS;EIN DIENER;2
TITUS;ERSTER KÖNIG;1
TITUS;ALEXANDRA;4
TITUS;SAMEAS;1
TITUS;JOAB;5
TITUS;SOEMUS;1
TITUS;ZWEITER KÖNIG;1
TITUS;JUDAS;1
PHILO;ALEXANDRA;1
PHILO;JOSEPH;1
PHILO;EIN DIENER;1
STIMMEN IM HINTERGRUND;SALOME;1
STIMMEN IM HINTERGRUND;ALEXANDRA;1
DRITTER KÖNIG;ZWEITER KÖNIG;1
DRITTER KÖNIG;ERSTER KÖNIG;1
DRITTER KÖNIG;SALOME;1
DRITTER KÖNIG;JOAB;1
DRITTER KÖNIG;HERODES;1
DRITTER KÖNIG;ALEXANDRA;1
DRITTER KÖNIG;EIN DIENER;1
SALOME;ERSTER KÖNIG;1
SALOME;JOSEPH;2
SALOME;HERODES;8
SALOME;EIN DIENER;1
SALOME;ZWEITER KÖNIG;1
SALOME;ALEXANDRA;4
SALOME;JOAB;2
SALOME;SOEMUS;4
SALOME;AARON;1
SAMEAS;ALEXANDRA;2
SAMEAS;JOAB;1
SAMEAS;SERUBABEL;1
SAMEAS;HERODES;1
SAMEAS;JUDAS;1
JOAB;ZWEITER KÖNIG;1
JOAB;HERODES;4
JOAB;ALEXANDRA;2
JOAB;EIN DIENER;1
JOAB;ERSTER KÖNIG;1
JOAB;SERUBABEL;1
JOAB;AARON;1
JOAB;JUDAS;1
MOSES;JEHU;1
MOSES;ARTAXERXES;1
MOSES;JUDAS;1
MOSES;SILO;1
JUDAS;SERUBABEL;1
JUDAS;SILO;1
JUDAS;HERODES;1
JUDAS;JEHU;1
JUDAS;ARTAXERXES;1
ZWEITER KÖNIG;ERSTER KÖNIG;1
ZWEITER KÖNIG;ALEXANDRA;1
ZWEITER KÖNIG;HERODES;1
ZWEITER KÖNIG;EIN DIENER;1
ARTAXERXES;JEHU;1
ARTAXERXES;SILO;1
SILO;JEHU;1
EIN BOTE;HERODES;1
ALEXANDRA;ERSTER KÖNIG;1
ALEXANDRA;JOSEPH;3
ALEXANDRA;EIN DIENER;3
ALEXANDRA;SOEMUS;1
ALEXANDRA;HERODES;3
ALEXANDRA;AARON;1
JOSEPH;HERODES;2
JOSEPH;SOEMUS;1
JOSEPH;EIN DIENER;3
EIN DIENER;HERODES;3
EIN DIENER;ERSTER KÖNIG;1
ERSTER KÖNIG;HERODES;1
SERUBABEL;HERODES;1
AARON;HERODES;1
HERODES;SOEMUS;4
