REDEGONDA;VENIER;1
REDEGONDA;ACHILLES;1
REDEGONDA;BARON;2
REDEGONDA;LORENZO;2
REDEGONDA;VITTORIA;2
REDEGONDA;CESARINO;1
REDEGONDA;DIE CORTICELLI;1
REDEGONDA;JUWELIER;1
REDEGONDA;DER GRAF;1
REDEGONDA;LE DUC;1
REDEGONDA;SALAINO;2
REDEGONDA;SASSI;1
REDEGONDA;DER ABBATE;2
REDEGONDA;MARFISA;2
REDEGONDA;DIE MUTTER;1
VENIER;BARON;1
VENIER;LORENZO;1
VENIER;VITTORIA;1
VENIER;DIE CORTICELLI;1
VENIER;JUWELIER;1
VENIER;ACHILLES;1
VENIER;LE DUC;1
VENIER;SALAINO;1
VENIER;SASSI;1
VENIER;DER ABBATE;1
VENIER;MARFISA;1
VENIER;DIE MUTTER;1
ACHILLES;BARON;1
ACHILLES;LORENZO;1
ACHILLES;VITTORIA;1
ACHILLES;DIE CORTICELLI;1
ACHILLES;JUWELIER;1
ACHILLES;LE DUC;1
ACHILLES;SALAINO;1
ACHILLES;SASSI;1
ACHILLES;DER ABBATE;1
ACHILLES;MARFISA;1
ACHILLES;DIE MUTTER;1
BARON;DER GRAF;1
BARON;LORENZO;2
BARON;VITTORIA;2
BARON;CESARINO;1
BARON;DIE CORTICELLI;1
BARON;JUWELIER;1
BARON;LE DUC;1
BARON;SALAINO;2
BARON;SASSI;1
BARON;DER ABBATE;2
BARON;MARFISA;2
BARON;DIE MUTTER;1
LORENZO;VITTORIA;2
LORENZO;CESARINO;1
LORENZO;DIE CORTICELLI;1
LORENZO;JUWELIER;1
LORENZO;DER GRAF;1
LORENZO;LE DUC;1
LORENZO;SALAINO;2
LORENZO;SASSI;1
LORENZO;DER ABBATE;2
LORENZO;MARFISA;2
LORENZO;DIE MUTTER;1
VITTORIA;CESARINO;1
VITTORIA;DIE CORTICELLI;1
VITTORIA;JUWELIER;1
VITTORIA;DER GRAF;1
VITTORIA;LE DUC;1
VITTORIA;SALAINO;2
VITTORIA;SASSI;1
VITTORIA;DER ABBATE;2
VITTORIA;MARFISA;2
VITTORIA;DIE MUTTER;1
CESARINO;DER GRAF;1
CESARINO;SALAINO;1
CESARINO;DER ABBATE;1
CESARINO;MARFISA;1
DIE CORTICELLI;JUWELIER;1
DIE CORTICELLI;LE DUC;1
DIE CORTICELLI;SALAINO;1
DIE CORTICELLI;SASSI;1
DIE CORTICELLI;DER ABBATE;1
DIE CORTICELLI;MARFISA;1
DIE CORTICELLI;DIE MUTTER;1
JUWELIER;LE DUC;1
JUWELIER;SALAINO;1
JUWELIER;SASSI;1
JUWELIER;DER ABBATE;1
JUWELIER;MARFISA;1
JUWELIER;DIE MUTTER;1
DER GRAF;SALAINO;1
DER GRAF;DER ABBATE;1
DER GRAF;MARFISA;1
LE DUC;DIE MUTTER;1
LE DUC;SALAINO;1
LE DUC;SASSI;1
LE DUC;DER ABBATE;1
LE DUC;MARFISA;1
SALAINO;SASSI;1
SALAINO;DER ABBATE;2
SALAINO;MARFISA;2
SALAINO;DIE MUTTER;1
SASSI;DER ABBATE;1
SASSI;MARFISA;1
SASSI;DIE MUTTER;1
DER ABBATE;MARFISA;2
DER ABBATE;DIE MUTTER;1
MARFISA;DIE MUTTER;1
