PAULO;JULIO;1
PAULO;PIRRO;1
PAULO;DONNA SOLINA;1
PAULO;LAURA;1
PAULO;AMANTE;3
GALANTERIEKRÄMERIN;DRULLO;1
GALANTERIEKRÄMERIN;JULIO;1
GALANTERIEKRÄMERIN;DONNA SOLINA;1
GALANTERIEKRÄMERIN;ROSAURA;1
GALANTERIEKRÄMERIN;PIRRO;1
BEDIENTER;DRULLO;1
BEDIENTER;LUDOVICO;1
BEDIENTER;GALBINO;1
DRULLO;KAMMERDIENER;1
DRULLO;JULIO;2
DRULLO;GALBINO;5
DRULLO;DONNA SOLINA;2
DRULLO;LUDOVICO;4
DRULLO;CARLO;2
DRULLO;PIRRO;1
DRULLO;STALLMEISTER;1
DRULLO;HERZOGIN;1
DRULLO;ROSAURA;1
GALBINO;KAMMERDIENER;1
GALBINO;STALLMEISTER;1
GALBINO;HERZOGIN;1
GALBINO;DONNA SOLINA;1
GALBINO;LUDOVICO;5
GALBINO;PASQUINO;1
GALBINO;CARLO;2
GALBINO;JULIO;1
DONNA SOLINA;LUDOVICO;2
DONNA SOLINA;CARLO;1
DONNA SOLINA;AMANTE;1
DONNA SOLINA;PIRRO;4
DONNA SOLINA;HERZOGIN;3
DONNA SOLINA;ROSALINE;1
DONNA SOLINA;ABGEORDNETER;1
DONNA SOLINA;JULIO;6
DONNA SOLINA;ROSAURA;2
LUDOVICO;PIRRO;1
LUDOVICO;JULIO;2
LUDOVICO;PASQUINO;1
LUDOVICO;CARLO;2
LUDOVICO;HERZOGIN;1
CARLO;JULIO;1
CARLO;HERZOGIN;1
ABGEORDNETER;JULIO;1
LAURA;JULIO;1
LAURA;AMANTE;2
JULIO;AMANTE;2
JULIO;PIRRO;4
JULIO;HERZOGIN;1
JULIO;ROSAURA;1
STALLMEISTER;KAMMERDIENER;1
PIRRO;ROSAURA;1
PIRRO;AMANTE;1
ROSALINE;ROSAURA;1
ROSALINE;HERZOGIN;1
HERZOGIN;ROSAURA;1
