FRAU GLUMM;BAUER;1
FRAU GLUMM;BAUER HILDEBRANDT;1
FRAU GLUMM;SCHINDLERN;1
FRAU GLUMM;EIN JUNGER BURSCHE;1
FRAU GLUMM;HUHNDORF;1
FRAU GLUMM;FRANZEL;1
FRAU GLUMM;DIE ALTE MATTERN;1
FRAU GLUMM;DIE BAUERN;1
FRAU GLUMM;FRAU KRETSCHMER;1
FRAU GLUMM;EINIGE MÄDCHEN;1
FRAU GLUMM;JOSEPH SCHINDLER;1
FRAU GLUMM;BÄUERIN;1
FRAU GLUMM;FRAU HILDEBRANDT;1
FRAU GLUMM;KRETSCHMER;1
FRAU GLUMM;BREITE;1
FRAU GLUMM;EINIGE ANDERE;1
FRAU GLUMM;EINIGE BURSCHEN;1
EIN JUNGER BURSCHE;BAUER;1
EIN JUNGER BURSCHE;BAUER HILDEBRANDT;1
EIN JUNGER BURSCHE;SCHINDLERN;1
EIN JUNGER BURSCHE;HUHNDORF;1
EIN JUNGER BURSCHE;FRANZEL;1
EIN JUNGER BURSCHE;DIE ALTE MATTERN;1
EIN JUNGER BURSCHE;DIE BAUERN;1
EIN JUNGER BURSCHE;FRAU KRETSCHMER;1
EIN JUNGER BURSCHE;EINIGE MÄDCHEN;1
EIN JUNGER BURSCHE;JOSEPH SCHINDLER;1
EIN JUNGER BURSCHE;BÄUERIN;1
EIN JUNGER BURSCHE;FRAU HILDEBRANDT;1
EIN JUNGER BURSCHE;KRETSCHMER;1
EIN JUNGER BURSCHE;BREITE;1
EIN JUNGER BURSCHE;EINIGE ANDERE;1
EIN JUNGER BURSCHE;EINIGE BURSCHEN;1
HUHNDORF;WIRT;2
HUHNDORF;DIE ALTE MATTERN;1
HUHNDORF;DIE BAUERN;2
HUHNDORF;BAUER HILDEBRANDT;2
HUHNDORF;EINIGE MÄDCHEN;1
HUHNDORF;JOSEPH SCHINDLER;2
HUHNDORF;DIE BEIDEN ARBEITER;1
HUHNDORF;BÄUERIN;1
HUHNDORF;FRAU HILDEBRANDT;1
HUHNDORF;EINIGE ANDERE;1
HUHNDORF;BECKERN;1
HUHNDORF;FRAU KRETSCHMER;1
HUHNDORF;SCHINDLERN;3
HUHNDORF;FRANZEL;3
HUHNDORF;BLUMIG;2
HUHNDORF;WIRTIN;1
HUHNDORF;BAUER;1
HUHNDORF;KRETSCHMER;4
HUHNDORF;BREITE;1
HUHNDORF;DORFBURSCHEN UND DORFMÄDCHEN;1
HUHNDORF;EINIGE BURSCHEN;1
ERNST;JOSEPH SCHINDLER;4
ERNST;BAUER;3
ERNST;TINE;2
ERNST;VIEHHÄNDLER;1
ERNST;BREITE;5
ERNST;BLUMIG;1
ERNST;FRANZEL;1
ERNST;DIE BAUERN;1
ERNST;WIRTIN;1
ERNST;BÄUERIN;2
DIE ALTE MATTERN;BAUER;1
DIE ALTE MATTERN;FRAU KRETSCHMER;1
DIE ALTE MATTERN;SCHINDLERN;1
DIE ALTE MATTERN;FRANZEL;1
DIE ALTE MATTERN;DIE BAUERN;1
DIE ALTE MATTERN;BAUER HILDEBRANDT;1
DIE ALTE MATTERN;BÄUERIN;2
DIE ALTE MATTERN;EINIGE MÄDCHEN;1
DIE ALTE MATTERN;JOSEPH SCHINDLER;2
DIE ALTE MATTERN;TINE;1
DIE ALTE MATTERN;FRAU HILDEBRANDT;1
DIE ALTE MATTERN;KRETSCHMER;1
DIE ALTE MATTERN;BREITE;1
DIE ALTE MATTERN;EINIGE ANDERE;1
DIE ALTE MATTERN;EINIGE BURSCHEN;1
DIE BAUERN;BAUER;2
DIE BAUERN;FRAU KRETSCHMER;1
DIE BAUERN;SCHINDLERN;2
DIE BAUERN;BLUMIG;1
DIE BAUERN;FRANZEL;2
DIE BAUERN;WIRT;1
DIE BAUERN;BAUER HILDEBRANDT;2
DIE BAUERN;EINIGE MÄDCHEN;1
DIE BAUERN;JOSEPH SCHINDLER;2
DIE BAUERN;BÄUERIN;1
DIE BAUERN;FRAU HILDEBRANDT;1
DIE BAUERN;WIRTIN;1
DIE BAUERN;KRETSCHMER;2
DIE BAUERN;BREITE;2
DIE BAUERN;EINIGE ANDERE;1
DIE BAUERN;EINIGE BURSCHEN;1
BAUER HILDEBRANDT;BAUER;1
BAUER HILDEBRANDT;FRAU KRETSCHMER;1
BAUER HILDEBRANDT;SCHINDLERN;2
BAUER HILDEBRANDT;FRANZEL;2
BAUER HILDEBRANDT;WIRT;1
BAUER HILDEBRANDT;BLUMIG;1
BAUER HILDEBRANDT;EINIGE MÄDCHEN;1
BAUER HILDEBRANDT;JOSEPH SCHINDLER;2
BAUER HILDEBRANDT;BÄUERIN;1
BAUER HILDEBRANDT;FRAU HILDEBRANDT;1
BAUER HILDEBRANDT;KRETSCHMER;2
BAUER HILDEBRANDT;BREITE;1
BAUER HILDEBRANDT;EINIGE ANDERE;1
BAUER HILDEBRANDT;EINIGE BURSCHEN;1
EINIGE MÄDCHEN;BAUER;1
EINIGE MÄDCHEN;SCHINDLERN;1
EINIGE MÄDCHEN;FRANZEL;1
EINIGE MÄDCHEN;FRAU KRETSCHMER;1
EINIGE MÄDCHEN;JOSEPH SCHINDLER;1
EINIGE MÄDCHEN;BÄUERIN;1
EINIGE MÄDCHEN;FRAU HILDEBRANDT;1
EINIGE MÄDCHEN;KRETSCHMER;1
EINIGE MÄDCHEN;BREITE;1
EINIGE MÄDCHEN;EINIGE ANDERE;1
EINIGE MÄDCHEN;EINIGE BURSCHEN;1
JOSEPH SCHINDLER;FRAU KRETSCHMER;1
JOSEPH SCHINDLER;BLUMIG;2
JOSEPH SCHINDLER;SCHINDLERN;3
JOSEPH SCHINDLER;WIRT;1
JOSEPH SCHINDLER;FRANZEL;4
JOSEPH SCHINDLER;BAUER;5
JOSEPH SCHINDLER;BÄUERIN;5
JOSEPH SCHINDLER;FRAU HILDEBRANDT;1
JOSEPH SCHINDLER;TINE;5
JOSEPH SCHINDLER;KRETSCHMER;2
JOSEPH SCHINDLER;BREITE;8
JOSEPH SCHINDLER;EINIGE ANDERE;1
JOSEPH SCHINDLER;EINIGE BURSCHEN;1
DIE BEIDEN ARBEITER;BECKERN;1
DIE BEIDEN ARBEITER;WIRT;1
DIE BEIDEN ARBEITER;KRETSCHMER;1
DIE BEIDEN ARBEITER;WIRTIN;1
DIE BEIDEN ARBEITER;DORFBURSCHEN UND DORFMÄDCHEN;1
BÄUERIN;FRAU HILDEBRANDT;1
BÄUERIN;VIEHHÄNDLER;2
BÄUERIN;EINIGE ANDERE;1
BÄUERIN;FRAU KRETSCHMER;1
BÄUERIN;SCHINDLERN;1
BÄUERIN;FRANZEL;1
BÄUERIN;BLUMIG;1
BÄUERIN;BAUER;8
BÄUERIN;TINE;9
BÄUERIN;VATER JAKOB;1
BÄUERIN;KRETSCHMER;1
BÄUERIN;BREITE;6
BÄUERIN;EINIGE BURSCHEN;1
FRAU HILDEBRANDT;BAUER;1
FRAU HILDEBRANDT;SCHINDLERN;1
FRAU HILDEBRANDT;FRANZEL;1
FRAU HILDEBRANDT;FRAU KRETSCHMER;1
FRAU HILDEBRANDT;KRETSCHMER;1
FRAU HILDEBRANDT;BREITE;1
FRAU HILDEBRANDT;EINIGE ANDERE;1
FRAU HILDEBRANDT;EINIGE BURSCHEN;1
VIEHHÄNDLER;BAUER;2
VIEHHÄNDLER;TINE;1
VIEHHÄNDLER;BLUMIG;1
VIEHHÄNDLER;BREITE;2
EINIGE ANDERE;BAUER;1
EINIGE ANDERE;FRAU KRETSCHMER;1
EINIGE ANDERE;SCHINDLERN;1
EINIGE ANDERE;FRANZEL;1
EINIGE ANDERE;KRETSCHMER;1
EINIGE ANDERE;BREITE;1
EINIGE ANDERE;EINIGE BURSCHEN;1
BECKERN;WIRT;1
BECKERN;KRETSCHMER;1
BECKERN;WIRTIN;1
BECKERN;DORFBURSCHEN UND DORFMÄDCHEN;1
FRAU KRETSCHMER;BAUER;1
FRAU KRETSCHMER;SCHINDLERN;1
FRAU KRETSCHMER;FRANZEL;1
FRAU KRETSCHMER;KRETSCHMER;1
FRAU KRETSCHMER;BREITE;1
FRAU KRETSCHMER;EINIGE BURSCHEN;1
SCHINDLERN;BAUER;1
SCHINDLERN;BLUMIG;2
SCHINDLERN;FRANZEL;4
SCHINDLERN;WIRT;1
SCHINDLERN;KRETSCHMER;3
SCHINDLERN;BREITE;1
SCHINDLERN;EINIGE BURSCHEN;1
JUNGE;BAUER;1
FRANZEL;BAUER;1
FRANZEL;BLUMIG;3
FRANZEL;WIRT;1
FRANZEL;KRETSCHMER;3
FRANZEL;BREITE;2
FRANZEL;EINIGE BURSCHEN;1
WIRT;BLUMIG;1
WIRT;WIRTIN;1
WIRT;KRETSCHMER;2
WIRT;DORFBURSCHEN UND DORFMÄDCHEN;1
BLUMIG;BAUER;1
BLUMIG;KRETSCHMER;2
BLUMIG;BREITE;2
WIRTIN;BAUER;3
WIRTIN;KRETSCHMER;1
WIRTIN;BREITE;3
WIRTIN;DORFBURSCHEN UND DORFMÄDCHEN;1
BAUER;TINE;4
BAUER;VATER JAKOB;1
BAUER;KRETSCHMER;1
BAUER;BREITE;9
BAUER;EINIGE BURSCHEN;1
TINE;VATER JAKOB;1
TINE;BREITE;3
KRETSCHMER;BREITE;1
KRETSCHMER;DORFBURSCHEN UND DORFMÄDCHEN;1
KRETSCHMER;EINIGE BURSCHEN;1
BREITE;EINIGE BURSCHEN;1
