MICHALSKI;ROBERT;4
MICHALSKI;ALMA;4
MICHALSKI;FRAU HEINECKE;8
MICHALSKI;HEINECKE;8
MICHALSKI;MÜHLINGK;1
MICHALSKI;AUGUSTE;8
MICHALSKI;WILHELM;1
ALMA;ROBERT;6
ALMA;FRAU HEINECKE;6
ALMA;HEINECKE;6
ALMA;TRAST;1
ALMA;AUGUSTE;4
FRAU HEINECKE;WILHELM;1
FRAU HEINECKE;ROBERT;13
FRAU HEINECKE;MÜHLINGK;1
FRAU HEINECKE;AUGUSTE;8
FRAU HEINECKE;FRAU HEBENSTREIT;2
FRAU HEINECKE;TRAST;2
FRAU HEINECKE;HEINECKE;17
HEINECKE;ROBERT;11
HEINECKE;MÜHLINGK;1
HEINECKE;AUGUSTE;8
HEINECKE;WILHELM;1
HEINECKE;FRAU HEBENSTREIT;1
HEINECKE;TRAST;1
MÜHLINGK;LENORE;7
MÜHLINGK;TRAST;2
MÜHLINGK;AUGUSTE;1
MÜHLINGK;WILHELM;2
MÜHLINGK;ROBERT;4
MÜHLINGK;CURT;6
MÜHLINGK;FRAU MÜHLINGK;6
MÜHLINGK;HUGO;1
MÜHLINGK;LOTHAR;1
AUGUSTE;ROBERT;4
AUGUSTE;WILHELM;1
TRAST;LENORE;6
TRAST;ROBERT;12
TRAST;FRAU MÜHLINGK;1
TRAST;WILHELM;4
TRAST;CURT;3
TRAST;HUGO;2
TRAST;LOTHAR;4
WILHELM;LENORE;4
WILHELM;ROBERT;4
WILHELM;FRAU MÜHLINGK;2
WILHELM;CURT;2
WILHELM;LOTHAR;1
ROBERT;CURT;2
ROBERT;FRAU MÜHLINGK;2
ROBERT;LENORE;6
ROBERT;LOTHAR;2
CURT;LENORE;6
CURT;FRAU MÜHLINGK;4
CURT;HUGO;5
CURT;LOTHAR;6
FRAU MÜHLINGK;LENORE;6
LENORE;HUGO;1
LENORE;LOTHAR;3
HUGO;LOTHAR;5
