PHAON;MELITTA;7
PHAON;EIN LANDMANN;1
PHAON;EINER AUS DEM VOLKE;1
PHAON;RHAMNES;5
PHAON;SAPPHO;9
PHAON;MAN RUFT VON INNEN;1
PHAON;VOLK;1
MÄDCHEN;MELITTA;1
MÄDCHEN;EUCHARIS;1
EINER AUS DEM VOLKE;SAPPHO;1
EINER AUS DEM VOLKE;RHAMNES;1
EINER AUS DEM VOLKE;VOLK;1
RHAMNES;EIN LANDMANN;2
RHAMNES;SAPPHO;7
RHAMNES;EUCHARIS;6
RHAMNES;MELITTA;5
RHAMNES;VOLK;2
EUCHARIS;MELITTA;1
EUCHARIS;EIN LANDMANN;2
EUCHARIS;SAPPHO;4
EIN LANDMANN;MELITTA;1
EIN LANDMANN;SAPPHO;3
SAPPHO;MELITTA;6
SAPPHO;VOLK;1
MELITTA;MAN RUFT VON INNEN;1
MELITTA;VOLK;1
