SOPHIE;DIE MUSIKANTEN;1
SOPHIE;DIE KELLNER;1
SOPHIE;WIRT;1
SOPHIE;DER BARON;2
SOPHIE;DER HAUSKNECHT;1
SOPHIE;ANNINA;2
SOPHIE;STIMMEN VON AUSSEN;1
SOPHIE;DIE FANINALSCHE DIENERSCHAFT;1
SOPHIE;VALZACCHI;2
SOPHIE;DIE KUTSCHER;1
SOPHIE;DIE DUENNA;1
SOPHIE;MARSCHALLIN;1
SOPHIE;KOMMISSARIUS;1
SOPHIE;MARIANNE LEITMETZERIN;1
SOPHIE;DIE LERCHENAUISCHEN;1
SOPHIE;HAUSHOFMEISTER DER MARSCHALLIN;1
SOPHIE;DER FANINALSCHE HAUSHOFMEISTER;1
SOPHIE;VIELE STIMMEN;1
SOPHIE;HERR VON FANINAL;2
SOPHIE;DIE KINDER;1
SOPHIE;DIE KÖPFE;1
SOPHIE;OCTAVIAN;2
DER SÄNGER;MARSCHALLIN;1
DER SÄNGER;ERSTER LAKAI;1
DER SÄNGER;DRITTER LAKAI;1
DER SÄNGER;DIE DREI ADELIGEN TÖCHTER;1
DER SÄNGER;ZWEITER LAKAI;1
DER SÄNGER;DER BARON;1
DER SÄNGER;ANNINA;1
DER SÄNGER;OCTAVIAN;1
DER SÄNGER;VIERTER LAKAI;1
DER SÄNGER;DIE LAKAIEN;1
DER SÄNGER;NOTAR;1
DER SÄNGER;HAUSHOFMEISTER DER MARSCHALLIN;1
DER SÄNGER;VALZACCHI;1
DER SÄNGER;MARCHANDE DE MODES;1
DER SÄNGER;DIE DREI WAISEN;1
DER SÄNGER;DER TIERHÄNDLER;1
HAUSHOFMEISTER DER MARSCHALLIN;DER FANINALSCHE HAUSHOFMEISTER;1
HAUSHOFMEISTER DER MARSCHALLIN;DER BARON;2
HAUSHOFMEISTER DER MARSCHALLIN;ANNINA;2
HAUSHOFMEISTER DER MARSCHALLIN;DIE LAKAIEN;1
HAUSHOFMEISTER DER MARSCHALLIN;DIE FANINALSCHE DIENERSCHAFT;1
HAUSHOFMEISTER DER MARSCHALLIN;VALZACCHI;2
HAUSHOFMEISTER DER MARSCHALLIN;DIE DREI WAISEN;1
HAUSHOFMEISTER DER MARSCHALLIN;DER TIERHÄNDLER;1
HAUSHOFMEISTER DER MARSCHALLIN;DIE DUENNA;1
HAUSHOFMEISTER DER MARSCHALLIN;MARSCHALLIN;1
HAUSHOFMEISTER DER MARSCHALLIN;MARIANNE LEITMETZERIN;1
HAUSHOFMEISTER DER MARSCHALLIN;DIE LERCHENAUISCHEN;1
HAUSHOFMEISTER DER MARSCHALLIN;ERSTER LAKAI;1
HAUSHOFMEISTER DER MARSCHALLIN;DRITTER LAKAI;1
HAUSHOFMEISTER DER MARSCHALLIN;DIE DREI ADELIGEN TÖCHTER;1
HAUSHOFMEISTER DER MARSCHALLIN;VIERTER LAKAI;1
HAUSHOFMEISTER DER MARSCHALLIN;HERR VON FANINAL;1
HAUSHOFMEISTER DER MARSCHALLIN;NOTAR;1
HAUSHOFMEISTER DER MARSCHALLIN;ZWEITER LAKAI;1
HAUSHOFMEISTER DER MARSCHALLIN;MARCHANDE DE MODES;1
HAUSHOFMEISTER DER MARSCHALLIN;OCTAVIAN;2
DIE KELLNER;MARSCHALLIN;1
DIE KELLNER;KOMMISSARIUS;1
DIE KELLNER;WIRT;1
DIE KELLNER;OCTAVIAN;1
DIE KELLNER;DER BARON;1
DIE KELLNER;VIELE STIMMEN;1
DIE KELLNER;HERR VON FANINAL;1
DIE KELLNER;DER HAUSKNECHT;1
DIE KELLNER;ANNINA;1
DIE KELLNER;STIMMEN VON AUSSEN;1
DIE KELLNER;DIE KINDER;1
DIE KELLNER;DIE MUSIKANTEN;1
DIE KELLNER;VALZACCHI;1
DIE KELLNER;DIE KÖPFE;1
DIE KELLNER;DIE KUTSCHER;1
WIRT;MARSCHALLIN;1
WIRT;KOMMISSARIUS;1
WIRT;DIE MUSIKANTEN;1
WIRT;OCTAVIAN;1
WIRT;DER BARON;1
WIRT;VIELE STIMMEN;1
WIRT;HERR VON FANINAL;1
WIRT;DER HAUSKNECHT;1
WIRT;ANNINA;1
WIRT;STIMMEN VON AUSSEN;1
WIRT;DIE KINDER;1
WIRT;VALZACCHI;1
WIRT;DIE KÖPFE;1
WIRT;DIE KUTSCHER;1
DER BARON;DIE MUSIKANTEN;1
DER BARON;VIELE STIMMEN;1
DER BARON;DER HAUSKNECHT;1
DER BARON;ANNINA;3
DER BARON;STIMMEN VON AUSSEN;1
DER BARON;DIE FANINALSCHE DIENERSCHAFT;1
DER BARON;VALZACCHI;3
DER BARON;DIE DREI WAISEN;1
DER BARON;DIE KUTSCHER;1
DER BARON;DIE DUENNA;1
DER BARON;MARSCHALLIN;2
DER BARON;KOMMISSARIUS;1
DER BARON;MARIANNE LEITMETZERIN;1
DER BARON;DIE LERCHENAUISCHEN;1
DER BARON;ERSTER LAKAI;1
DER BARON;DRITTER LAKAI;1
DER BARON;DER FANINALSCHE HAUSHOFMEISTER;1
DER BARON;DIE DREI ADELIGEN TÖCHTER;1
DER BARON;VIERTER LAKAI;1
DER BARON;HERR VON FANINAL;2
DER BARON;DER TIERHÄNDLER;1
DER BARON;NOTAR;1
DER BARON;ZWEITER LAKAI;1
DER BARON;MARCHANDE DE MODES;1
DER BARON;DIE LAKAIEN;1
DER BARON;DIE KÖPFE;1
DER BARON;OCTAVIAN;3
DER BARON;DIE KINDER;1
MARIANNE LEITMETZERIN;DIE LERCHENAUISCHEN;1
MARIANNE LEITMETZERIN;DIE FANINALSCHE DIENERSCHAFT;1
MARIANNE LEITMETZERIN;DER FANINALSCHE HAUSHOFMEISTER;1
MARIANNE LEITMETZERIN;OCTAVIAN;1
MARIANNE LEITMETZERIN;VALZACCHI;1
MARIANNE LEITMETZERIN;ANNINA;1
MARIANNE LEITMETZERIN;HERR VON FANINAL;1
MARIANNE LEITMETZERIN;DIE DUENNA;1
VIELE STIMMEN;MARSCHALLIN;1
VIELE STIMMEN;KOMMISSARIUS;1
VIELE STIMMEN;DIE MUSIKANTEN;1
VIELE STIMMEN;OCTAVIAN;1
VIELE STIMMEN;HERR VON FANINAL;1
VIELE STIMMEN;DER HAUSKNECHT;1
VIELE STIMMEN;ANNINA;1
VIELE STIMMEN;STIMMEN VON AUSSEN;1
VIELE STIMMEN;DIE KINDER;1
VIELE STIMMEN;VALZACCHI;1
VIELE STIMMEN;DIE KÖPFE;1
VIELE STIMMEN;DIE KUTSCHER;1
DER HAUSKNECHT;MARSCHALLIN;1
DER HAUSKNECHT;KOMMISSARIUS;1
DER HAUSKNECHT;DIE MUSIKANTEN;1
DER HAUSKNECHT;OCTAVIAN;1
DER HAUSKNECHT;HERR VON FANINAL;1
DER HAUSKNECHT;ANNINA;1
DER HAUSKNECHT;STIMMEN VON AUSSEN;1
DER HAUSKNECHT;DIE KINDER;1
DER HAUSKNECHT;VALZACCHI;1
DER HAUSKNECHT;DIE KÖPFE;1
DER HAUSKNECHT;DIE KUTSCHER;1
ANNINA;DER FANINALSCHE HAUSHOFMEISTER;1
ANNINA;VIERTER LAKAI;1
ANNINA;STIMMEN VON AUSSEN;1
ANNINA;DIE FANINALSCHE DIENERSCHAFT;1
ANNINA;VALZACCHI;3
ANNINA;DIE DREI WAISEN;1
ANNINA;DIE KUTSCHER;1
ANNINA;DIE DUENNA;1
ANNINA;MARSCHALLIN;2
ANNINA;KOMMISSARIUS;1
ANNINA;DIE MUSIKANTEN;1
ANNINA;DIE LERCHENAUISCHEN;1
ANNINA;ERSTER LAKAI;1
ANNINA;DRITTER LAKAI;1
ANNINA;DIE DREI ADELIGEN TÖCHTER;1
ANNINA;HERR VON FANINAL;2
ANNINA;DER TIERHÄNDLER;1
ANNINA;DIE KINDER;1
ANNINA;ZWEITER LAKAI;1
ANNINA;MARCHANDE DE MODES;1
ANNINA;DIE LAKAIEN;1
ANNINA;DIE KÖPFE;1
ANNINA;OCTAVIAN;3
ANNINA;NOTAR;1
DIE LAKAIEN;MARSCHALLIN;1
DIE LAKAIEN;DRITTER LAKAI;1
DIE LAKAIEN;DIE DREI ADELIGEN TÖCHTER;1
DIE LAKAIEN;ZWEITER LAKAI;1
DIE LAKAIEN;OCTAVIAN;1
DIE LAKAIEN;VIERTER LAKAI;1
DIE LAKAIEN;NOTAR;1
DIE LAKAIEN;VALZACCHI;1
DIE LAKAIEN;MARCHANDE DE MODES;1
DIE LAKAIEN;ERSTER LAKAI;1
DIE LAKAIEN;DIE DREI WAISEN;1
DIE LAKAIEN;DER TIERHÄNDLER;1
DIE FANINALSCHE DIENERSCHAFT;DIE LERCHENAUISCHEN;1
DIE FANINALSCHE DIENERSCHAFT;HERR VON FANINAL;1
DIE FANINALSCHE DIENERSCHAFT;DER FANINALSCHE HAUSHOFMEISTER;1
DIE FANINALSCHE DIENERSCHAFT;OCTAVIAN;1
DIE FANINALSCHE DIENERSCHAFT;VALZACCHI;1
DIE FANINALSCHE DIENERSCHAFT;DIE DUENNA;1
VALZACCHI;DIE KÖPFE;1
VALZACCHI;DIE DREI WAISEN;1
VALZACCHI;DIE KUTSCHER;1
VALZACCHI;DIE DUENNA;1
VALZACCHI;MARSCHALLIN;2
VALZACCHI;KOMMISSARIUS;1
VALZACCHI;DIE MUSIKANTEN;1
VALZACCHI;DIE LERCHENAUISCHEN;1
VALZACCHI;ERSTER LAKAI;1
VALZACCHI;DRITTER LAKAI;1
VALZACCHI;DER FANINALSCHE HAUSHOFMEISTER;1
VALZACCHI;DIE DREI ADELIGEN TÖCHTER;1
VALZACCHI;VIERTER LAKAI;1
VALZACCHI;HERR VON FANINAL;2
VALZACCHI;DER TIERHÄNDLER;1
VALZACCHI;NOTAR;1
VALZACCHI;ZWEITER LAKAI;1
VALZACCHI;MARCHANDE DE MODES;1
VALZACCHI;STIMMEN VON AUSSEN;1
VALZACCHI;OCTAVIAN;3
VALZACCHI;DIE KINDER;1
DIE DREI WAISEN;MARSCHALLIN;1
DIE DREI WAISEN;DRITTER LAKAI;1
DIE DREI WAISEN;DIE DREI ADELIGEN TÖCHTER;1
DIE DREI WAISEN;OCTAVIAN;1
DIE DREI WAISEN;VIERTER LAKAI;1
DIE DREI WAISEN;NOTAR;1
DIE DREI WAISEN;ZWEITER LAKAI;1
DIE DREI WAISEN;MARCHANDE DE MODES;1
DIE DREI WAISEN;ERSTER LAKAI;1
DIE DREI WAISEN;DER TIERHÄNDLER;1
DIE KUTSCHER;MARSCHALLIN;1
DIE KUTSCHER;KOMMISSARIUS;1
DIE KUTSCHER;DIE MUSIKANTEN;1
DIE KUTSCHER;HERR VON FANINAL;1
DIE KUTSCHER;STIMMEN VON AUSSEN;1
DIE KUTSCHER;DIE KINDER;1
DIE KUTSCHER;DIE KÖPFE;1
DIE KUTSCHER;OCTAVIAN;1
DIE DUENNA;DIE LERCHENAUISCHEN;1
DIE DUENNA;DER FANINALSCHE HAUSHOFMEISTER;1
DIE DUENNA;OCTAVIAN;1
DIE DUENNA;HERR VON FANINAL;1
MARSCHALLIN;STIMMEN VON AUSSEN;1
MARSCHALLIN;NOTAR;1
MARSCHALLIN;VIERTER LAKAI;1
MARSCHALLIN;DER TIERHÄNDLER;1
MARSCHALLIN;KOMMISSARIUS;1
MARSCHALLIN;DIE MUSIKANTEN;1
MARSCHALLIN;DIE KÖPFE;1
MARSCHALLIN;ERSTER LAKAI;1
MARSCHALLIN;DRITTER LAKAI;1
MARSCHALLIN;DIE DREI ADELIGEN TÖCHTER;1
MARSCHALLIN;HERR VON FANINAL;1
MARSCHALLIN;ZWEITER LAKAI;1
MARSCHALLIN;MARCHANDE DE MODES;1
MARSCHALLIN;OCTAVIAN;2
MARSCHALLIN;DIE KINDER;1
KOMMISSARIUS;DIE MUSIKANTEN;1
KOMMISSARIUS;OCTAVIAN;1
KOMMISSARIUS;HERR VON FANINAL;1
KOMMISSARIUS;STIMMEN VON AUSSEN;1
KOMMISSARIUS;DIE KINDER;1
KOMMISSARIUS;DIE KÖPFE;1
DIE MUSIKANTEN;OCTAVIAN;1
DIE MUSIKANTEN;HERR VON FANINAL;1
DIE MUSIKANTEN;STIMMEN VON AUSSEN;1
DIE MUSIKANTEN;DIE KINDER;1
DIE MUSIKANTEN;DIE KÖPFE;1
DIE LERCHENAUISCHEN;DER FANINALSCHE HAUSHOFMEISTER;1
DIE LERCHENAUISCHEN;OCTAVIAN;1
DIE LERCHENAUISCHEN;HERR VON FANINAL;1
ERSTER LAKAI;DRITTER LAKAI;1
ERSTER LAKAI;DIE DREI ADELIGEN TÖCHTER;1
ERSTER LAKAI;ZWEITER LAKAI;1
ERSTER LAKAI;OCTAVIAN;1
ERSTER LAKAI;VIERTER LAKAI;1
ERSTER LAKAI;NOTAR;1
ERSTER LAKAI;MARCHANDE DE MODES;1
ERSTER LAKAI;DER TIERHÄNDLER;1
DRITTER LAKAI;DIE DREI ADELIGEN TÖCHTER;1
DRITTER LAKAI;OCTAVIAN;1
DRITTER LAKAI;VIERTER LAKAI;1
DRITTER LAKAI;NOTAR;1
DRITTER LAKAI;ZWEITER LAKAI;1
DRITTER LAKAI;MARCHANDE DE MODES;1
DRITTER LAKAI;DER TIERHÄNDLER;1
DER FANINALSCHE HAUSHOFMEISTER;OCTAVIAN;1
DER FANINALSCHE HAUSHOFMEISTER;HERR VON FANINAL;1
DIE DREI ADELIGEN TÖCHTER;OCTAVIAN;1
DIE DREI ADELIGEN TÖCHTER;ZWEITER LAKAI;1
DIE DREI ADELIGEN TÖCHTER;VIERTER LAKAI;1
DIE DREI ADELIGEN TÖCHTER;NOTAR;1
DIE DREI ADELIGEN TÖCHTER;MARCHANDE DE MODES;1
DIE DREI ADELIGEN TÖCHTER;DER TIERHÄNDLER;1
VIERTER LAKAI;ZWEITER LAKAI;1
VIERTER LAKAI;OCTAVIAN;1
VIERTER LAKAI;NOTAR;1
VIERTER LAKAI;MARCHANDE DE MODES;1
VIERTER LAKAI;DER TIERHÄNDLER;1
HERR VON FANINAL;STIMMEN VON AUSSEN;1
HERR VON FANINAL;DIE KINDER;1
HERR VON FANINAL;DIE KÖPFE;1
HERR VON FANINAL;OCTAVIAN;2
DER TIERHÄNDLER;NOTAR;1
DER TIERHÄNDLER;ZWEITER LAKAI;1
DER TIERHÄNDLER;MARCHANDE DE MODES;1
DER TIERHÄNDLER;OCTAVIAN;1
NOTAR;ZWEITER LAKAI;1
NOTAR;OCTAVIAN;1
NOTAR;MARCHANDE DE MODES;1
ZWEITER LAKAI;OCTAVIAN;1
ZWEITER LAKAI;MARCHANDE DE MODES;1
MARCHANDE DE MODES;OCTAVIAN;1
STIMMEN VON AUSSEN;OCTAVIAN;1
STIMMEN VON AUSSEN;DIE KINDER;1
STIMMEN VON AUSSEN;DIE KÖPFE;1
DIE KÖPFE;OCTAVIAN;1
DIE KÖPFE;DIE KINDER;1
OCTAVIAN;DIE KINDER;1
