DAS VOLK;DER SKLAVE;1
DAS VOLK;LEANDER;1
DAS VOLK;PRIESTER;1
DAS VOLK;JANTHE;1
DAS VOLK;MUTTER;1
DAS VOLK;VATER;1
DAS VOLK;TEMPELHÜTER;1
DAS VOLK;NAUKLEROS;1
DAS VOLK;HERO;1
LEANDER;DER SKLAVE;1
LEANDER;PRIESTER;4
LEANDER;JANTHE;4
LEANDER;MUTTER;1
LEANDER;VATER;1
LEANDER;TEMPELHÜTER;3
LEANDER;NAUKLEROS;3
LEANDER;HERO;4
PRIESTER;TEMPELHÜTER;4
PRIESTER;JANTHE;5
PRIESTER;MUTTER;1
PRIESTER;VATER;1
PRIESTER;DER SKLAVE;1
PRIESTER;NAUKLEROS;4
PRIESTER;HERO;5
JANTHE;TEMPELHÜTER;4
JANTHE;MUTTER;1
JANTHE;VATER;1
JANTHE;DER SKLAVE;1
JANTHE;NAUKLEROS;4
JANTHE;HERO;5
MUTTER;VATER;1
MUTTER;TEMPELHÜTER;1
MUTTER;DER SKLAVE;1
MUTTER;NAUKLEROS;1
MUTTER;HERO;1
VATER;TEMPELHÜTER;1
VATER;DER SKLAVE;1
VATER;NAUKLEROS;1
VATER;HERO;1
TEMPELHÜTER;DER SKLAVE;1
TEMPELHÜTER;NAUKLEROS;3
TEMPELHÜTER;HERO;4
DER SKLAVE;NAUKLEROS;1
DER SKLAVE;HERO;1
NAUKLEROS;HERO;4
