rank_name,degree_rank,closeness_rank,betweenness_rank,strength_rank,eigenvector_centrality_rank,frequency_rank,speech_acts_rank,words_rank
degree_rank,,,,,,,,
closeness_rank,,,,,,,,
betweenness_rank,,,,,,,,
strength_rank,,,,,0.9899494936611665,1.0,0.828302688169126,0.828302688169126
eigenvector_centrality_rank,,,,0.9899494936611665,,0.9899494936611665,0.8009085749662975,0.8199778267512093
frequency_rank,,,,1.0,0.9899494936611665,,0.828302688169126,0.828302688169126
speech_acts_rank,,,,0.828302688169126,0.8009085749662975,0.828302688169126,,0.9878787878787879
words_rank,,,,0.828302688169126,0.8199778267512093,0.828302688169126,0.9878787878787879,
