DIE LEICHENTRÄGER;ERSTER LEICHENTRÄGER;1
DIE LEICHENTRÄGER;ZWEITER LEICHENTRÄGER;1
DIE LEICHENTRÄGER;FAUST;1
DIE LEICHENTRÄGER;DIETHER;1
DRITTER STUDENT;STUDENTEN;1
DRITTER STUDENT;ERSTER STUDENT;1
DRITTER STUDENT;WAGNER;1
DRITTER STUDENT;STUDENTENCHOR;1
DRITTER STUDENT;FAUST;1
DRITTER STUDENT;DER FREMDE;1
DRITTER STUDENT;ZWEITER STUDENT;1
STUDENTENCHOR;STUDENTEN;1
STUDENTENCHOR;ERSTER STUDENT;1
STUDENTENCHOR;WAGNER;1
STUDENTENCHOR;FAUST;1
STUDENTENCHOR;DER FREMDE;1
STUDENTENCHOR;ZWEITER STUDENT;1
ZWEITER STUDENT;STUDENTEN;1
ZWEITER STUDENT;ERSTER STUDENT;1
ZWEITER STUDENT;WAGNER;1
ZWEITER STUDENT;FAUST;1
ZWEITER STUDENT;DER FREMDE;1
STUDENTEN;ERSTER STUDENT;1
STUDENTEN;WAGNER;1
STUDENTEN;FAUST;1
STUDENTEN;DER FREMDE;1
HELENE;FAUST;4
HELENE;KÄTHE;1
ANFÜHRER;FAUST;1
ANFÜHRER;ERSTER LEICHENTRÄGER;1
ANFÜHRER;DER FREMDE;1
ANFÜHRER;GERICHTSDIENER;1
ERSTE MASKE;STIMME 5.7;1
ERSTE MASKE;ZWEITE MASKE;1
ERSTE MASKE;FAUST;1
ERSTE MASKE;DRITTE MASKE;1
WAGNER;ERSTER STUDENT;1
WAGNER;DIETHER;5
WAGNER;KÄTHE;7
WAGNER;FAUST;7
WAGNER;DER FREMDE;2
ZWEITER LEICHENTRÄGER;ERSTER LEICHENTRÄGER;2
ZWEITER LEICHENTRÄGER;FAUST;2
ZWEITER LEICHENTRÄGER;DIETHER;1
GERICHTSDIENER;DER FREMDE;1
DIETHER;ERSTER LEICHENTRÄGER;1
DIETHER;FAUST;4
DIETHER;KÄTHE;11
ERSTER STUDENT;FAUST;1
ERSTER STUDENT;DER FREMDE;1
CHORALARTIGER GESANG;FAUST;1
DRITTE MASKE;STIMME 5.7;1
DRITTE MASKE;ZWEITE MASKE;1
DRITTE MASKE;FAUST;1
FAUST;KÄTHE;7
FAUST;DUMPFE STIMME;1
FAUST;ZWEITE MASKE;1
FAUST;ERSTER LEICHENTRÄGER;2
FAUST;STIMME 5.7;1
FAUST;DER FREMDE;8
ZWEITE MASKE;STIMME 5.7;1
