ERSTER KNAPPE;BOODSHEIM;1
ERSTER KNAPPE;GÜNTHER;1
STIMME;KÄSPERLE;1
STIMME;GÜNTHER;1
STIMME;GEIST;1
KILIAN;GEIST;1
KILIAN;GÜNTHER;2
BERTHA;JERIEL;1
BERTHA;GÜNTHER;1
BERTHA;MATHILDE;3
RITTER;VEIT;1
RITTER;BODO;1
RITTER;ECKARD;1
RITTER;WALLBERG;1
RITTER;FUST;1
RUDOLPH;KÄSPERLE;1
RUDOLPH;BODO;1
RUDOLPH;ECKHARD;1
RUDOLPH;FUST;1
RUDOLPH;WALLBERG;1
RUDOLPH;GÜNTHER;1
VEIT;WALLFAHRER;1
VEIT;ECKHARD;1
VEIT;BODO;2
VEIT;WALLBERG;2
VEIT;KÄSPERLE;1
VEIT;HANS;2
VEIT;FROWALD;4
VEIT;HANNS VON STAUFFEN;1
VEIT;JERIEL;1
VEIT;FUST;3
VEIT;ECKARD;4
VEIT;GÜNTHER;3
VEIT;MÄRTCHEN;2
ECKHARD;BODO;3
ECKHARD;ECKARD;1
ECKHARD;KÄSPERLE;2
ECKHARD;HANS;1
ECKHARD;FROWALD;1
ECKHARD;HANNS VON STAUFFEN;1
ECKHARD;OTTO;1
ECKHARD;FUST;3
ECKHARD;WALLBERG;3
ECKHARD;GÜNTHER;2
MATHILDE;HANNS VON STAUFFEN;1
MATHILDE;HANS;3
MATHILDE;GEIST;1
MATHILDE;OTTO;2
MATHILDE;JERIEL;2
MATHILDE;BERTHOLD;1
MATHILDE;GÜNTHER;2
RITTER HANS;GÜNTHER;1
FROWALD;WALLFAHRER;1
FROWALD;BODO;1
FROWALD;KÄSPERLE;3
FROWALD;HANS;2
FROWALD;MÄRTCHEN;1
FROWALD;HANNS VON STAUFFEN;1
FROWALD;JERIEL;1
FROWALD;FUST;1
FROWALD;WALLBERG;1
FROWALD;GÜNTHER;4
GREISS;OTTO;1
GREISS;GEIST;1
GREISS;HANNS VON STAUFFEN;1
GREISS;MANN;1
GREISS;BOODSHEIM;1
GREISS;GÜNTHER;1
ECKARD;BODO;4
ECKARD;KÄSPERLE;1
ECKARD;HANNS VON STAUFFEN;1
ECKARD;FUST;5
ECKARD;WALLBERG;4
BERTHOLD;JERIEL;1
BERTHOLD;HANS;1
BERTHOLD;HANNS VON STAUFFEN;2
MÄDCHEN;KÄSPERLE;1
MÄDCHEN;DIE ALTE;1
WALLFAHRER;JERIEL;1
WALLFAHRER;GÜNTHER;2
WALLFAHRER;GEIST;1
BURGVOGT;JERIEL;1
BURGVOGT;OTTO;1
BURGVOGT;HANNS VON STAUFFEN;2
GEIST;MANN;1
GEIST;OTTO;2
GEIST;KÄSPERLE;4
GEIST;HANS;1
GEIST;HANNS VON STAUFFEN;1
GEIST;JERIEL;2
GEIST;BOODSHEIM;1
GEIST;GÜNTHER;8
MANN;OTTO;1
MANN;HANNS VON STAUFFEN;1
MANN;BOODSHEIM;1
MANN;GÜNTHER;2
KNECHT;OTTO;1
KNECHT;HANNS VON STAUFFEN;1
BODO;KÄSPERLE;3
BODO;HANS;1
BODO;HANNS VON STAUFFEN;2
BODO;OTTO;1
BODO;FUST;7
BODO;WALLBERG;7
BODO;GÜNTHER;2
DIE ALTE;KÄSPERLE;1
WALLBERG;KÄSPERLE;3
WALLBERG;HANS;1
WALLBERG;HANNS VON STAUFFEN;2
WALLBERG;OTTO;1
WALLBERG;FUST;7
WALLBERG;GÜNTHER;2
HANNS VON STAUFFEN;WEIB;1
HANNS VON STAUFFEN;KÄSPERLE;1
HANNS VON STAUFFEN;OTTO;5
HANNS VON STAUFFEN;MÄRTCHEN;2
HANNS VON STAUFFEN;HANS;2
HANNS VON STAUFFEN;JERIEL;4
HANNS VON STAUFFEN;FUST;2
HANNS VON STAUFFEN;BOODSHEIM;1
HANNS VON STAUFFEN;GÜNTHER;1
KÄSPERLE;HANS;2
KÄSPERLE;JERIEL;5
KÄSPERLE;FUST;3
KÄSPERLE;GÜNTHER;14
HANS;OTTO;2
HANS;MÄRTCHEN;3
HANS;JERIEL;2
HANS;FUST;1
HANS;GÜNTHER;2
MÄRTCHEN;JERIEL;2
OTTO;WEIB;1
OTTO;JERIEL;1
OTTO;FUST;1
OTTO;BOODSHEIM;1
OTTO;GÜNTHER;2
JERIEL;GÜNTHER;3
FUST;GÜNTHER;2
BOODSHEIM;GÜNTHER;2
