VIERTER RAT;SECHSTER RAT;2
VIERTER RAT;ZWEITER RAT;2
VIERTER RAT;FÜNFTER RAT;2
VIERTER RAT;OKURIRASÛNA;2
VIERTER RAT;MESMEIMÔNIO;1
VIERTER RAT;GRAF ABGRUND;2
VIERTER RAT;ERSTER RAT;2
VIERTER RAT;DRITTER RAT;2
VIERTER RAT;LEKAFOLIRÂM;1
SECHSTER RAT;ZWEITER RAT;4
SECHSTER RAT;FÜNFTER RAT;2
SECHSTER RAT;OKURIRASÛNA;4
SECHSTER RAT;MESMEIMÔNIO;2
SECHSTER RAT;GRAF ABGRUND;4
SECHSTER RAT;ERSTER RAT;4
SECHSTER RAT;DRITTER RAT;2
SECHSTER RAT;LEKAFOLIRÂM;2
ZWEITER RAT;OKURIRASÛNA;4
ZWEITER RAT;FÜNFTER RAT;2
ZWEITER RAT;MESMEIMÔNIO;2
ZWEITER RAT;GRAF ABGRUND;4
ZWEITER RAT;ERSTER RAT;4
ZWEITER RAT;DRITTER RAT;2
ZWEITER RAT;LEKAFOLIRÂM;2
FÜNFTER RAT;OKURIRASÛNA;2
FÜNFTER RAT;MESMEIMÔNIO;1
FÜNFTER RAT;GRAF ABGRUND;2
FÜNFTER RAT;ERSTER RAT;2
FÜNFTER RAT;DRITTER RAT;2
FÜNFTER RAT;LEKAFOLIRÂM;1
OKURIRASÛNA;MESMEIMÔNIO;3
OKURIRASÛNA;LEKAFOLIRÂM;3
OKURIRASÛNA;ERSTER RAT;4
OKURIRASÛNA;DRITTER RAT;2
OKURIRASÛNA;GRAF ABGRUND;5
MESMEIMÔNIO;LEKAFOLIRÂM;3
MESMEIMÔNIO;ERSTER RAT;2
MESMEIMÔNIO;DRITTER RAT;1
MESMEIMÔNIO;GRAF ABGRUND;3
LEKAFOLIRÂM;ERSTER RAT;2
LEKAFOLIRÂM;DRITTER RAT;1
LEKAFOLIRÂM;GRAF ABGRUND;3
ERSTER RAT;DRITTER RAT;2
ERSTER RAT;GRAF ABGRUND;4
DRITTER RAT;GRAF ABGRUND;2
