rank_name,degree_rank,closeness_rank,betweenness_rank,strength_rank,eigenvector_centrality_rank,frequency_rank,speech_acts_rank,words_rank
degree_rank,,,,,,,,
closeness_rank,,,,,,,,
betweenness_rank,,,,,,,,
strength_rank,,,,,0.9967897188423162,1.0,0.9094529355684999,0.8754275592730114
eigenvector_centrality_rank,,,,0.9967897188423162,,0.9967897188423162,0.9127852899866484,0.8788501706079498
frequency_rank,,,,1.0,0.9967897188423162,,0.9094529355684999,0.8754275592730114
speech_acts_rank,,,,0.9094529355684999,0.9127852899866484,0.9094529355684999,,0.8389096502784891
words_rank,,,,0.8754275592730114,0.8788501706079498,0.8754275592730114,0.8389096502784891,
