TRINOBANT;NOVIO;2
TRINOBANT;EINIGE TECTOSAGEN;1
TRINOBANT;ALASTOR;2
TRINOBANT;AMBIVAR;2
TRINOBANT;SAMO;2
TRINOBANT;PARTHENIA;2
TRINOBANT;INGOMAR;2
TRINOBANT;MYRON;1
THEANO;AMYNTAS;1
THEANO;ELPENOR;1
THEANO;ADRAST;1
THEANO;POLYDOR;1
THEANO;HEROLD;1
THEANO;LYKON;1
THEANO;TIMARCH;1
THEANO;ACTÄA;1
THEANO;PARTHENIA;1
INGOMAR;NOVIO;3
INGOMAR;ELPENOR;2
INGOMAR;ADRAST;1
INGOMAR;EINIGE TECTOSAGEN;1
INGOMAR;SAMO;2
INGOMAR;PARTHENIA;4
INGOMAR;AMBIVAR;2
INGOMAR;ALASTOR;3
INGOMAR;TIMARCH;1
INGOMAR;ACTÄA;1
INGOMAR;MYRON;3
ELPENOR;NOVIO;1
ELPENOR;ADRAST;2
ELPENOR;LYKON;1
ELPENOR;PARTHENIA;3
ELPENOR;MYRON;2
ELPENOR;AMYNTAS;1
ELPENOR;HEROLD;1
ELPENOR;POLYDOR;1
ELPENOR;TIMARCH;2
ELPENOR;ACTÄA;2
ELPENOR;ALASTOR;1
HEROLD;AMYNTAS;1
HEROLD;POLYDOR;1
HEROLD;ADRAST;1
HEROLD;LYKON;1
HEROLD;TIMARCH;1
HEROLD;ACTÄA;1
HEROLD;PARTHENIA;1
LYKON;AMYNTAS;1
LYKON;POLYDOR;1
LYKON;ADRAST;1
LYKON;TIMARCH;1
LYKON;ACTÄA;1
LYKON;PARTHENIA;1
EINIGE TECTOSAGEN;PARTHENIA;1
EINIGE TECTOSAGEN;ALASTOR;1
EINIGE TECTOSAGEN;AMBIVAR;1
EINIGE TECTOSAGEN;NOVIO;1
EINIGE TECTOSAGEN;SAMO;1
EINIGE TECTOSAGEN;MYRON;1
AMBIVAR;SAMO;2
AMBIVAR;PARTHENIA;2
AMBIVAR;ALASTOR;2
AMBIVAR;NOVIO;2
AMBIVAR;MYRON;1
SAMO;PARTHENIA;2
SAMO;ALASTOR;2
SAMO;NOVIO;2
SAMO;MYRON;1
PARTHENIA;POLYDOR;1
PARTHENIA;MYRON;3
PARTHENIA;AMYNTAS;1
PARTHENIA;ADRAST;2
PARTHENIA;NOVIO;3
PARTHENIA;TIMARCH;2
PARTHENIA;ACTÄA;2
PARTHENIA;ALASTOR;3
AMYNTAS;POLYDOR;1
AMYNTAS;ADRAST;1
AMYNTAS;TIMARCH;1
AMYNTAS;ACTÄA;1
ADRAST;MYRON;1
ADRAST;POLYDOR;1
ADRAST;TIMARCH;1
ADRAST;ACTÄA;1
POLYDOR;TIMARCH;1
POLYDOR;ACTÄA;1
NOVIO;ALASTOR;3
NOVIO;TIMARCH;1
NOVIO;ACTÄA;1
NOVIO;MYRON;2
TIMARCH;MYRON;1
TIMARCH;ACTÄA;2
TIMARCH;ALASTOR;1
ACTÄA;MYRON;1
ACTÄA;ALASTOR;1
ALASTOR;MYRON;2
