DIE MASKEN;HAROLD;1
DIE MASKEN;TRAUTE;1
DIE MASKEN;HANS RUDORFF;1
TIEDEMANN;GLAHN;1
TIEDEMANN;MORITZ DIESTERBEG;1
TIEDEMANN;MEITZEN;1
TIEDEMANN;VON GROBITZSCH;1
TIEDEMANN;BENNO VON KLEWITZ;1
TIEDEMANN;VON MARSCHALL;1
TIEDEMANN;PETER VON RAMBERG;1
TIEDEMANN;PAUL VON RAMBERG;1
TIEDEMANN;EINE ORDONNANZ;1
GLAHN;FRITZ VON DER LEYEN;1
GLAHN;MORITZ DIESTERBEG;6
GLAHN;VON MARSCHALL;4
GLAHN;VON GROBITZSCH;4
GLAHN;HAROLD;1
GLAHN;MEITZEN;2
GLAHN;HANS RUDORFF;2
GLAHN;EINE ORDONNANZ;2
GLAHN;BENNO VON KLEWITZ;6
GLAHN;PAUL VON RAMBERG;6
GLAHN;PETER VON RAMBERG;6
TRAUTE;VON GROBITZSCH;1
TRAUTE;HEINRICH;2
TRAUTE;HANS RUDORFF;8
TRAUTE;HAROLD;2
VON MARSCHALL;MORITZ DIESTERBEG;5
VON MARSCHALL;PAUL VON RAMBERG;4
VON MARSCHALL;VON GROBITZSCH;4
VON MARSCHALL;HEINRICH;1
VON MARSCHALL;DIE FÄHNRICHE UND FAHNENJUNKER;1
VON MARSCHALL;VERSCHIEDENE;1
VON MARSCHALL;HAROLD;2
VON MARSCHALL;MEITZEN;2
VON MARSCHALL;HANS RUDORFF;2
VON MARSCHALL;DER RANGÄLTESTE HAUPTMANN;1
VON MARSCHALL;BENNO VON KLEWITZ;4
VON MARSCHALL;EINE ORDONNANZ;2
VON MARSCHALL;SCHMITZ;1
VON MARSCHALL;PETER VON RAMBERG;4
VON MARSCHALL;HORNIST;1
VON GROBITZSCH;FRITZ VON DER LEYEN;1
VON GROBITZSCH;VERSCHIEDENE;1
VON GROBITZSCH;DIE FÄHNRICHE UND FAHNENJUNKER;1
VON GROBITZSCH;HAROLD;1
VON GROBITZSCH;MORITZ DIESTERBEG;4
VON GROBITZSCH;MEITZEN;2
VON GROBITZSCH;HANS RUDORFF;2
VON GROBITZSCH;EINE ORDONNANZ;2
VON GROBITZSCH;BENNO VON KLEWITZ;3
VON GROBITZSCH;DER RANGÄLTESTE HAUPTMANN;1
VON GROBITZSCH;PETER VON RAMBERG;3
VON GROBITZSCH;PAUL VON RAMBERG;3
HEINRICH;HORNIST;1
HEINRICH;HAROLD;5
HEINRICH;MORITZ DIESTERBEG;1
HEINRICH;HANS RUDORFF;7
HEINRICH;BENNO VON KLEWITZ;1
HEINRICH;EINE ORDONNANZ;1
HEINRICH;SCHMITZ;1
HEINRICH;PETER VON RAMBERG;2
HEINRICH;PAUL VON RAMBERG;2
HEINRICH;JOSEPH WACHOWIOCK;2
DIE ORDONNANZ;HAROLD;1
DIE ORDONNANZ;MORITZ DIESTERBEG;1
DIE ORDONNANZ;MEITZEN;1
DIE ORDONNANZ;HANS RUDORFF;1
DIE ORDONNANZ;EINE ORDONNANZ;1
DIE ORDONNANZ;KOMMANDOSTIMME;1
DIE ORDONNANZ;PETER VON RAMBERG;1
DIE ORDONNANZ;PAUL VON RAMBERG;1
MEITZEN;MORITZ DIESTERBEG;3
MEITZEN;PAUL VON RAMBERG;3
MEITZEN;HAROLD;2
MEITZEN;HANS RUDORFF;2
MEITZEN;EINE ORDONNANZ;3
MEITZEN;BENNO VON KLEWITZ;2
MEITZEN;PETER VON RAMBERG;3
MEITZEN;KOMMANDOSTIMME;1
KOMMANDOSTIMME;HAROLD;1
KOMMANDOSTIMME;MORITZ DIESTERBEG;1
KOMMANDOSTIMME;PAUL VON RAMBERG;1
KOMMANDOSTIMME;HANS RUDORFF;1
KOMMANDOSTIMME;EINE ORDONNANZ;1
KOMMANDOSTIMME;PETER VON RAMBERG;1
EINE ORDONNANZ;MORITZ DIESTERBEG;3
EINE ORDONNANZ;HAROLD;2
EINE ORDONNANZ;HANS RUDORFF;3
EINE ORDONNANZ;BENNO VON KLEWITZ;2
EINE ORDONNANZ;PETER VON RAMBERG;3
EINE ORDONNANZ;PAUL VON RAMBERG;3
SCHMITZ;HAROLD;1
SCHMITZ;MORITZ DIESTERBEG;2
SCHMITZ;HANS RUDORFF;4
SCHMITZ;BENNO VON KLEWITZ;1
SCHMITZ;PAUL VON RAMBERG;2
SCHMITZ;PETER VON RAMBERG;2
SCHMITZ;HORNIST;1
JOSEPH WACHOWIOCK;HAROLD;1
HAROLD;HORNIST;1
HAROLD;MORITZ DIESTERBEG;4
HAROLD;HANS RUDORFF;8
HAROLD;BENNO VON KLEWITZ;2
HAROLD;PETER VON RAMBERG;5
HAROLD;PAUL VON RAMBERG;5
VERSCHIEDENE;MORITZ DIESTERBEG;1
VERSCHIEDENE;DIE FÄHNRICHE UND FAHNENJUNKER;1
VERSCHIEDENE;DER RANGÄLTESTE HAUPTMANN;1
MORITZ DIESTERBEG;FRITZ VON DER LEYEN;1
MORITZ DIESTERBEG;HORNIST;1
MORITZ DIESTERBEG;DIE FÄHNRICHE UND FAHNENJUNKER;1
MORITZ DIESTERBEG;DER RANGÄLTESTE HAUPTMANN;1
MORITZ DIESTERBEG;BENNO VON KLEWITZ;8
MORITZ DIESTERBEG;PETER VON RAMBERG;9
MORITZ DIESTERBEG;PAUL VON RAMBERG;9
MORITZ DIESTERBEG;HANS RUDORFF;6
PAUL VON RAMBERG;FRITZ VON DER LEYEN;1
PAUL VON RAMBERG;HANS RUDORFF;6
PAUL VON RAMBERG;BENNO VON KLEWITZ;7
PAUL VON RAMBERG;PETER VON RAMBERG;11
PAUL VON RAMBERG;HORNIST;1
DIE FÄHNRICHE UND FAHNENJUNKER;DER RANGÄLTESTE HAUPTMANN;1
FRITZ VON DER LEYEN;BENNO VON KLEWITZ;1
FRITZ VON DER LEYEN;PETER VON RAMBERG;2
HANS RUDORFF;HORNIST;1
HANS RUDORFF;BENNO VON KLEWITZ;4
HANS RUDORFF;PETER VON RAMBERG;6
BENNO VON KLEWITZ;HORNIST;1
BENNO VON KLEWITZ;PETER VON RAMBERG;7
PETER VON RAMBERG;HORNIST;1
