rank_name,degree_rank,closeness_rank,betweenness_rank,strength_rank,eigenvector_centrality_rank,frequency_rank,speech_acts_rank,words_rank
degree_rank,,1.0,,1.0,1.0,,0.0,-0.19926334924652145
closeness_rank,1.0,,,1.0,1.0,,0.0,-0.19926334924652145
betweenness_rank,,,,,,,,
strength_rank,1.0,1.0,,,1.0,,0.0,-0.19926334924652145
eigenvector_centrality_rank,1.0,1.0,,1.0,,,0.0,-0.19926334924652145
frequency_rank,,,,,,,,
speech_acts_rank,0.0,0.0,,0.0,0.0,,,0.6883731090993366
words_rank,-0.19926334924652145,-0.19926334924652145,,-0.19926334924652145,-0.19926334924652145,,0.6883731090993366,
