STIMMEN;ERSTER MANN;1
STIMMEN;IRGENDEINER;1
STIMMEN;DIE ÄLTEREN FRAUEN;1
STIMMEN;ERSTE FRAU;1
STIMMEN;ADMET;1
STIMMEN;ZWEITE FRAU;1
STIMMEN;EIN JUNGER MANN;1
STIMMEN;EINER ODER MEHRERE;1
STIMMEN;JUNGE FRAU;1
STIMMEN;DER KLEINE EUMELOS;1
STIMMEN;EIN ÄLTERER;1
STIMMEN;GESANG DER SKLAVINNEN;1
STIMMEN;ZWEITER MANN;1
STIMMEN;ALTER MANN;1
STIMMEN;EIN SEHR ALTER MANN;1
STIMMEN;SKLAVIN;1
STIMMEN;DER KÖNIG;1
STIMMEN;DRITTER MANN;1
STIMMEN;DRITTE FRAU;1
STIMMEN;DER SKLAVE;1
STIMMEN;MEHRERE;1
STIMMEN;ALKESTIS;1
STIMMEN;HERAKLES;1
STIMMEN;ANDERE;1
STIMMEN;DIE JÜNGEREN FRAUEN;1
STIMMEN;DER ALTE SKLAVE;1
STIMMEN;EIN EDLER;1
STIMMEN;PHERES;1
STIMMEN;EIN JÜNGLING;1
STIMME;DER TOD;1
STIMME;APOLLON;1
DIE ÄLTEREN FRAUEN;IRGENDEINER;1
DIE ÄLTEREN FRAUEN;HERAKLES;1
DIE ÄLTEREN FRAUEN;ERSTE FRAU;1
DIE ÄLTEREN FRAUEN;ADMET;1
DIE ÄLTEREN FRAUEN;ZWEITE FRAU;1
DIE ÄLTEREN FRAUEN;EIN JUNGER MANN;1
DIE ÄLTEREN FRAUEN;EINER ODER MEHRERE;1
DIE ÄLTEREN FRAUEN;JUNGE FRAU;1
DIE ÄLTEREN FRAUEN;DER KLEINE EUMELOS;1
DIE ÄLTEREN FRAUEN;EIN ÄLTERER;1
DIE ÄLTEREN FRAUEN;GESANG DER SKLAVINNEN;1
DIE ÄLTEREN FRAUEN;ZWEITER MANN;1
DIE ÄLTEREN FRAUEN;ALTER MANN;1
DIE ÄLTEREN FRAUEN;EIN SEHR ALTER MANN;1
DIE ÄLTEREN FRAUEN;SKLAVIN;1
DIE ÄLTEREN FRAUEN;DER KÖNIG;1
DIE ÄLTEREN FRAUEN;DRITTER MANN;1
DIE ÄLTEREN FRAUEN;DRITTE FRAU;1
DIE ÄLTEREN FRAUEN;DER SKLAVE;1
DIE ÄLTEREN FRAUEN;MEHRERE;1
DIE ÄLTEREN FRAUEN;ALKESTIS;1
DIE ÄLTEREN FRAUEN;ERSTER MANN;1
DIE ÄLTEREN FRAUEN;ANDERE;1
DIE ÄLTEREN FRAUEN;DIE JÜNGEREN FRAUEN;1
DIE ÄLTEREN FRAUEN;DER ALTE SKLAVE;1
DIE ÄLTEREN FRAUEN;EIN EDLER;1
DIE ÄLTEREN FRAUEN;PHERES;1
DIE ÄLTEREN FRAUEN;EIN JÜNGLING;1
APOLLON;DER TOD;1
ERSTE FRAU;ERSTER MANN;1
ERSTE FRAU;IRGENDEINER;1
ERSTE FRAU;ADMET;1
ERSTE FRAU;ZWEITE FRAU;1
ERSTE FRAU;EIN JUNGER MANN;1
ERSTE FRAU;EINER ODER MEHRERE;1
ERSTE FRAU;JUNGE FRAU;1
ERSTE FRAU;DER KLEINE EUMELOS;1
ERSTE FRAU;EIN ÄLTERER;1
ERSTE FRAU;GESANG DER SKLAVINNEN;1
ERSTE FRAU;ZWEITER MANN;1
ERSTE FRAU;ALTER MANN;1
ERSTE FRAU;EIN SEHR ALTER MANN;1
ERSTE FRAU;SKLAVIN;1
ERSTE FRAU;DER KÖNIG;1
ERSTE FRAU;DRITTER MANN;1
ERSTE FRAU;DRITTE FRAU;1
ERSTE FRAU;DER SKLAVE;1
ERSTE FRAU;MEHRERE;1
ERSTE FRAU;ALKESTIS;1
ERSTE FRAU;HERAKLES;1
ERSTE FRAU;ANDERE;1
ERSTE FRAU;DIE JÜNGEREN FRAUEN;1
ERSTE FRAU;DER ALTE SKLAVE;1
ERSTE FRAU;EIN EDLER;1
ERSTE FRAU;PHERES;1
ERSTE FRAU;EIN JÜNGLING;1
ADMET;ERSTER MANN;1
ADMET;IRGENDEINER;1
ADMET;ZWEITE FRAU;1
ADMET;EIN JUNGER MANN;1
ADMET;EINER ODER MEHRERE;1
ADMET;JUNGE FRAU;1
ADMET;DER KLEINE EUMELOS;1
ADMET;EIN ÄLTERER;1
ADMET;GESANG DER SKLAVINNEN;1
ADMET;ZWEITER MANN;1
ADMET;ALTER MANN;1
ADMET;EIN SEHR ALTER MANN;1
ADMET;SKLAVIN;1
ADMET;DER KÖNIG;1
ADMET;DRITTER MANN;1
ADMET;DRITTE FRAU;1
ADMET;DER SKLAVE;1
ADMET;MEHRERE;1
ADMET;ALKESTIS;1
ADMET;HERAKLES;1
ADMET;ANDERE;1
ADMET;DIE JÜNGEREN FRAUEN;1
ADMET;DER ALTE SKLAVE;1
ADMET;EIN EDLER;1
ADMET;PHERES;1
ADMET;EIN JÜNGLING;1
ZWEITE FRAU;ERSTER MANN;1
ZWEITE FRAU;IRGENDEINER;1
ZWEITE FRAU;EIN JUNGER MANN;1
ZWEITE FRAU;EINER ODER MEHRERE;1
ZWEITE FRAU;JUNGE FRAU;1
ZWEITE FRAU;DER KLEINE EUMELOS;1
ZWEITE FRAU;EIN ÄLTERER;1
ZWEITE FRAU;GESANG DER SKLAVINNEN;1
ZWEITE FRAU;ZWEITER MANN;1
ZWEITE FRAU;ALTER MANN;1
ZWEITE FRAU;EIN SEHR ALTER MANN;1
ZWEITE FRAU;SKLAVIN;1
ZWEITE FRAU;DER KÖNIG;1
ZWEITE FRAU;DRITTER MANN;1
ZWEITE FRAU;DRITTE FRAU;1
ZWEITE FRAU;DER SKLAVE;1
ZWEITE FRAU;MEHRERE;1
ZWEITE FRAU;ALKESTIS;1
ZWEITE FRAU;HERAKLES;1
ZWEITE FRAU;ANDERE;1
ZWEITE FRAU;DIE JÜNGEREN FRAUEN;1
ZWEITE FRAU;DER ALTE SKLAVE;1
ZWEITE FRAU;EIN EDLER;1
ZWEITE FRAU;PHERES;1
ZWEITE FRAU;EIN JÜNGLING;1
EIN JUNGER MANN;ERSTER MANN;1
EIN JUNGER MANN;IRGENDEINER;1
EIN JUNGER MANN;GESANG DER SKLAVINNEN;1
EIN JUNGER MANN;EINER ODER MEHRERE;1
EIN JUNGER MANN;JUNGE FRAU;1
EIN JUNGER MANN;DER KLEINE EUMELOS;1
EIN JUNGER MANN;EIN ÄLTERER;1
EIN JUNGER MANN;ZWEITER MANN;1
EIN JUNGER MANN;ALTER MANN;1
EIN JUNGER MANN;EIN SEHR ALTER MANN;1
EIN JUNGER MANN;SKLAVIN;1
EIN JUNGER MANN;DER KÖNIG;1
EIN JUNGER MANN;DRITTER MANN;1
EIN JUNGER MANN;DRITTE FRAU;1
EIN JUNGER MANN;DER SKLAVE;1
EIN JUNGER MANN;MEHRERE;1
EIN JUNGER MANN;ALKESTIS;1
EIN JUNGER MANN;HERAKLES;1
EIN JUNGER MANN;ANDERE;1
EIN JUNGER MANN;DIE JÜNGEREN FRAUEN;1
EIN JUNGER MANN;DER ALTE SKLAVE;1
EIN JUNGER MANN;EIN EDLER;1
EIN JUNGER MANN;PHERES;1
EIN JUNGER MANN;EIN JÜNGLING;1
EINER ODER MEHRERE;ERSTER MANN;1
EINER ODER MEHRERE;IRGENDEINER;1
EINER ODER MEHRERE;ALTER MANN;1
EINER ODER MEHRERE;JUNGE FRAU;1
EINER ODER MEHRERE;DER KLEINE EUMELOS;1
EINER ODER MEHRERE;EIN ÄLTERER;1
EINER ODER MEHRERE;GESANG DER SKLAVINNEN;1
EINER ODER MEHRERE;ZWEITER MANN;1
EINER ODER MEHRERE;EIN SEHR ALTER MANN;1
EINER ODER MEHRERE;SKLAVIN;1
EINER ODER MEHRERE;DER KÖNIG;1
EINER ODER MEHRERE;DRITTER MANN;1
EINER ODER MEHRERE;DRITTE FRAU;1
EINER ODER MEHRERE;DER SKLAVE;1
EINER ODER MEHRERE;MEHRERE;1
EINER ODER MEHRERE;ALKESTIS;1
EINER ODER MEHRERE;HERAKLES;1
EINER ODER MEHRERE;ANDERE;1
EINER ODER MEHRERE;DIE JÜNGEREN FRAUEN;1
EINER ODER MEHRERE;DER ALTE SKLAVE;1
EINER ODER MEHRERE;EIN EDLER;1
EINER ODER MEHRERE;PHERES;1
EINER ODER MEHRERE;EIN JÜNGLING;1
JUNGE FRAU;ERSTER MANN;1
JUNGE FRAU;IRGENDEINER;1
JUNGE FRAU;DER KLEINE EUMELOS;1
JUNGE FRAU;EIN ÄLTERER;1
JUNGE FRAU;GESANG DER SKLAVINNEN;1
JUNGE FRAU;ZWEITER MANN;1
JUNGE FRAU;ALTER MANN;1
JUNGE FRAU;EIN SEHR ALTER MANN;1
JUNGE FRAU;SKLAVIN;1
JUNGE FRAU;DER KÖNIG;1
JUNGE FRAU;DRITTER MANN;1
JUNGE FRAU;DRITTE FRAU;1
JUNGE FRAU;DER SKLAVE;1
JUNGE FRAU;MEHRERE;1
JUNGE FRAU;ALKESTIS;1
JUNGE FRAU;HERAKLES;1
JUNGE FRAU;ANDERE;1
JUNGE FRAU;DIE JÜNGEREN FRAUEN;1
JUNGE FRAU;DER ALTE SKLAVE;1
JUNGE FRAU;EIN EDLER;1
JUNGE FRAU;PHERES;1
JUNGE FRAU;EIN JÜNGLING;1
DER KLEINE EUMELOS;IRGENDEINER;1
DER KLEINE EUMELOS;EIN ÄLTERER;1
DER KLEINE EUMELOS;GESANG DER SKLAVINNEN;1
DER KLEINE EUMELOS;ZWEITER MANN;1
DER KLEINE EUMELOS;ALTER MANN;1
DER KLEINE EUMELOS;EIN SEHR ALTER MANN;1
DER KLEINE EUMELOS;SKLAVIN;1
DER KLEINE EUMELOS;DER KÖNIG;1
DER KLEINE EUMELOS;DRITTER MANN;1
DER KLEINE EUMELOS;HERAKLES;1
DER KLEINE EUMELOS;DRITTE FRAU;1
DER KLEINE EUMELOS;DER SKLAVE;1
DER KLEINE EUMELOS;MEHRERE;1
DER KLEINE EUMELOS;ALKESTIS;1
DER KLEINE EUMELOS;ERSTER MANN;1
DER KLEINE EUMELOS;ANDERE;1
DER KLEINE EUMELOS;DIE JÜNGEREN FRAUEN;1
DER KLEINE EUMELOS;DER ALTE SKLAVE;1
DER KLEINE EUMELOS;EIN EDLER;1
DER KLEINE EUMELOS;PHERES;1
DER KLEINE EUMELOS;EIN JÜNGLING;1
EIN ÄLTERER;ERSTER MANN;1
EIN ÄLTERER;IRGENDEINER;1
EIN ÄLTERER;GESANG DER SKLAVINNEN;1
EIN ÄLTERER;ZWEITER MANN;1
EIN ÄLTERER;ALTER MANN;1
EIN ÄLTERER;EIN SEHR ALTER MANN;1
EIN ÄLTERER;SKLAVIN;1
EIN ÄLTERER;DER KÖNIG;1
EIN ÄLTERER;DRITTER MANN;1
EIN ÄLTERER;DRITTE FRAU;1
EIN ÄLTERER;DER SKLAVE;1
EIN ÄLTERER;MEHRERE;1
EIN ÄLTERER;ALKESTIS;1
EIN ÄLTERER;HERAKLES;1
EIN ÄLTERER;ANDERE;1
EIN ÄLTERER;DIE JÜNGEREN FRAUEN;1
EIN ÄLTERER;DER ALTE SKLAVE;1
EIN ÄLTERER;EIN EDLER;1
EIN ÄLTERER;PHERES;1
EIN ÄLTERER;EIN JÜNGLING;1
GESANG DER SKLAVINNEN;IRGENDEINER;1
GESANG DER SKLAVINNEN;ZWEITER MANN;1
GESANG DER SKLAVINNEN;ALTER MANN;1
GESANG DER SKLAVINNEN;EIN SEHR ALTER MANN;1
GESANG DER SKLAVINNEN;SKLAVIN;1
GESANG DER SKLAVINNEN;DER KÖNIG;1
GESANG DER SKLAVINNEN;DRITTER MANN;1
GESANG DER SKLAVINNEN;HERAKLES;1
GESANG DER SKLAVINNEN;DRITTE FRAU;1
GESANG DER SKLAVINNEN;DER SKLAVE;1
GESANG DER SKLAVINNEN;MEHRERE;1
GESANG DER SKLAVINNEN;ALKESTIS;1
GESANG DER SKLAVINNEN;ERSTER MANN;1
GESANG DER SKLAVINNEN;ANDERE;1
GESANG DER SKLAVINNEN;DIE JÜNGEREN FRAUEN;1
GESANG DER SKLAVINNEN;DER ALTE SKLAVE;1
GESANG DER SKLAVINNEN;EIN EDLER;1
GESANG DER SKLAVINNEN;PHERES;1
GESANG DER SKLAVINNEN;EIN JÜNGLING;1
ZWEITER MANN;IRGENDEINER;1
ZWEITER MANN;ALTER MANN;1
ZWEITER MANN;EIN SEHR ALTER MANN;1
ZWEITER MANN;SKLAVIN;1
ZWEITER MANN;DER KÖNIG;1
ZWEITER MANN;DRITTER MANN;1
ZWEITER MANN;HERAKLES;1
ZWEITER MANN;DRITTE FRAU;1
ZWEITER MANN;DER SKLAVE;1
ZWEITER MANN;MEHRERE;1
ZWEITER MANN;ALKESTIS;1
ZWEITER MANN;ERSTER MANN;1
ZWEITER MANN;ANDERE;1
ZWEITER MANN;DIE JÜNGEREN FRAUEN;1
ZWEITER MANN;DER ALTE SKLAVE;1
ZWEITER MANN;EIN EDLER;1
ZWEITER MANN;PHERES;1
ZWEITER MANN;EIN JÜNGLING;1
ALTER MANN;IRGENDEINER;1
ALTER MANN;EIN SEHR ALTER MANN;1
ALTER MANN;SKLAVIN;1
ALTER MANN;DER KÖNIG;1
ALTER MANN;DRITTER MANN;1
ALTER MANN;HERAKLES;1
ALTER MANN;DRITTE FRAU;1
ALTER MANN;DER SKLAVE;1
ALTER MANN;MEHRERE;1
ALTER MANN;ALKESTIS;1
ALTER MANN;ERSTER MANN;1
ALTER MANN;ANDERE;1
ALTER MANN;DIE JÜNGEREN FRAUEN;1
ALTER MANN;DER ALTE SKLAVE;1
ALTER MANN;EIN EDLER;1
ALTER MANN;PHERES;1
ALTER MANN;EIN JÜNGLING;1
EIN SEHR ALTER MANN;IRGENDEINER;1
EIN SEHR ALTER MANN;SKLAVIN;1
EIN SEHR ALTER MANN;DER KÖNIG;1
EIN SEHR ALTER MANN;DRITTER MANN;1
EIN SEHR ALTER MANN;HERAKLES;1
EIN SEHR ALTER MANN;DRITTE FRAU;1
EIN SEHR ALTER MANN;DER SKLAVE;1
EIN SEHR ALTER MANN;MEHRERE;1
EIN SEHR ALTER MANN;ALKESTIS;1
EIN SEHR ALTER MANN;ERSTER MANN;1
EIN SEHR ALTER MANN;ANDERE;1
EIN SEHR ALTER MANN;DIE JÜNGEREN FRAUEN;1
EIN SEHR ALTER MANN;DER ALTE SKLAVE;1
EIN SEHR ALTER MANN;EIN EDLER;1
EIN SEHR ALTER MANN;PHERES;1
EIN SEHR ALTER MANN;EIN JÜNGLING;1
SKLAVIN;ERSTER MANN;1
SKLAVIN;IRGENDEINER;1
SKLAVIN;DER KÖNIG;1
SKLAVIN;DRITTER MANN;1
SKLAVIN;DRITTE FRAU;1
SKLAVIN;DER SKLAVE;1
SKLAVIN;MEHRERE;1
SKLAVIN;ALKESTIS;1
SKLAVIN;HERAKLES;1
SKLAVIN;ANDERE;1
SKLAVIN;DIE JÜNGEREN FRAUEN;1
SKLAVIN;DER ALTE SKLAVE;1
SKLAVIN;EIN EDLER;1
SKLAVIN;PHERES;1
SKLAVIN;EIN JÜNGLING;1
DER KÖNIG;IRGENDEINER;1
DER KÖNIG;DRITTER MANN;1
DER KÖNIG;HERAKLES;1
DER KÖNIG;DRITTE FRAU;1
DER KÖNIG;DER SKLAVE;1
DER KÖNIG;MEHRERE;1
DER KÖNIG;ALKESTIS;1
DER KÖNIG;ERSTER MANN;1
DER KÖNIG;ANDERE;1
DER KÖNIG;DIE JÜNGEREN FRAUEN;1
DER KÖNIG;DER ALTE SKLAVE;1
DER KÖNIG;EIN EDLER;1
DER KÖNIG;PHERES;1
DER KÖNIG;EIN JÜNGLING;1
DRITTER MANN;IRGENDEINER;1
DRITTER MANN;HERAKLES;1
DRITTER MANN;DRITTE FRAU;1
DRITTER MANN;DER SKLAVE;1
DRITTER MANN;MEHRERE;1
DRITTER MANN;ALKESTIS;1
DRITTER MANN;ERSTER MANN;1
DRITTER MANN;ANDERE;1
DRITTER MANN;DIE JÜNGEREN FRAUEN;1
DRITTER MANN;DER ALTE SKLAVE;1
DRITTER MANN;EIN EDLER;1
DRITTER MANN;PHERES;1
DRITTER MANN;EIN JÜNGLING;1
IRGENDEINER;ERSTER MANN;1
IRGENDEINER;DRITTE FRAU;1
IRGENDEINER;DER SKLAVE;1
IRGENDEINER;MEHRERE;1
IRGENDEINER;ALKESTIS;1
IRGENDEINER;HERAKLES;1
IRGENDEINER;ANDERE;1
IRGENDEINER;DIE JÜNGEREN FRAUEN;1
IRGENDEINER;DER ALTE SKLAVE;1
IRGENDEINER;EIN EDLER;1
IRGENDEINER;PHERES;1
IRGENDEINER;EIN JÜNGLING;1
HERAKLES;DRITTE FRAU;1
HERAKLES;DER SKLAVE;1
HERAKLES;MEHRERE;1
HERAKLES;ALKESTIS;1
HERAKLES;ERSTER MANN;1
HERAKLES;ANDERE;1
HERAKLES;DIE JÜNGEREN FRAUEN;1
HERAKLES;DER ALTE SKLAVE;1
HERAKLES;EIN EDLER;1
HERAKLES;PHERES;1
HERAKLES;EIN JÜNGLING;1
DRITTE FRAU;DER SKLAVE;1
DRITTE FRAU;MEHRERE;1
DRITTE FRAU;ALKESTIS;1
DRITTE FRAU;ERSTER MANN;1
DRITTE FRAU;ANDERE;1
DRITTE FRAU;DIE JÜNGEREN FRAUEN;1
DRITTE FRAU;DER ALTE SKLAVE;1
DRITTE FRAU;EIN EDLER;1
DRITTE FRAU;PHERES;1
DRITTE FRAU;EIN JÜNGLING;1
DER SKLAVE;MEHRERE;1
DER SKLAVE;ALKESTIS;1
DER SKLAVE;ERSTER MANN;1
DER SKLAVE;ANDERE;1
DER SKLAVE;DIE JÜNGEREN FRAUEN;1
DER SKLAVE;DER ALTE SKLAVE;1
DER SKLAVE;EIN EDLER;1
DER SKLAVE;PHERES;1
DER SKLAVE;EIN JÜNGLING;1
MEHRERE;ALKESTIS;1
MEHRERE;ERSTER MANN;1
MEHRERE;ANDERE;1
MEHRERE;DIE JÜNGEREN FRAUEN;1
MEHRERE;DER ALTE SKLAVE;1
MEHRERE;EIN EDLER;1
MEHRERE;PHERES;1
MEHRERE;EIN JÜNGLING;1
ALKESTIS;ERSTER MANN;1
ALKESTIS;ANDERE;1
ALKESTIS;DIE JÜNGEREN FRAUEN;1
ALKESTIS;DER ALTE SKLAVE;1
ALKESTIS;EIN EDLER;1
ALKESTIS;PHERES;1
ALKESTIS;EIN JÜNGLING;1
ERSTER MANN;ANDERE;1
ERSTER MANN;DIE JÜNGEREN FRAUEN;1
ERSTER MANN;DER ALTE SKLAVE;1
ERSTER MANN;EIN EDLER;1
ERSTER MANN;PHERES;1
ERSTER MANN;EIN JÜNGLING;1
ANDERE;DIE JÜNGEREN FRAUEN;1
ANDERE;DER ALTE SKLAVE;1
ANDERE;EIN EDLER;1
ANDERE;PHERES;1
ANDERE;EIN JÜNGLING;1
DIE JÜNGEREN FRAUEN;DER ALTE SKLAVE;1
DIE JÜNGEREN FRAUEN;EIN EDLER;1
DIE JÜNGEREN FRAUEN;PHERES;1
DIE JÜNGEREN FRAUEN;EIN JÜNGLING;1
DER ALTE SKLAVE;EIN EDLER;1
DER ALTE SKLAVE;PHERES;1
DER ALTE SKLAVE;EIN JÜNGLING;1
EIN EDLER;PHERES;1
EIN EDLER;EIN JÜNGLING;1
PHERES;EIN JÜNGLING;1
