ZADI;LINDA;2
ZADI;QUECKSILBER;3
MATROSEN;ERSTER MATROSE;1
MATROSEN;QUECKSILBER;1
ERSTER HUSAR;QUECKSILBER;2
ERSTER HUSAR;ZORAIDE;1
ERSTER HUSAR;TUTU;1
HASSAR;LINDA;4
HASSAR;TUTU;7
HASSAR;SKLAVE;1
HASSAR;QUECKSILBERS DIENER;1
HASSAR;EINE WACHE;1
HASSAR;QUECKSILBER;5
HASSAR;ZORAIDE;9
HASSAR;VOLK;1
STIMME DES HORNES;STIMME DER SCHÄRPE;1
STIMME DES HORNES;DIE GENIEN;1
STIMME DES HORNES;STIMME DES STABES;1
STIMME DES HORNES;LIDI;1
STIMME DES HORNES;QUECKSILBER;1
LINDA;CHOR;1
LINDA;QUECKSILBER;7
LINDA;ZORAIDE;4
LINDA;TUTU;3
ANFÜHRER;QUECKSILBER;1
LIDI;ALLE NYMPHEN;1
LIDI;DIE GENIEN;1
LIDI;STIMME DER SCHÄRPE;1
LIDI;STIMME DES STABES;1
LIDI;QUECKSILBER;1
LIDI;FEE;1
BEDIENTE;VOLK;1
STIMME DES STABES;STIMME DER SCHÄRPE;1
STIMME DES STABES;QUECKSILBER;1
STIMME DES STABES;DIE GENIEN;1
TUTU;SKLAVE;1
TUTU;LEIBARZT;1
TUTU;QUECKSILBERS DIENER;1
TUTU;QUECKSILBER;4
TUTU;ZORAIDE;12
TUTU;VOLK;1
CHOR;QUECKSILBER;1
FEE;ALLE NYMPHEN;1
DIE GENIEN;STIMME DER SCHÄRPE;1
DIE GENIEN;QUECKSILBER;1
DIE AMAZONEN;QUECKSILBER;1
DIE AMAZONEN;ZORAIDE;1
QUECKSILBERS DIENER;VOLK;1
QUECKSILBERS DIENER;ZORAIDE;1
QUECKSILBER;EINE WACHE;2
QUECKSILBER;ZORAIDE;8
QUECKSILBER;STIMME DER SCHÄRPE;1
QUECKSILBER;ERSTER MATROSE;1
ZORAIDE;SKLAVE;1
ZORAIDE;EINE WACHE;1
ZORAIDE;LEIBARZT;1
ZORAIDE;VOLK;1
