KLOPF;WIRT;1
KLOPF;FRAU KLOPFIN;2
KLOPF;SEEWALD;2
KLOPF;MASSENGOLD;2
KLOPF;MEHRERE ANWESENDE;1
KLOPF;NETTI;1
KLOPF;DIE BÜRGERSLEUTE;2
KLOPF;KELLNER;1
KLOPF;ALTHOF;2
KLOPF;FLACHS;5
KLOPF;PACKENDORF;2
KLOPF;PUFFMANN;2
KLOPF;KLARA;3
KLOPF;SCHMALZER;5
KLOPF;FRAU SCHMALZERIN;4
KLOPF;FRAU KÜBLERIN;4
KLOPF;THOMAS;2
KLOPF;MEHRERE FRAUEN;1
KLOPF;EINIGE MÄNNER;1
KLOPF;SPRING;2
KLOPF;SUSI;2
KLOPF;KÜBLER;5
KLOPF;OTTILIE;2
KLOPF;LOCKERFELD;2
KLOPF;PETER;3
KLOPF;FRAU FLACHSIN;4
KLOPF;LEICHT;2
KLOPF;BIEGEL;2
SPRING;KLARA;1
SPRING;SCHMALZER;2
SPRING;FRAU SCHMALZERIN;2
SPRING;FRAU KÜBLERIN;2
SPRING;THOMAS;1
SPRING;MEHRERE FRAUEN;1
SPRING;KELLNER;1
SPRING;LEICHT;2
SPRING;EINIGE MÄNNER;1
SPRING;FRAU KLOPFIN;2
SPRING;MEHRERE ANWESENDE;1
SPRING;KÜBLER;2
SPRING;NETTI;1
SPRING;PETER;1
SPRING;FRAU FLACHSIN;2
SPRING;SUSI;2
SPRING;FLACHS;2
SPRING;BIEGEL;2
LEICHT;KLARA;1
LEICHT;KELLNER;1
LEICHT;FRAU SCHMALZERIN;2
LEICHT;FRAU KÜBLERIN;2
LEICHT;THOMAS;1
LEICHT;MEHRERE FRAUEN;1
LEICHT;SUSI;2
LEICHT;EINIGE MÄNNER;1
LEICHT;FRAU KLOPFIN;2
LEICHT;MEHRERE ANWESENDE;1
LEICHT;KÜBLER;2
LEICHT;NETTI;1
LEICHT;PETER;1
LEICHT;FRAU FLACHSIN;2
LEICHT;SCHMALZER;2
LEICHT;FLACHS;2
LEICHT;BIEGEL;2
SEEWALD;KLARA;2
SEEWALD;SCHMALZER;2
SEEWALD;FRAU SCHMALZERIN;2
SEEWALD;FRAU KÜBLERIN;2
SEEWALD;THOMAS;1
SEEWALD;HANSI;2
SEEWALD;TUPPER;1
SEEWALD;PACKENDORF;5
SEEWALD;DIE BÜRGERSLEUTE;2
SEEWALD;KÜBLER;2
SEEWALD;MASSENGOLD;4
SEEWALD;LOCKERFELD;4
SEEWALD;PETER;4
SEEWALD;FRAU FLACHSIN;2
SEEWALD;ALTHOF;5
SEEWALD;OTTILIE;2
SEEWALD;FLACHS;2
SEEWALD;PUFFMANN;4
DIE BÜRGERSLEUTE;KLARA;2
DIE BÜRGERSLEUTE;SCHMALZER;2
DIE BÜRGERSLEUTE;FRAU SCHMALZERIN;2
DIE BÜRGERSLEUTE;FRAU KÜBLERIN;2
DIE BÜRGERSLEUTE;THOMAS;1
DIE BÜRGERSLEUTE;PACKENDORF;2
DIE BÜRGERSLEUTE;MASSENGOLD;2
DIE BÜRGERSLEUTE;KÜBLER;2
DIE BÜRGERSLEUTE;OTTILIE;2
DIE BÜRGERSLEUTE;LOCKERFELD;2
DIE BÜRGERSLEUTE;PETER;2
DIE BÜRGERSLEUTE;FRAU FLACHSIN;2
DIE BÜRGERSLEUTE;ALTHOF;2
DIE BÜRGERSLEUTE;FLACHS;2
DIE BÜRGERSLEUTE;PUFFMANN;2
MASSENGOLD;KLARA;2
MASSENGOLD;SCHMALZER;2
MASSENGOLD;FRAU SCHMALZERIN;2
MASSENGOLD;FRAU KÜBLERIN;2
MASSENGOLD;THOMAS;1
MASSENGOLD;PACKENDORF;5
MASSENGOLD;KÜBLER;3
MASSENGOLD;OTTILIE;3
MASSENGOLD;LOCKERFELD;4
MASSENGOLD;PETER;2
MASSENGOLD;FRAU FLACHSIN;2
MASSENGOLD;TUPPER;1
MASSENGOLD;ALTHOF;4
MASSENGOLD;FLACHS;2
MASSENGOLD;PUFFMANN;5
VON GRÖNING;HERMINE;1
VON GRÖNING;PUFFMANN;2
NETTI;KLARA;1
NETTI;KELLNER;1
NETTI;FRAU SCHMALZERIN;1
NETTI;FRAU KÜBLERIN;1
NETTI;THOMAS;1
NETTI;MEHRERE FRAUEN;1
NETTI;EINIGE MÄNNER;1
NETTI;FRAU KLOPFIN;1
NETTI;MEHRERE ANWESENDE;1
NETTI;KÜBLER;1
NETTI;PETER;1
NETTI;FRAU FLACHSIN;1
NETTI;SUSI;1
NETTI;SCHMALZER;1
NETTI;BIEGEL;1
NETTI;FLACHS;1
FRAU KÜBLERIN;KELLNER;1
FRAU KÜBLERIN;ALTHOF;2
FRAU KÜBLERIN;FLACHS;4
FRAU KÜBLERIN;PACKENDORF;2
FRAU KÜBLERIN;PUFFMANN;2
FRAU KÜBLERIN;KLARA;3
FRAU KÜBLERIN;SCHMALZER;5
FRAU KÜBLERIN;FRAU SCHMALZERIN;5
FRAU KÜBLERIN;THOMAS;2
FRAU KÜBLERIN;MEHRERE FRAUEN;1
FRAU KÜBLERIN;HANSI;1
FRAU KÜBLERIN;SUSI;2
FRAU KÜBLERIN;EINIGE MÄNNER;1
FRAU KÜBLERIN;FRAU KLOPFIN;2
FRAU KÜBLERIN;KÜBLER;7
FRAU KÜBLERIN;OTTILIE;2
FRAU KÜBLERIN;LOCKERFELD;2
FRAU KÜBLERIN;MEHRERE ANWESENDE;1
FRAU KÜBLERIN;PETER;3
FRAU KÜBLERIN;FRAU FLACHSIN;6
FRAU KÜBLERIN;BIEGEL;2
FRAU KÜBLERIN;FRAU HUSSBERGERIN;3
MEHRERE ANWESENDE;KLARA;1
MEHRERE ANWESENDE;KELLNER;1
MEHRERE ANWESENDE;FRAU SCHMALZERIN;1
MEHRERE ANWESENDE;THOMAS;1
MEHRERE ANWESENDE;MEHRERE FRAUEN;1
MEHRERE ANWESENDE;EINIGE MÄNNER;1
MEHRERE ANWESENDE;FRAU KLOPFIN;1
MEHRERE ANWESENDE;KÜBLER;1
MEHRERE ANWESENDE;PETER;1
MEHRERE ANWESENDE;FRAU FLACHSIN;1
MEHRERE ANWESENDE;SUSI;1
MEHRERE ANWESENDE;SCHMALZER;1
MEHRERE ANWESENDE;BIEGEL;1
MEHRERE ANWESENDE;FLACHS;1
HEINRICH;FRIEDRICH;1
HEINRICH;FRANZ;1
FLACHS;SUSI;2
FLACHS;KELLNER;1
FLACHS;ALTHOF;2
FLACHS;PACKENDORF;2
FLACHS;PUFFMANN;2
FLACHS;KLARA;3
FLACHS;SCHMALZER;5
FLACHS;FRAU SCHMALZERIN;4
FLACHS;THOMAS;2
FLACHS;MEHRERE FRAUEN;1
FLACHS;EINIGE MÄNNER;1
FLACHS;WIRT;1
FLACHS;FRAU KLOPFIN;2
FLACHS;KÜBLER;5
FLACHS;OTTILIE;2
FLACHS;LOCKERFELD;2
FLACHS;PETER;3
FLACHS;FRAU FLACHSIN;4
FLACHS;BIEGEL;2
FRIEDRICH;TUPPER;1
FRIEDRICH;FRANZ;2
FRIEDRICH;PUFFMANN;1
ALTHOF;KLARA;2
ALTHOF;SCHMALZER;2
ALTHOF;FRAU SCHMALZERIN;2
ALTHOF;THOMAS;1
ALTHOF;HANSI;2
ALTHOF;PACKENDORF;7
ALTHOF;KÜBLER;2
ALTHOF;LOCKERFELD;4
ALTHOF;PETER;4
ALTHOF;FRAU FLACHSIN;2
ALTHOF;TUPPER;1
ALTHOF;OTTILIE;2
ALTHOF;PUFFMANN;4
PACKENDORF;KLARA;2
PACKENDORF;SCHMALZER;2
PACKENDORF;FRAU SCHMALZERIN;2
PACKENDORF;THOMAS;1
PACKENDORF;HANSI;2
PACKENDORF;TUPPER;2
PACKENDORF;KÜBLER;2
PACKENDORF;LOCKERFELD;5
PACKENDORF;RUMPF;1
PACKENDORF;PETER;5
PACKENDORF;FRAU FLACHSIN;2
PACKENDORF;OTTILIE;2
PACKENDORF;PUFFMANN;6
PUFFMANN;FRANZ;1
PUFFMANN;KLARA;3
PUFFMANN;SCHMALZER;2
PUFFMANN;FRAU SCHMALZERIN;2
PUFFMANN;THOMAS;5
PUFFMANN;HANSI;4
PUFFMANN;TUPPER;4
PUFFMANN;KÜBLER;3
PUFFMANN;OTTILIE;5
PUFFMANN;LOCKERFELD;5
PUFFMANN;PETER;7
PUFFMANN;FRAU FLACHSIN;2
PUFFMANN;HERMINE;1
KLARA;KELLNER;1
KLARA;SCHMALZER;3
KLARA;FRAU SCHMALZERIN;3
KLARA;THOMAS;3
KLARA;MEHRERE FRAUEN;1
KLARA;SUSI;1
KLARA;EINIGE MÄNNER;1
KLARA;FRAU KLOPFIN;1
KLARA;KÜBLER;3
KLARA;OTTILIE;2
KLARA;LOCKERFELD;2
KLARA;PETER;8
KLARA;FRAU FLACHSIN;3
KLARA;BIEGEL;1
SCHMALZER;KELLNER;1
SCHMALZER;FRAU SCHMALZERIN;5
SCHMALZER;THOMAS;2
SCHMALZER;MEHRERE FRAUEN;1
SCHMALZER;HANSI;1
SCHMALZER;SUSI;2
SCHMALZER;EINIGE MÄNNER;1
SCHMALZER;WIRT;1
SCHMALZER;FRAU KLOPFIN;2
SCHMALZER;KÜBLER;6
SCHMALZER;OTTILIE;2
SCHMALZER;LOCKERFELD;2
SCHMALZER;PETER;3
SCHMALZER;FRAU FLACHSIN;5
SCHMALZER;BIEGEL;2
SCHMALZER;FRAU HUSSBERGERIN;1
FRAU SCHMALZERIN;KELLNER;1
FRAU SCHMALZERIN;THOMAS;2
FRAU SCHMALZERIN;MEHRERE FRAUEN;1
FRAU SCHMALZERIN;HANSI;1
FRAU SCHMALZERIN;SUSI;2
FRAU SCHMALZERIN;EINIGE MÄNNER;1
FRAU SCHMALZERIN;FRAU KLOPFIN;2
FRAU SCHMALZERIN;KÜBLER;6
FRAU SCHMALZERIN;OTTILIE;2
FRAU SCHMALZERIN;LOCKERFELD;2
FRAU SCHMALZERIN;PETER;3
FRAU SCHMALZERIN;FRAU FLACHSIN;5
FRAU SCHMALZERIN;BIEGEL;2
FRAU SCHMALZERIN;FRAU HUSSBERGERIN;2
FRANZ;RUMPF;1
FRANZ;TUPPER;1
THOMAS;KELLNER;1
THOMAS;MEHRERE FRAUEN;1
THOMAS;SUSI;1
THOMAS;EINIGE MÄNNER;1
THOMAS;FRAU KLOPFIN;1
THOMAS;KÜBLER;3
THOMAS;OTTILIE;1
THOMAS;LOCKERFELD;1
THOMAS;PETER;5
THOMAS;FRAU FLACHSIN;2
THOMAS;BIEGEL;1
MEHRERE FRAUEN;EINIGE MÄNNER;1
MEHRERE FRAUEN;FRAU KLOPFIN;1
MEHRERE FRAUEN;KÜBLER;1
MEHRERE FRAUEN;PETER;1
MEHRERE FRAUEN;FRAU FLACHSIN;1
MEHRERE FRAUEN;SUSI;1
MEHRERE FRAUEN;KELLNER;1
MEHRERE FRAUEN;BIEGEL;1
HANSI;FRAU HUSSBERGERIN;3
HANSI;KÜBLER;1
HANSI;LOCKERFELD;2
HANSI;PETER;11
HANSI;FRAU FLACHSIN;1
SUSI;EINIGE MÄNNER;1
SUSI;FRAU KLOPFIN;2
SUSI;KÜBLER;2
SUSI;PETER;1
SUSI;FRAU FLACHSIN;2
SUSI;KELLNER;1
SUSI;BIEGEL;2
TUPPER;RUMPF;2
TUPPER;LOCKERFELD;1
TUPPER;PETER;1
EINIGE MÄNNER;KELLNER;1
EINIGE MÄNNER;FRAU KLOPFIN;1
EINIGE MÄNNER;KÜBLER;1
EINIGE MÄNNER;PETER;1
EINIGE MÄNNER;FRAU FLACHSIN;1
EINIGE MÄNNER;BIEGEL;1
WIRT;KÜBLER;1
FRAU KLOPFIN;KÜBLER;2
FRAU KLOPFIN;PETER;1
FRAU KLOPFIN;FRAU FLACHSIN;2
FRAU KLOPFIN;KELLNER;1
FRAU KLOPFIN;BIEGEL;2
KÜBLER;KELLNER;1
KÜBLER;OTTILIE;3
KÜBLER;LOCKERFELD;2
KÜBLER;PETER;3
KÜBLER;FRAU FLACHSIN;6
KÜBLER;BIEGEL;2
KÜBLER;FRAU HUSSBERGERIN;4
OTTILIE;LOCKERFELD;2
OTTILIE;PETER;2
OTTILIE;FRAU FLACHSIN;2
LOCKERFELD;PETER;4
LOCKERFELD;FRAU FLACHSIN;2
RUMPF;PETER;2
PETER;KELLNER;1
PETER;FRAU FLACHSIN;3
PETER;BIEGEL;1
PETER;FRAU HUSSBERGERIN;1
FRAU FLACHSIN;KELLNER;1
FRAU FLACHSIN;BIEGEL;2
FRAU FLACHSIN;FRAU HUSSBERGERIN;3
KELLNER;BIEGEL;1
