LEONARD;FRIEDMANN;2
LEONARD;MARIE;1
LEONARD;VICTOR;4
LEONARD;KNOLL;1
LEONARD;ADELE;4
LEONARD;FLITT;2
LEONARD;SCHLENDER;3
LEONARD;FLEDER;3
LEONARD;FLORA;3
KNOLL;FLITT;3
KNOLL;SCHLENDER;2
KNOLL;VICTOR;1
KNOLL;ADELE;1
MARIE;FRIEDMANN;1
MARIE;FLORA;2
MARIE;VICTOR;1
MARIE;ADELE;1
MARIE;FLITT;1
MARIE;SCHLENDER;1
MARIE;FLEDER;1
FLORA;VICTOR;4
FLORA;FRIEDMANN;3
FLORA;FLITT;2
FLORA;SCHLENDER;3
FLORA;FLEDER;4
FLORA;ADELE;4
VICTOR;FRIEDMANN;3
VICTOR;FLITT;3
VICTOR;SCHLENDER;3
VICTOR;FLEDER;4
VICTOR;ADELE;5
FRIEDMANN;ADELE;3
FRIEDMANN;FLITT;2
FRIEDMANN;SCHLENDER;2
FRIEDMANN;FLEDER;3
FLITT;ADELE;3
FLITT;SCHLENDER;4
FLITT;FLEDER;2
SCHLENDER;FLEDER;3
SCHLENDER;ADELE;3
BOTE;FLEDER;1
FLEDER;ADELE;4
