ÖBSTLERIN;HERR STEIGERL;1
ÖBSTLERIN;FRAU STEIGERL;1
ÖBSTLERIN;SCHNEIDER;2
ÖBSTLERIN;SCHUSTER;2
ÖBSTLERIN;JEAN;2
ÖBSTLERIN;KUTSCHER;1
ÖBSTLERIN;CHOR DER SCHULDNER;2
ÖBSTLERIN;FRITZ;2
SATIRE;DIE MODE;1
SATIRE;DIE HOFFNUNG;1
SATIRE;KAPRICE;1
SATIRE;CHOR AUS ›ORPHEUS‹;1
SATIRE;LUXUS;3
SATIRE;DIE BEGIERDE;1
SATIRE;DIE AMORETTEN;1
SATIRE;LASTER;4
SATIRE;LOTTCHEN;6
SATIRE;DAS KOMPLIMENT;1
SATIRE;FRITZ;8
JEAN;MALCHEN;3
JEAN;HERR STEIGERL;1
JEAN;SCHNEIDER;2
JEAN;SCHUSTER;2
JEAN;KUTSCHER;1
JEAN;CHOR DER SCHULDNER;2
JEAN;LOTTCHEN;2
JEAN;FRAU STEIGERL;1
JEAN;FRITZ;2
ARMUT;LASTER;1
ARMUT;SCHANDE;1
ARMUT;FRITZ;2
SCHNEIDER;HERR STEIGERL;1
SCHNEIDER;FRAU STEIGERL;1
SCHNEIDER;SCHUSTER;2
SCHNEIDER;KUTSCHER;1
SCHNEIDER;CHOR DER SCHULDNER;2
SCHNEIDER;FRITZ;2
HERR STEIGERL;SPECK;4
HERR STEIGERL;CHOR DER SCHULDNER;1
HERR STEIGERL;LOTTCHEN;1
HERR STEIGERL;FRITZ;3
HERR STEIGERL;SCHMALZ;1
HERR STEIGERL;SCHUSTER;1
HERR STEIGERL;CHOR DER VIER DIENER;1
HERR STEIGERL;MAGIER;4
HERR STEIGERL;CHOR;2
HERR STEIGERL;FRAU STEIGERL;7
DIE MODE;LUXUS;1
DIE MODE;KAPRICE;2
DIE MODE;LASTER;1
DIE MODE;LOTTCHEN;1
DIE MODE;FRITZ;1
CHOR DER VIER DIENER;FRAU STEIGERL;1
CHOR DER VIER DIENER;SPECK;1
CHOR DER VIER DIENER;MAGIER;1
CHOR DER VIER DIENER;FRITZ;1
DIE BEGIERDE;LASTER;1
DIE BEGIERDE;DIE AMORETTEN;1
DIE BEGIERDE;LOTTCHEN;1
DIE BEGIERDE;FRITZ;1
LUXUS;KAPRICE;1
LUXUS;LASTER;2
LUXUS;DAS KOMPLIMENT;1
LUXUS;LOTTCHEN;3
LUXUS;FRITZ;2
KUTSCHER;SCHUSTER;1
KUTSCHER;CHOR DER SCHULDNER;1
KUTSCHER;FRITZ;1
CHOR;SCHMALZ;1
CHOR;MAGIER;1
CHOR;FRAU STEIGERL;2
CHOR;SPECK;1
CHOR;LOTTCHEN;1
CHOR;FRITZ;1
MAGIER;FRAU STEIGERL;4
MAGIER;SPECK;3
MAGIER;LOTTCHEN;1
MAGIER;FRITZ;2
MALCHEN;MARIE;1
MALCHEN;LOTTCHEN;3
MALCHEN;FRITZ;1
SCHMALZ;FRAU STEIGERL;1
SCHMALZ;SPECK;1
DIE HOFFNUNG;CHOR AUS ›ORPHEUS‹;1
DIE HOFFNUNG;LOTTCHEN;1
DIE HOFFNUNG;FRITZ;1
KAPRICE;LASTER;1
KAPRICE;LOTTCHEN;1
KAPRICE;FRITZ;1
SCHUSTER;FRAU STEIGERL;1
SCHUSTER;CHOR DER SCHULDNER;2
SCHUSTER;FRITZ;2
LASTER;SCHANDE;1
LASTER;DIE AMORETTEN;1
LASTER;KOKETTERIE;1
LASTER;LOTTCHEN;3
LASTER;FRITZ;6
KOKETTERIE;FRITZ;2
CHOR DER SCHULDNER;FRAU STEIGERL;1
CHOR DER SCHULDNER;FRITZ;2
LOTTCHEN;CHOR AUS ›ORPHEUS‹;1
LOTTCHEN;DAS KOMPLIMENT;1
LOTTCHEN;FRITZ;9
LOTTCHEN;MARIE;1
LOTTCHEN;FRAU STEIGERL;1
LOTTCHEN;DIE AMORETTEN;1
FRITZ;DAS KOMPLIMENT;1
FRITZ;CHOR AUS ›ORPHEUS‹;1
FRITZ;FRAU STEIGERL;4
FRITZ;SCHANDE;1
FRITZ;MARIE;1
FRITZ;SPECK;1
FRITZ;DIE AMORETTEN;1
FRAU STEIGERL;SPECK;4
