ROBERT;STEIN;2
ROBERT;MARIE;3
ROBERT;MÖLLER;2
ROBERT;FÖRSTERIN;4
ROBERT;PASTOR;1
ROBERT;FÖRSTER;4
ROBERT;WILKENS;1
ROBERT;KATHRINE;1
ROBERT;LINDENSCHMIED;1
ROBERT;BUCHJÄGER;1
ROBERT;ANDRES;3
LINDENSCHMIED;FREI;3
LINDENSCHMIED;MÖLLER;1
LINDENSCHMIED;ANDRES;2
LINDENSCHMIED;WIRT;2
FÖRSTER;MARIE;4
FÖRSTER;WILHELM;4
FÖRSTER;MÖLLER;4
FÖRSTER;FÖRSTERIN;18
FÖRSTER;STEIN;7
FÖRSTER;WILKENS;7
FÖRSTER;PASTOR;6
FÖRSTER;WEILER;5
FÖRSTER;ANDRES;6
WILKENS;STEIN;1
WILKENS;MARIE;1
WILKENS;WILHELM;1
WILKENS;MÖLLER;3
WILKENS;FÖRSTERIN;8
WILKENS;PASTOR;2
WILKENS;WEILER;3
WILKENS;ANDRES;3
FREI;ANDRES;1
FREI;MÖLLER;1
FREI;WIRT;2
WIRT;MÖLLER;1
WIRT;ANDRES;2
WEILER;MARIE;1
WEILER;WILHELM;1
WEILER;FÖRSTERIN;5
WEILER;PASTOR;2
WEILER;ANDRES;2
MARIE;MÖLLER;1
MARIE;FÖRSTERIN;6
MARIE;ANDRES;2
WILHELM;FÖRSTERIN;5
WILHELM;PASTOR;1
WILHELM;ANDRES;1
MÖLLER;PASTOR;2
MÖLLER;BUCHJÄGER;2
MÖLLER;STEIN;4
MÖLLER;ANDRES;2
MÖLLER;FÖRSTERIN;4
PASTOR;FÖRSTERIN;4
PASTOR;BASTIAN;1
PASTOR;STEIN;8
PASTOR;ANDRES;4
STEIN;FÖRSTERIN;4
STEIN;BASTIAN;1
STEIN;ANDRES;3
ANDRES;FÖRSTERIN;6
