MICHL;ANNEMIRL;1
MICHL;CHOR;1
MICHL;WASTL;1
MICHL;LIESEL;1
MICHL;ROSL;1
LIESEL;ROSL;2
LIESEL;GRILLHOFER;5
LIESEL;DUSTERER;2
LIESEL;ANNEMIRL;1
LIESEL;CHOR;1
LIESEL;WASTL;6
MÄGDE;KNECHTE;1
LEONHARDT;GRILLHOFER;1
LEONHARDT;DUSTERER;2
BAUER;NATZL;3
BAUER;BÄUERIN;2
BAUER;HANS;3
BAUER;DUSTERER;1
ROSL;GRILLHOFER;6
ROSL;DUSTERER;2
ROSL;ANNEMIRL;1
ROSL;CHOR;1
ROSL;WASTL;5
BÄUERIN;NATZL;2
BÄUERIN;HANS;2
BÄUERIN;GRILLHOFER;1
BÄUERIN;DUSTERER;2
HANS;NATZL;4
HANS;DUSTERER;1
GRILLHOFER;WASTL;7
GRILLHOFER;DUSTERER;11
DUSTERER;NATZL;1
DUSTERER;WASTL;3
ANNEMIRL;CHOR;1
ANNEMIRL;WASTL;1
WASTL;CHOR;1
