EINIGE;SEYFRIED BREUNER;1
EINIGE;ANDERE;1
EINIGE;KLESEL;1
EINIGE;MATHIAS;1
EINIGE;WALLENSTEIN;1
EINIGE;MEHRERE;1
EINIGE;KÄMMERLING;1
EINIGE;VOLK;1
EINIGE;HERZOG JULIUS;1
EINIGE;ERZHERZOG FERDINAND;1
EINIGE;EIN DIENER;1
DER MANN;GRAF THURN;1
DER MANN;ABGEORDNETER;1
DER MANN;OBERST RAMEE;1
DER MANN;ERZHERZOG LEOPOLD;1
DER MANN;DER WORTFÜHRER;1
DER MANN;SCHLICK;1
DER MANN;DIE STÄNDE;1
DER MANN;VOLK;1
DER MANN;KLESEL;1
DER MANN;ZWEITER SOLDAT;1
DER MANN;DIENER;1
DER MANN;HERZOG JULIUS;1
DER MANN;WOLFGANG RUMPF;1
DER MANN;PROKOP;1
DER MANN;RUDOLF;1
KÄMMERLING;SEYFRIED BREUNER;1
KÄMMERLING;ANDERE;1
KÄMMERLING;KLESEL;1
KÄMMERLING;MATHIAS;1
KÄMMERLING;WALLENSTEIN;1
KÄMMERLING;MEHRERE;1
KÄMMERLING;HERZOG JULIUS;1
KÄMMERLING;EIN DIENER;1
KÄMMERLING;ERZHERZOG FERDINAND;1
KÄMMERLING;VOLK;1
KLESEL;ERZHERZOG LEOPOLD;3
KLESEL;DER WORTFÜHRER;1
KLESEL;ABGEORDNETER;1
KLESEL;WOLFGANG RUMPF;2
KLESEL;EIN HAUPTMANN;1
KLESEL;MATHIAS;3
KLESEL;VOLK;2
KLESEL;DIE STÄNDE;1
KLESEL;KÜRASSIER;1
KLESEL;GESCHREI;1
KLESEL;GRAF THURN;1
KLESEL;MAXIMILIAN;1
KLESEL;RUSSWORM;1
KLESEL;ERZHERZOG FERDINAND;3
KLESEL;MEHRERE IM TRUPP;1
KLESEL;LUKREZIA;1
KLESEL;HERZOG JULIUS;2
KLESEL;ZWEI KÜRASSIERE;1
KLESEL;OBERST RAMEE;2
KLESEL;FAHNENTRÄGER;1
KLESEL;DON CÄSAR;2
KLESEL;SCHLICK;1
KLESEL;MEHRERE;2
KLESEL;EIN DIENER;2
KLESEL;SEYFRIED BREUNER;1
KLESEL;ANDERE;1
KLESEL;RINGS HERUM;1
KLESEL;GERICHTSPERSON;1
KLESEL;WALLENSTEIN;1
KLESEL;DIENER;1
KLESEL;DRITTER SOLDAT;1
KLESEL;KÄMMERER;1
KLESEL;ZWEITER SOLDAT;2
KLESEL;EIN SOLDAT;1
KLESEL;PROKOP;3
KLESEL;RUDOLF;2
ERZHERZOG LEOPOLD;ABGEORDNETER;1
ERZHERZOG LEOPOLD;DER WORTFÜHRER;1
ERZHERZOG LEOPOLD;WOLFGANG RUMPF;2
ERZHERZOG LEOPOLD;EIN HAUPTMANN;1
ERZHERZOG LEOPOLD;MATHIAS;2
ERZHERZOG LEOPOLD;VOLK;1
ERZHERZOG LEOPOLD;DIE STÄNDE;1
ERZHERZOG LEOPOLD;KÜRASSIER;1
ERZHERZOG LEOPOLD;GESCHREI;1
ERZHERZOG LEOPOLD;GRAF THURN;1
ERZHERZOG LEOPOLD;GERICHTSPERSON;1
ERZHERZOG LEOPOLD;HERZOG JULIUS;1
ERZHERZOG LEOPOLD;RUSSWORM;1
ERZHERZOG LEOPOLD;ERZHERZOG FERDINAND;2
ERZHERZOG LEOPOLD;LUKREZIA;1
ERZHERZOG LEOPOLD;MAXIMILIAN;1
ERZHERZOG LEOPOLD;ZWEI KÜRASSIERE;1
ERZHERZOG LEOPOLD;OBERST RAMEE;2
ERZHERZOG LEOPOLD;FAHNENTRÄGER;1
ERZHERZOG LEOPOLD;DON CÄSAR;2
ERZHERZOG LEOPOLD;SCHLICK;1
ERZHERZOG LEOPOLD;MEHRERE;1
ERZHERZOG LEOPOLD;EIN DIENER;1
ERZHERZOG LEOPOLD;MEHRERE IM TRUPP;1
ERZHERZOG LEOPOLD;DRITTER SOLDAT;1
ERZHERZOG LEOPOLD;ZWEITER SOLDAT;2
ERZHERZOG LEOPOLD;DIENER;1
ERZHERZOG LEOPOLD;KÄMMERER;1
ERZHERZOG LEOPOLD;EIN SOLDAT;1
ERZHERZOG LEOPOLD;RINGS HERUM;1
ERZHERZOG LEOPOLD;PROKOP;3
ERZHERZOG LEOPOLD;RUDOLF;2
LUKREZIA;GRAF THURN;1
LUKREZIA;HINTER DER SZENE;1
LUKREZIA;MATHIAS;1
LUKREZIA;ERZHERZOG FERDINAND;2
LUKREZIA;KÜRASSIER;1
LUKREZIA;GESCHREI;1
LUKREZIA;MAXIMILIAN;2
LUKREZIA;WOLFGANG RUMPF;1
LUKREZIA;ARBEITER;1
LUKREZIA;HERZOG JULIUS;1
LUKREZIA;ZWEI KÜRASSIERE;1
LUKREZIA;OBERST RAMEE;2
LUKREZIA;FAHNENTRÄGER;1
LUKREZIA;DON CÄSAR;2
LUKREZIA;EIN BÜRGER;1
LUKREZIA;SCHLICK;1
LUKREZIA;MEHRERE;1
LUKREZIA;EIN DIENER;1
LUKREZIA;MEHRERE IM TRUPP;1
LUKREZIA;DRITTER SOLDAT;1
LUKREZIA;ZWEITER SOLDAT;1
LUKREZIA;DIENER;1
LUKREZIA;EIN HAUPTMANN;2
LUKREZIA;EIN SOLDAT;1
LUKREZIA;RINGS HERUM;1
LUKREZIA;PROKOP;2
LUKREZIA;RUDOLF;1
ABGEORDNETER;GRAF THURN;1
ABGEORDNETER;OBERST RAMEE;1
ABGEORDNETER;DER WORTFÜHRER;1
ABGEORDNETER;SCHLICK;1
ABGEORDNETER;DIE STÄNDE;1
ABGEORDNETER;WOLFGANG RUMPF;1
ABGEORDNETER;VOLK;1
ABGEORDNETER;DIENER;1
ABGEORDNETER;ZWEITER SOLDAT;1
ABGEORDNETER;HERZOG JULIUS;1
ABGEORDNETER;PROKOP;1
ABGEORDNETER;RUDOLF;1
DER WORTFÜHRER;GRAF THURN;1
DER WORTFÜHRER;OBERST RAMEE;1
DER WORTFÜHRER;SCHLICK;1
DER WORTFÜHRER;DIE STÄNDE;1
DER WORTFÜHRER;VOLK;1
DER WORTFÜHRER;ZWEITER SOLDAT;1
DER WORTFÜHRER;DIENER;1
DER WORTFÜHRER;HERZOG JULIUS;1
DER WORTFÜHRER;WOLFGANG RUMPF;1
DER WORTFÜHRER;PROKOP;1
DER WORTFÜHRER;RUDOLF;1
HINTER DER SZENE;GRAF THURN;1
HINTER DER SZENE;HERZOG JULIUS;1
HINTER DER SZENE;OBERST RAMEE;1
HINTER DER SZENE;DON CÄSAR;1
HINTER DER SZENE;EIN BÜRGER;1
HINTER DER SZENE;SCHLICK;1
HINTER DER SZENE;ERZHERZOG FERDINAND;1
HINTER DER SZENE;WOLFGANG RUMPF;1
HINTER DER SZENE;DIENER;1
HINTER DER SZENE;EIN HAUPTMANN;1
HINTER DER SZENE;MAXIMILIAN;1
HINTER DER SZENE;PROKOP;1
HINTER DER SZENE;ARBEITER;1
HINTER DER SZENE;RUDOLF;1
EIN HAUPTMANN;MATHIAS;1
EIN HAUPTMANN;ERZHERZOG FERDINAND;2
EIN HAUPTMANN;KÜRASSIER;1
EIN HAUPTMANN;GESCHREI;1
EIN HAUPTMANN;GRAF THURN;1
EIN HAUPTMANN;HERZOG JULIUS;1
EIN HAUPTMANN;WOLFGANG RUMPF;1
EIN HAUPTMANN;ARBEITER;1
EIN HAUPTMANN;MAXIMILIAN;2
EIN HAUPTMANN;ZWEI KÜRASSIERE;1
EIN HAUPTMANN;OBERST RAMEE;2
EIN HAUPTMANN;FAHNENTRÄGER;1
EIN HAUPTMANN;DON CÄSAR;2
EIN HAUPTMANN;EIN BÜRGER;1
EIN HAUPTMANN;SCHLICK;1
EIN HAUPTMANN;MEHRERE;1
EIN HAUPTMANN;EIN DIENER;1
EIN HAUPTMANN;MEHRERE IM TRUPP;1
EIN HAUPTMANN;DRITTER SOLDAT;1
EIN HAUPTMANN;ZWEITER SOLDAT;1
EIN HAUPTMANN;DIENER;1
EIN HAUPTMANN;EIN SOLDAT;1
EIN HAUPTMANN;RINGS HERUM;1
EIN HAUPTMANN;PROKOP;2
EIN HAUPTMANN;RUDOLF;1
MATHIAS;WOLFGANG RUMPF;1
MATHIAS;GERICHTSPERSON;1
MATHIAS;MEHRERE;2
MATHIAS;KÜRASSIER;1
MATHIAS;GESCHREI;1
MATHIAS;HERZOG JULIUS;1
MATHIAS;RUSSWORM;1
MATHIAS;SEYFRIED BREUNER;1
MATHIAS;EIN DIENER;2
MATHIAS;ZWEI KÜRASSIERE;1
MATHIAS;OBERST RAMEE;1
MATHIAS;FAHNENTRÄGER;1
MATHIAS;DON CÄSAR;2
MATHIAS;RINGS HERUM;1
MATHIAS;ERZHERZOG FERDINAND;3
MATHIAS;VOLK;1
MATHIAS;MEHRERE IM TRUPP;1
MATHIAS;ANDERE;1
MATHIAS;DRITTER SOLDAT;1
MATHIAS;WALLENSTEIN;1
MATHIAS;MAXIMILIAN;1
MATHIAS;KÄMMERER;1
MATHIAS;ZWEITER SOLDAT;1
MATHIAS;EIN SOLDAT;1
MATHIAS;PROKOP;2
MATHIAS;RUDOLF;1
VOLK;WOLFGANG RUMPF;1
VOLK;DIE STÄNDE;1
VOLK;HERZOG JULIUS;2
VOLK;ERZHERZOG FERDINAND;1
VOLK;GRAF THURN;1
VOLK;OBERST RAMEE;1
VOLK;SCHLICK;1
VOLK;MEHRERE;1
VOLK;EIN DIENER;1
VOLK;SEYFRIED BREUNER;1
VOLK;ANDERE;1
VOLK;WALLENSTEIN;1
VOLK;DIENER;1
VOLK;ZWEITER SOLDAT;1
VOLK;PROKOP;1
VOLK;RUDOLF;1
MEHRERE;KÜRASSIER;1
MEHRERE;GESCHREI;1
MEHRERE;MAXIMILIAN;1
MEHRERE;SEYFRIED BREUNER;1
MEHRERE;HERZOG JULIUS;1
MEHRERE;OBERST RAMEE;1
MEHRERE;FAHNENTRÄGER;1
MEHRERE;DON CÄSAR;1
MEHRERE;ERZHERZOG FERDINAND;2
MEHRERE;EIN DIENER;2
MEHRERE;MEHRERE IM TRUPP;1
MEHRERE;ANDERE;1
MEHRERE;RINGS HERUM;1
MEHRERE;ZWEI KÜRASSIERE;1
MEHRERE;WALLENSTEIN;1
MEHRERE;DRITTER SOLDAT;1
MEHRERE;ZWEITER SOLDAT;1
MEHRERE;EIN SOLDAT;1
MEHRERE;PROKOP;1
KÜRASSIER;EIN SOLDAT;1
KÜRASSIER;ZWEI KÜRASSIERE;1
KÜRASSIER;OBERST RAMEE;1
KÜRASSIER;FAHNENTRÄGER;1
KÜRASSIER;DRITTER SOLDAT;1
KÜRASSIER;DON CÄSAR;1
KÜRASSIER;RINGS HERUM;1
KÜRASSIER;ERZHERZOG FERDINAND;1
KÜRASSIER;EIN DIENER;1
KÜRASSIER;MEHRERE IM TRUPP;1
KÜRASSIER;ZWEITER SOLDAT;1
KÜRASSIER;GESCHREI;1
KÜRASSIER;MAXIMILIAN;1
KÜRASSIER;PROKOP;1
GESCHREI;EIN SOLDAT;1
GESCHREI;ZWEI KÜRASSIERE;1
GESCHREI;OBERST RAMEE;1
GESCHREI;FAHNENTRÄGER;1
GESCHREI;DRITTER SOLDAT;1
GESCHREI;DON CÄSAR;1
GESCHREI;RINGS HERUM;1
GESCHREI;ERZHERZOG FERDINAND;1
GESCHREI;EIN DIENER;1
GESCHREI;MEHRERE IM TRUPP;1
GESCHREI;ZWEITER SOLDAT;1
GESCHREI;MAXIMILIAN;1
GESCHREI;PROKOP;1
GRAF THURN;ERZHERZOG FERDINAND;1
GRAF THURN;HERZOG JULIUS;2
GRAF THURN;WOLFGANG RUMPF;2
GRAF THURN;ARBEITER;1
GRAF THURN;MAXIMILIAN;1
GRAF THURN;OBERST RAMEE;2
GRAF THURN;DON CÄSAR;1
GRAF THURN;EIN BÜRGER;1
GRAF THURN;SCHLICK;2
GRAF THURN;DIE STÄNDE;1
GRAF THURN;ZWEITER SOLDAT;1
GRAF THURN;DIENER;2
GRAF THURN;PROKOP;2
GRAF THURN;RUDOLF;2
MAXIMILIAN;ERZHERZOG FERDINAND;2
MAXIMILIAN;HERZOG JULIUS;1
MAXIMILIAN;WOLFGANG RUMPF;1
MAXIMILIAN;ARBEITER;1
MAXIMILIAN;ZWEI KÜRASSIERE;1
MAXIMILIAN;OBERST RAMEE;2
MAXIMILIAN;FAHNENTRÄGER;1
MAXIMILIAN;DON CÄSAR;2
MAXIMILIAN;EIN BÜRGER;1
MAXIMILIAN;SCHLICK;1
MAXIMILIAN;EIN DIENER;1
MAXIMILIAN;MEHRERE IM TRUPP;1
MAXIMILIAN;DRITTER SOLDAT;1
MAXIMILIAN;ZWEITER SOLDAT;1
MAXIMILIAN;DIENER;1
MAXIMILIAN;EIN SOLDAT;1
MAXIMILIAN;RINGS HERUM;1
MAXIMILIAN;PROKOP;2
MAXIMILIAN;RUDOLF;1
WOLFGANG RUMPF;KÄMMERER;1
WOLFGANG RUMPF;DIE STÄNDE;1
WOLFGANG RUMPF;RUSSWORM;1
WOLFGANG RUMPF;ARBEITER;1
WOLFGANG RUMPF;HERZOG JULIUS;2
WOLFGANG RUMPF;OBERST RAMEE;2
WOLFGANG RUMPF;DON CÄSAR;2
WOLFGANG RUMPF;EIN BÜRGER;1
WOLFGANG RUMPF;SCHLICK;2
WOLFGANG RUMPF;ERZHERZOG FERDINAND;2
WOLFGANG RUMPF;GERICHTSPERSON;1
WOLFGANG RUMPF;ZWEITER SOLDAT;1
WOLFGANG RUMPF;DIENER;2
WOLFGANG RUMPF;PROKOP;3
WOLFGANG RUMPF;RUDOLF;3
RUSSWORM;DON CÄSAR;1
RUSSWORM;ERZHERZOG FERDINAND;1
RUSSWORM;KÄMMERER;1
RUSSWORM;GERICHTSPERSON;1
RUSSWORM;RUDOLF;1
RUSSWORM;PROKOP;1
RUDOLF;ERZHERZOG FERDINAND;2
RUDOLF;HERZOG JULIUS;2
RUDOLF;ARBEITER;1
RUDOLF;OBERST RAMEE;2
RUDOLF;DON CÄSAR;2
RUDOLF;EIN BÜRGER;1
RUDOLF;SCHLICK;2
RUDOLF;DIE STÄNDE;1
RUDOLF;GERICHTSPERSON;1
RUDOLF;ZWEITER SOLDAT;1
RUDOLF;DIENER;2
RUDOLF;KÄMMERER;1
RUDOLF;PROKOP;3
MEHRERE IM TRUPP;EIN SOLDAT;1
MEHRERE IM TRUPP;ZWEI KÜRASSIERE;1
MEHRERE IM TRUPP;OBERST RAMEE;1
MEHRERE IM TRUPP;FAHNENTRÄGER;1
MEHRERE IM TRUPP;DRITTER SOLDAT;1
MEHRERE IM TRUPP;DON CÄSAR;1
MEHRERE IM TRUPP;EIN DIENER;1
MEHRERE IM TRUPP;RINGS HERUM;1
MEHRERE IM TRUPP;ZWEITER SOLDAT;1
MEHRERE IM TRUPP;ERZHERZOG FERDINAND;1
MEHRERE IM TRUPP;PROKOP;1
ARBEITER;HERZOG JULIUS;1
ARBEITER;OBERST RAMEE;1
ARBEITER;DON CÄSAR;1
ARBEITER;EIN BÜRGER;1
ARBEITER;SCHLICK;1
ARBEITER;ERZHERZOG FERDINAND;1
ARBEITER;DIENER;1
ARBEITER;PROKOP;1
HERZOG JULIUS;DIE STÄNDE;1
HERZOG JULIUS;ERZHERZOG FERDINAND;2
HERZOG JULIUS;EIN DIENER;1
HERZOG JULIUS;OBERST RAMEE;2
HERZOG JULIUS;DON CÄSAR;1
HERZOG JULIUS;EIN BÜRGER;1
HERZOG JULIUS;SCHLICK;2
HERZOG JULIUS;SEYFRIED BREUNER;1
HERZOG JULIUS;ANDERE;1
HERZOG JULIUS;WALLENSTEIN;1
HERZOG JULIUS;DIENER;2
HERZOG JULIUS;ZWEITER SOLDAT;1
HERZOG JULIUS;PROKOP;2
ZWEI KÜRASSIERE;EIN SOLDAT;1
ZWEI KÜRASSIERE;OBERST RAMEE;1
ZWEI KÜRASSIERE;FAHNENTRÄGER;1
ZWEI KÜRASSIERE;DRITTER SOLDAT;1
ZWEI KÜRASSIERE;DON CÄSAR;1
ZWEI KÜRASSIERE;EIN DIENER;1
ZWEI KÜRASSIERE;RINGS HERUM;1
ZWEI KÜRASSIERE;ZWEITER SOLDAT;1
ZWEI KÜRASSIERE;ERZHERZOG FERDINAND;1
ZWEI KÜRASSIERE;PROKOP;1
OBERST RAMEE;ERZHERZOG FERDINAND;2
OBERST RAMEE;FAHNENTRÄGER;1
OBERST RAMEE;DON CÄSAR;2
OBERST RAMEE;EIN BÜRGER;1
OBERST RAMEE;SCHLICK;2
OBERST RAMEE;EIN DIENER;1
OBERST RAMEE;DRITTER SOLDAT;1
OBERST RAMEE;ZWEITER SOLDAT;2
OBERST RAMEE;DIENER;2
OBERST RAMEE;EIN SOLDAT;1
OBERST RAMEE;RINGS HERUM;1
OBERST RAMEE;PROKOP;3
OBERST RAMEE;DIE STÄNDE;1
FAHNENTRÄGER;EIN SOLDAT;1
FAHNENTRÄGER;DRITTER SOLDAT;1
FAHNENTRÄGER;DON CÄSAR;1
FAHNENTRÄGER;RINGS HERUM;1
FAHNENTRÄGER;ERZHERZOG FERDINAND;1
FAHNENTRÄGER;EIN DIENER;1
FAHNENTRÄGER;ZWEITER SOLDAT;1
FAHNENTRÄGER;PROKOP;1
DON CÄSAR;ERZHERZOG FERDINAND;3
DON CÄSAR;GERICHTSPERSON;1
DON CÄSAR;EIN BÜRGER;1
DON CÄSAR;SCHLICK;1
DON CÄSAR;EIN DIENER;1
DON CÄSAR;DRITTER SOLDAT;1
DON CÄSAR;ZWEITER SOLDAT;1
DON CÄSAR;DIENER;1
DON CÄSAR;KÄMMERER;1
DON CÄSAR;EIN SOLDAT;1
DON CÄSAR;RINGS HERUM;1
DON CÄSAR;PROKOP;3
EIN BÜRGER;SCHLICK;1
EIN BÜRGER;ERZHERZOG FERDINAND;1
EIN BÜRGER;DIENER;1
EIN BÜRGER;PROKOP;1
SCHLICK;DIE STÄNDE;1
SCHLICK;ERZHERZOG FERDINAND;1
SCHLICK;ZWEITER SOLDAT;1
SCHLICK;DIENER;2
SCHLICK;PROKOP;2
ERZHERZOG FERDINAND;GERICHTSPERSON;1
ERZHERZOG FERDINAND;SEYFRIED BREUNER;1
ERZHERZOG FERDINAND;EIN DIENER;2
ERZHERZOG FERDINAND;ANDERE;1
ERZHERZOG FERDINAND;DRITTER SOLDAT;1
ERZHERZOG FERDINAND;WALLENSTEIN;1
ERZHERZOG FERDINAND;DIENER;1
ERZHERZOG FERDINAND;KÄMMERER;1
ERZHERZOG FERDINAND;ZWEITER SOLDAT;1
ERZHERZOG FERDINAND;EIN SOLDAT;1
ERZHERZOG FERDINAND;RINGS HERUM;1
ERZHERZOG FERDINAND;PROKOP;3
EIN DIENER;SEYFRIED BREUNER;1
EIN DIENER;RINGS HERUM;1
EIN DIENER;ANDERE;1
EIN DIENER;DRITTER SOLDAT;1
EIN DIENER;WALLENSTEIN;1
EIN DIENER;ZWEITER SOLDAT;1
EIN DIENER;EIN SOLDAT;1
EIN DIENER;PROKOP;1
SEYFRIED BREUNER;ANDERE;1
SEYFRIED BREUNER;WALLENSTEIN;1
ANDERE;WALLENSTEIN;1
RINGS HERUM;EIN SOLDAT;1
RINGS HERUM;DRITTER SOLDAT;1
RINGS HERUM;ZWEITER SOLDAT;1
RINGS HERUM;PROKOP;1
GERICHTSPERSON;KÄMMERER;1
GERICHTSPERSON;PROKOP;1
DIENER;DIE STÄNDE;1
DIENER;ZWEITER SOLDAT;1
DIENER;PROKOP;2
DRITTER SOLDAT;EIN SOLDAT;1
DRITTER SOLDAT;ZWEITER SOLDAT;1
DRITTER SOLDAT;PROKOP;1
KÄMMERER;PROKOP;1
ZWEITER SOLDAT;DIE STÄNDE;1
ZWEITER SOLDAT;EIN SOLDAT;1
ZWEITER SOLDAT;PROKOP;2
EIN SOLDAT;PROKOP;1
PROKOP;DIE STÄNDE;1
