DORIS;SYLVAN;5
DORIS;PHILLIS;1
DORIS;PHILEMON;5
DORIS;DAMON;4
DORIS;SYLVIA;1
DORIS;SILEN;2
DORIS;GALATHE;4
DORIS;MIRTA;1
DORIS;SELADON;4
DORIS;MOPS;1
DORIS;MIRTILLO;8
SYLVAN;PHILEMON;7
SYLVAN;PHILLIS;4
SYLVAN;DAMON;2
SYLVAN;SYLVIA;4
SYLVAN;SILEN;5
SYLVAN;GALATHE;3
SYLVAN;MIRTA;7
SYLVAN;SELADON;5
SYLVAN;MOPS;3
SYLVAN;MIRTILLO;5
PHILLIS;MOPS;1
PHILLIS;DAMON;1
PHILLIS;SYLVIA;6
PHILLIS;GALATHE;1
PHILLIS;SILEN;1
PHILLIS;MIRTA;2
PHILLIS;SELADON;1
PHILLIS;MIRTILLO;4
PHILLIS;PHILEMON;5
TREUE;OKTOBER;1
TREUE;LIEBE;1
TREUE;VEREHRUNG;1
TREUE;FREUDE;1
DAMON;PHILEMON;4
DAMON;SYLVIA;2
DAMON;SILEN;3
DAMON;GALATHE;4
DAMON;MIRTA;2
DAMON;SELADON;1
DAMON;MOPS;1
DAMON;MIRTILLO;2
SYLVIA;PHILEMON;4
SYLVIA;SILEN;2
SYLVIA;GALATHE;1
SYLVIA;MIRTA;2
SYLVIA;SELADON;1
SYLVIA;MOPS;1
SYLVIA;MIRTILLO;2
SILEN;PHILEMON;2
SILEN;GALATHE;1
SILEN;MIRTA;2
SILEN;SELADON;1
SILEN;MOPS;3
SILEN;MIRTILLO;2
MIRTA;PHILEMON;2
MIRTA;GALATHE;2
MIRTA;SELADON;2
MIRTA;MOPS;3
MIRTA;MIRTILLO;2
MOPS;GALATHE;2
MOPS;SELADON;1
MOPS;MIRTILLO;4
MOPS;PHILEMON;1
MIRTILLO;GALATHE;8
MIRTILLO;SELADON;3
MIRTILLO;PHILEMON;3
OKTOBER;FREUDE;1
OKTOBER;VEREHRUNG;1
OKTOBER;LIEBE;1
FREUDE;VEREHRUNG;1
FREUDE;LIEBE;1
GALATHE;PHILEMON;1
GALATHE;SELADON;1
SELADON;PHILEMON;6
LIEBE;VEREHRUNG;1
