WEISLINGEN;FRANZ;7
WEISLINGEN;FRÄULEIN;1
WEISLINGEN;BISCHOF;1
WEISLINGEN;BOTE;1
WEISLINGEN;KAISER;1
WEISLINGEN;UNBEKANNTER;1
WEISLINGEN;GÖTZ;3
WEISLINGEN;ERSTER KAUFMANN;1
WEISLINGEN;MARIA;3
WEISLINGEN;REITER;1
WEISLINGEN;KARL;1
WEISLINGEN;ADELHEID;3
WEISLINGEN;ZWEITER KAUFMANN;1
WEISLINGEN;KOHL;1
WEISLINGEN;ZWEITER BAUER;1
WEISLINGEN;ELISABETH;2
WEISLINGEN;ERSTER BAUER;1
WEISLINGEN;LINK;1
WEISLINGEN;METZLER;1
ÄLTESTER;KLÄGER;1
ÄLTESTER;RUFER;1
ERSTER RITTER;HAUPTMANN;1
ERSTER RITTER;ZWEITER RITTER;1
ZWEITER RITTER;LERSE;1
ZWEITER RITTER;GEORG;1
ZWEITER RITTER;GÖTZ;1
ZWEITER RITTER;ERSTER KNECHT;1
ZWEITER RITTER;HAUPTMANN;4
ZWEITER RITTER;SELBITZ;1
ZWEITER RITTER;ZWEITER KNECHT;1
OLEARIUS;LIEBETRAUT;1
OLEARIUS;ABT;1
OLEARIUS;EIN BEDIENTER;1
OLEARIUS;BISCHOF;1
ERSTE ZIGEUNERIN;KNAB;1
ERSTE ZIGEUNERIN;ERSTER ZIGEUNER;1
ERSTE ZIGEUNERIN;MUTTER;1
ERSTE ZIGEUNERIN;GÖTZ;1
ERSTE ZIGEUNERIN;WOLF;1
ERSTE ZIGEUNERIN;ZWEITE ZIGEUNERIN;1
ERSTE ZIGEUNERIN;HAUPTMANN;1
ERSTE ZIGEUNERIN;STICKS;1
ERSTE ZIGEUNERIN;DRITTER ZIGEUNER;1
ERSTE ZIGEUNERIN;ZWEITER ZIGEUNER;1
ZWEITE ZIGEUNERIN;KNAB;1
ZWEITE ZIGEUNERIN;ERSTER ZIGEUNER;1
ZWEITE ZIGEUNERIN;MUTTER;1
ZWEITE ZIGEUNERIN;GÖTZ;1
ZWEITE ZIGEUNERIN;WOLF;1
ZWEITE ZIGEUNERIN;HAUPTMANN;1
ZWEITE ZIGEUNERIN;STICKS;1
ZWEITE ZIGEUNERIN;DRITTER ZIGEUNER;1
ZWEITE ZIGEUNERIN;ZWEITER ZIGEUNER;1
ERSTER REITER BERLICHINGEN;ZWEITER REITER BAMBERG;1
ERSTER REITER BERLICHINGEN;SIEVERS;1
ERSTER REITER BERLICHINGEN;WIRT;1
ERSTER REITER BERLICHINGEN;ZWEITER REITER BERLICHINGEN;1
ERSTER REITER BERLICHINGEN;ERSTER REITER BAMBERG;1
ERSTER REITER BERLICHINGEN;METZLER;1
SELBITZ;BRAUTVATER;1
SELBITZ;BRÄUTIGAM;1
SELBITZ;LERSE;1
SELBITZ;GEORG;4
SELBITZ;GÖTZ;7
SELBITZ;BAUER;1
SELBITZ;ERSTER KNECHT;1
SELBITZ;HAUPTMANN;1
SELBITZ;ZWEITER KNECHT;1
MARIA;REITER;1
MARIA;LERSE;2
MARIA;FRANZ;2
MARIA;GÖTZ;5
MARIA;SICKINGEN;2
MARIA;GEORG;1
MARIA;ELISABETH;4
MARIA;ERSTER KNECHT;1
MARIA;KARL;1
MAX STUMPF;LINK;1
MAX STUMPF;GÖTZ;1
MAX STUMPF;KOHL;1
MAX STUMPF;WILD;1
MAX STUMPF;LINZ;1
MAX STUMPF;METZLER;1
ADELHEID;LERSE;1
ADELHEID;FRANZ;4
ADELHEID;FRÄULEIN;2
ADELHEID;BISCHOF;1
ADELHEID;ELISABETH;1
ADELHEID;LIEBETRAUT;2
ZIGEUNERIN;SCHRICKS;1
ZIGEUNERIN;WOLF;1
ZIGEUNERIN;HAUPTMANN;1
ZIGEUNERIN;GÖTZ;1
KARL;REITER;1
KARL;ELISABETH;1
KARL;GÖTZ;1
KOHL;ERSTER BAUER;1
KOHL;ZWEITER BAUER;1
KOHL;LINK;2
KOHL;WILD;1
KOHL;GÖTZ;2
KOHL;METZLER;2
KOHL;UNBEKANNTER;1
KOHL;LINZ;1
ZWEITER BAUER;UNBEKANNTER;1
ZWEITER BAUER;LINK;1
ZWEITER BAUER;GÖTZ;1
ZWEITER BAUER;ERSTER BAUER;1
ZWEITER BAUER;METZLER;1
LIEBETRAUT;FRÄULEIN;1
LIEBETRAUT;EIN BEDIENTER;1
LIEBETRAUT;BISCHOF;2
LIEBETRAUT;ABT;1
METZLER;ZWEITER REITER BERLICHINGEN;1
METZLER;UNBEKANNTER;1
METZLER;WIRT;1
METZLER;ALTER;1
METZLER;WILD;1
METZLER;ERSTER REITER BAMBERG;1
METZLER;BAUER;1
METZLER;SIEVERS;1
METZLER;LINK;3
METZLER;GÖTZ;2
METZLER;ZWEITER REITER BAMBERG;1
METZLER;MUTTER;1
METZLER;ERSTER BAUER;1
METZLER;WEIB;1
METZLER;LINZ;1
ZWEITER REITER BAMBERG;SIEVERS;1
ZWEITER REITER BAMBERG;WIRT;1
ZWEITER REITER BAMBERG;ZWEITER REITER BERLICHINGEN;1
ZWEITER REITER BAMBERG;ERSTER REITER BAMBERG;1
SIEVERS;ZWEITER REITER BERLICHINGEN;1
SIEVERS;WIRT;1
SIEVERS;ERSTER REITER BAMBERG;1
RUFER;KLÄGER;1
WOLF;GÖTZ;2
WOLF;ZWEITER ZIGEUNER;1
WOLF;HAUPTMANN;2
WOLF;STICKS;1
WOLF;SCHRICKS;1
WOLF;KNAB;1
WOLF;ERSTER ZIGEUNER;1
WOLF;MUTTER;1
WOLF;DRITTER ZIGEUNER;1
BISCHOF;FRANZ;1
BISCHOF;EIN BEDIENTER;1
BISCHOF;ABT;1
BOTE;FRANZ;1
GEORG;BRÄUTIGAM;1
GEORG;BAUER;1
GEORG;LERSE;5
GEORG;ERSTER KNECHT;3
GEORG;GÖTZ;12
GEORG;SICKINGEN;1
GEORG;HAUPTMANN;1
GEORG;KNECHTE (III, 19);1
GEORG;BRAUTVATER;1
GEORG;MARTIN;1
GEORG;ELISABETH;3
GEORG;ZWEITER KNECHT;2
GERICHTSDIENER;RATSHERR;1
GERICHTSDIENER;GÖTZ;2
GERICHTSDIENER;ERSTER RAT;1
GERICHTSDIENER;ELISABETH;1
GERICHTSDIENER;HAUPTMANN;1
GERICHTSDIENER;SCHREIBER;1
GERICHTSDIENER;WACHE;1
ZWEITER OFFIZIER;ERSTER OFFIZIER;1
ZWEITER OFFIZIER;HAUPTMANN;1
ALTER;BAUER;1
ALTER;WEIB;1
ALTER;LINK;1
ALTER;MUTTER;1
SCHREIBER;RATSHERR;1
SCHREIBER;GÖTZ;1
SCHREIBER;HAUPTMANN;1
SCHREIBER;ERSTER RAT;1
SCHREIBER;WACHE;1
BRAUTVATER;BRÄUTIGAM;1
BRAUTVATER;BAUER;1
BRAUTVATER;GÖTZ;1
ERSTER ZIGEUNER;KNAB;1
ERSTER ZIGEUNER;MUTTER;1
ERSTER ZIGEUNER;GÖTZ;1
ERSTER ZIGEUNER;ZWEITER ZIGEUNER;1
ERSTER ZIGEUNER;HAUPTMANN;1
ERSTER ZIGEUNER;STICKS;1
ERSTER ZIGEUNER;DRITTER ZIGEUNER;1
WACHE;RATSHERR;1
WACHE;GÖTZ;1
WACHE;HAUPTMANN;1
WACHE;ERSTER RAT;1
WEIB;BAUER;1
WEIB;MUTTER;1
WEIB;LINK;1
ERSTER OFFIZIER;HAUPTMANN;1
ZWEITER KNECHT;LERSE;1
ZWEITER KNECHT;GÖTZ;2
ZWEITER KNECHT;ERSTER KNECHT;3
ZWEITER KNECHT;HAUPTMANN;1
RATSHERR;GÖTZ;1
RATSHERR;HAUPTMANN;1
RATSHERR;ERSTER RAT;1
ZWEITER REITER BERLICHINGEN;WIRT;1
ZWEITER REITER BERLICHINGEN;ERSTER REITER BAMBERG;1
LERSE;KNECHTE (III, 19);1
LERSE;FRANZ;1
LERSE;GÖTZ;6
LERSE;ERSTER KNECHT;1
LERSE;HAUPTMANN;1
LERSE;ELISABETH;5
ABT;EIN BEDIENTER;1
FRÄULEIN;FRANZ;1
ERSTER KNECHT;GÖTZ;4
ERSTER KNECHT;ELISABETH;2
ERSTER KNECHT;SICKINGEN;1
ERSTER KNECHT;HAUPTMANN;1
WIRT;ERSTER REITER BAMBERG;1
HAUPTMANN;SCHRICKS;1
HAUPTMANN;KNAB;1
HAUPTMANN;MUTTER;1
HAUPTMANN;GÖTZ;4
HAUPTMANN;ZWEITER ZIGEUNER;1
HAUPTMANN;ERSTER RAT;1
HAUPTMANN;STICKS;1
HAUPTMANN;DRITTER ZIGEUNER;1
WILD;LINK;1
WILD;GÖTZ;1
WILD;LINZ;1
ERSTER KAUFMANN;KAISER;1
ERSTER KAUFMANN;ZWEITER KAUFMANN;1
DRITTER ZIGEUNER;KNAB;1
DRITTER ZIGEUNER;MUTTER;1
DRITTER ZIGEUNER;GÖTZ;1
DRITTER ZIGEUNER;ZWEITER ZIGEUNER;1
DRITTER ZIGEUNER;STICKS;1
BRÄUTIGAM;BAUER;1
BRÄUTIGAM;GÖTZ;1
REITER;ELISABETH;1
REITER;GÖTZ;1
KNAB;STICKS;1
KNAB;MUTTER;1
KNAB;GÖTZ;1
KNAB;ZWEITER ZIGEUNER;1
FRANZ;GÖTZ;1
FRANZ;ELISABETH;2
MUTTER;GÖTZ;1
MUTTER;STICKS;1
MUTTER;BAUER;1
MUTTER;LINK;1
MUTTER;ZWEITER ZIGEUNER;1
ZWEITER KAUFMANN;KAISER;1
MARTIN;GÖTZ;1
SCHRICKS;GÖTZ;1
KNECHTE (III, 19);ELISABETH;1
KNECHTE (III, 19);GÖTZ;1
ERSTER BAUER;GÖTZ;1
ERSTER BAUER;LINK;1
ERSTER BAUER;UNBEKANNTER;1
SICKINGEN;ELISABETH;1
SICKINGEN;GÖTZ;5
ZWEITER ZIGEUNER;GÖTZ;1
ZWEITER ZIGEUNER;STICKS;1
UNBEKANNTER;GÖTZ;1
UNBEKANNTER;LINK;1
GÖTZ;BAUER;1
GÖTZ;LINK;2
GÖTZ;ERSTER RAT;1
GÖTZ;STICKS;1
GÖTZ;LINZ;1
GÖTZ;ELISABETH;8
LINZ;LINK;1
LINK;BAUER;1
