LUCIE;POSTMEISTERIN;1
LUCIE;DER JUNGE;1
LUCIE;MADAME SOMMER;4
LUCIE;POSTILLION;1
LUCIE;BEDIENTER;3
LUCIE;ANNCHEN;2
LUCIE;FERNANDO;3
LUCIE;STELLA;3
LUCIE;VERWALTER;1
POSTMEISTERIN;DER JUNGE;1
POSTMEISTERIN;MADAME SOMMER;1
POSTMEISTERIN;POSTILLION;1
POSTMEISTERIN;BEDIENTER;1
POSTMEISTERIN;ANNCHEN;1
POSTMEISTERIN;FERNANDO;1
DER JUNGE;FERNANDO;1
DER JUNGE;MADAME SOMMER;1
DER JUNGE;POSTILLION;1
DER JUNGE;BEDIENTER;1
DER JUNGE;ANNCHEN;1
MADAME SOMMER;FERNANDO;4
MADAME SOMMER;POSTILLION;1
MADAME SOMMER;BEDIENTER;4
MADAME SOMMER;ANNCHEN;2
MADAME SOMMER;STELLA;4
MADAME SOMMER;VERWALTER;1
POSTILLION;BEDIENTER;1
POSTILLION;ANNCHEN;1
POSTILLION;FERNANDO;1
BEDIENTER;FERNANDO;3
BEDIENTER;ANNCHEN;1
BEDIENTER;STELLA;3
BEDIENTER;VERWALTER;1
ANNCHEN;FERNANDO;2
ANNCHEN;STELLA;1
FERNANDO;STELLA;3
FERNANDO;VERWALTER;1
STELLA;VERWALTER;1
