DESIDERIO;GIANINO;1
DESIDERIO;LAVINIA;1
DESIDERIO;PARIS;1
DESIDERIO;ANTONIO;1
DESIDERIO;TIZIANELLO;1
DESIDERIO;PAGE;1
DESIDERIO;BATISTA;1
GIANINO;LAVINIA;1
GIANINO;PARIS;1
GIANINO;ANTONIO;1
GIANINO;TIZIANELLO;1
GIANINO;PAGE;1
GIANINO;BATISTA;1
LAVINIA;PARIS;1
LAVINIA;ANTONIO;1
LAVINIA;TIZIANELLO;1
LAVINIA;PAGE;1
LAVINIA;BATISTA;1
PARIS;ANTONIO;1
PARIS;TIZIANELLO;1
PARIS;PAGE;1
PARIS;BATISTA;1
ANTONIO;TIZIANELLO;1
ANTONIO;PAGE;1
ANTONIO;BATISTA;1
TIZIANELLO;PAGE;1
TIZIANELLO;BATISTA;1
PAGE;BATISTA;1
