FRAU RIBBECKE;AUGUSTE;1
FRAU RIBBECKE;HAHNEKAMM;6
FRAU RIBBECKE;KAROLINE;6
FRAU RIBBECKE;KOMMISSAR;1
FRAU RIBBECKE;EINE NACHBARIN;1
FRAU RIBBECKE;AGNES;4
FRAU RIBBECKE;DER MAURER BRAND;1
FRAU RIBBECKE;SCHLICHT;1
FRAU RIBBECKE;DER MANN;1
FRAU RIBBECKE;FRAU DÖSE;6
FRAU RIBBECKE;FERDINAND;4
FRAU RIBBECKE;CHOR;3
MÄNNERCHOR;ARBEITER;1
MÄNNERCHOR;FRAUENCHOR;1
DIE FRISEUSE MINNA;NÜNECKE;1
DIE FRISEUSE MINNA;DER MAURER BRAND;3
DIE FRISEUSE MINNA;QUISENOW;3
DIE FRISEUSE MINNA;AUGUSTE;3
DIE FRISEUSE MINNA;FRAU NÜNECKE;1
DIE FRISEUSE MINNA;FERDINAND;4
DIE FRISEUSE MINNA;CHOR;1
DIE FRISEUSE MINNA;SCHLICHT;1
DIE FRISEUSE MINNA;AGNES;5
KAROLINE;AUGUSTE;1
KAROLINE;HAHNEKAMM;6
KAROLINE;KOMMISSAR;1
KAROLINE;AGNES;4
KAROLINE;STRAMBERGER;1
KAROLINE;EINE NACHBARIN;1
KAROLINE;DER MAURER BRAND;1
KAROLINE;SCHLICHT;1
KAROLINE;DER MANN;1
KAROLINE;FRAU DÖSE;6
KAROLINE;FERDINAND;6
KAROLINE;CHOR;3
KAROLINE;FRAU NÜNECKE;1
STRAMBERGER;FERDINAND;1
KOHLREPP;KÖHLER;1
KOHLREPP;FERDINAND;1
KOHLREPP;EISLEBEN;1
KOHLREPP;BERNHARD;1
KOHLREPP;DÜMMLER;1
EISLEBEN;BERNHARD;2
EISLEBEN;KÖHLER;2
EISLEBEN;SCHLEPPER;1
EISLEBEN;FERDINAND;2
EISLEBEN;DÜMMLER;1
AGNES;NÜNECKE;3
AGNES;AUGUSTE;6
AGNES;HAHNEKAMM;4
AGNES;BERNHARD;1
AGNES;KOMMISSAR;1
AGNES;EINE NACHBARIN;1
AGNES;SCHLICHT;4
AGNES;DER MAURER BRAND;10
AGNES;QUISENOW;6
AGNES;THEODOR;1
AGNES;FRAU DÖSE;4
AGNES;GEFÄNGNISWÄRTER;1
AGNES;FERDINAND;7
AGNES;CHOR;4
AGNES;BREMSER;2
AGNES;FRAU NÜNECKE;3
QUISENOW;NÜNECKE;1
QUISENOW;DER MAURER BRAND;2
QUISENOW;BERTA;1
QUISENOW;BERNHARD;2
QUISENOW;AUGUSTE;10
QUISENOW;FRAU NÜNECKE;1
QUISENOW;FERDINAND;3
QUISENOW;CHOR;2
QUISENOW;SCHLICHT;3
FRAUENCHOR;ARBEITER;1
DER MANN;CHOR;1
DER MANN;HAHNEKAMM;1
DER MANN;FERDINAND;1
DER MANN;FRAU DÖSE;1
FRAU DÖSE;AUGUSTE;1
FRAU DÖSE;HAHNEKAMM;6
FRAU DÖSE;KOMMISSAR;1
FRAU DÖSE;EINE NACHBARIN;1
FRAU DÖSE;DER MAURER BRAND;1
FRAU DÖSE;SCHLICHT;1
FRAU DÖSE;FERDINAND;4
FRAU DÖSE;CHOR;3
SCHRÖPFER;SCHLICHT;1
SCHRÖPFER;BERNHARD;1
FERDINAND;SCHLICHT;3
FERDINAND;CHOR;4
FERDINAND;SCHULTZE;1
FERDINAND;DÜMMLER;1
FERDINAND;NÜNECKE;1
FERDINAND;DER MAURER BRAND;5
FERDINAND;KÖHLER;2
FERDINAND;HAHNEKAMM;5
FERDINAND;SCHLEPPER;1
FERDINAND;AUGUSTE;3
FERDINAND;FRAU NÜNECKE;2
FERDINAND;BERNHARD;2
CHOR;NÜNECKE;1
CHOR;AUGUSTE;1
CHOR;HAHNEKAMM;3
CHOR;SCHLICHT;2
CHOR;DER MAURER BRAND;1
CHOR;FRAU NÜNECKE;1
SCHULTZE;DER MAURER BRAND;1
SCHULTZE;HAHNEKAMM;1
KARLCHEN;DER MAURER BRAND;1
DÜMMLER;KÖHLER;1
DÜMMLER;BERNHARD;1
NÜNECKE;GENDARM;1
NÜNECKE;AUGUSTE;1
NÜNECKE;FRAU NÜNECKE;6
NÜNECKE;SCHNEPPKE;1
NÜNECKE;SCHLICHT;2
NÜNECKE;DER MAURER BRAND;1
NÜNECKE;GEFÄNGNISWÄRTER;1
NÜNECKE;BREMSER;3
GENDARM;FRAU NÜNECKE;1
GENDARM;BREMSER;1
GENDARM;SCHNEPPKE;1
DER MAURER BRAND;BREMSER;2
DER MAURER BRAND;AUGUSTE;3
DER MAURER BRAND;HAHNEKAMM;2
DER MAURER BRAND;KOMMISSAR;1
DER MAURER BRAND;EINE NACHBARIN;1
DER MAURER BRAND;SCHLICHT;4
DER MAURER BRAND;FRAU NÜNECKE;1
KÖHLER;BERNHARD;2
KÖHLER;SCHLEPPER;1
HAHNEKAMM;AUGUSTE;1
HAHNEKAMM;KOMMISSAR;1
HAHNEKAMM;EINE NACHBARIN;1
HAHNEKAMM;SCHLICHT;1
SCHLEPPER;BERNHARD;1
KOMMISSAR;AUGUSTE;1
KOMMISSAR;EINE NACHBARIN;1
EINE NACHBARIN;AUGUSTE;1
SCHNEPPKE;FRAU NÜNECKE;1
SCHNEPPKE;BREMSER;2
AUGUSTE;SCHLICHT;5
AUGUSTE;BERTA;1
AUGUSTE;FRAU NÜNECKE;1
AUGUSTE;BERNHARD;3
SCHLICHT;BERNHARD;2
SCHLICHT;BERTA;1
SCHLICHT;FRAU NÜNECKE;2
THEODOR;BERNHARD;1
FRAU NÜNECKE;GEFÄNGNISWÄRTER;1
FRAU NÜNECKE;BREMSER;3
GEFÄNGNISWÄRTER;BREMSER;1
