BERGER;FREY;1
BERGER;JOHANN;1
BERGER;MINNA;1
BERGER;STILLE;1
EDUARD;SIDONIE;1
EDUARD;ANNA;4
EDUARD;JOSEPHA;1
EDUARD;SCHÖN;5
EDUARD;HEDWIG;2
EDUARD;MARTIN;3
EDUARD;SCHALANTER;1
EDUARD;HUTTERER;2
EDUARD;ATZWANGER;2
STOLZENTHALER;SIDONIE;1
STOLZENTHALER;HEDWIG;1
STOLZENTHALER;JOHANN;1
STOLZENTHALER;JOSEPHA;1
STOLZENTHALER;HÖLLER;1
STOLZENTHALER;MARTIN;1
STOLZENTHALER;SCHALANTER;1
STOLZENTHALER;RESI;1
STOLZENTHALER;HUTTERER;1
STOLZENTHALER;BARBARA;1
SCHALANTER;ANNA;2
SCHALANTER;KATSCHER;2
SCHALANTER;STÖTZL;3
SCHALANTER;MOSTINGER;3
SCHALANTER;HEDWIG;1
SCHALANTER;SCHÖN;2
SCHALANTER;JOHANN;3
SCHALANTER;JOSEPHA;6
SCHALANTER;SEDLBERGER;2
SCHALANTER;HÖLLER;1
SCHALANTER;MARTIN;8
SCHALANTER;FREY;1
SCHALANTER;BARBARA;7
SEDLBERGER;KATSCHER;1
SEDLBERGER;JOHANN;1
SEDLBERGER;JOSEPHA;2
SEDLBERGER;MARTIN;1
SEDLBERGER;MOSTINGER;2
SEDLBERGER;STÖTZL;2
SEDLBERGER;FREY;1
SEDLBERGER;BARBARA;2
HUTTERER;SIDONIE;4
HUTTERER;ANNA;2
HUTTERER;JOSEPHA;1
HUTTERER;SCHÖN;3
HUTTERER;HEDWIG;2
HUTTERER;FREY;3
HUTTERER;RESI;1
TOMERL;MARTIN;1
TOMERL;JOSEPHA;1
RESI;SIDONIE;1
RESI;HEDWIG;1
HEDWIG;SIDONIE;3
HEDWIG;STÖBER;1
HEDWIG;SEEBURGER;1
HEDWIG;SCHÖN;1
HEDWIG;KRAFT;1
HEDWIG;JOSEPHA;3
HEDWIG;MARTIN;4
HEDWIG;FREY;4
HEDWIG;ATZWANGER;1
HEDWIG;WERNER;1
MOSTINGER;JOHANN;2
MOSTINGER;JOSEPHA;2
MOSTINGER;KATSCHER;1
MOSTINGER;STÖTZL;2
MOSTINGER;MARTIN;1
MOSTINGER;FREY;1
MOSTINGER;BARBARA;3
JOSEPHA;SIDONIE;1
JOSEPHA;KATSCHER;2
JOSEPHA;STÖTZL;3
JOSEPHA;ANNA;1
JOSEPHA;SCHÖN;2
JOSEPHA;JOHANN;4
JOSEPHA;MARTIN;6
JOSEPHA;FREY;1
JOSEPHA;BARBARA;7
HÖLLER;MARTIN;1
MICHEL;JOHANN;1
MICHEL;BARBARA;1
BELLER;ANNA;1
WERNER;SIDONIE;1
WERNER;STÖBER;1
WERNER;KRAFT;1
WERNER;MARTIN;1
WERNER;FREY;1
WERNER;SEEBURGER;1
SIDONIE;STÖBER;1
SIDONIE;SEEBURGER;1
SIDONIE;SCHÖN;1
SIDONIE;KRAFT;1
SIDONIE;MARTIN;1
SIDONIE;FREY;2
STÖBER;KRAFT;1
STÖBER;MARTIN;1
STÖBER;FREY;1
STÖBER;SEEBURGER;1
KATSCHER;JOHANN;1
KATSCHER;STÖTZL;2
KATSCHER;MARTIN;1
KATSCHER;BARBARA;2
STÖTZL;JOHANN;1
STÖTZL;MARTIN;2
STÖTZL;FREY;1
STÖTZL;BARBARA;3
SEEBURGER;KRAFT;1
SEEBURGER;MARTIN;1
SEEBURGER;FREY;1
STILLE;FREY;1
STILLE;MINNA;1
STILLE;JOHANN;1
ANNA;SCHÖN;8
ANNA;MARTIN;1
ANNA;BARBARA;1
SCHÖN;MARTIN;1
SCHÖN;BARBARA;1
JOHANN;MINNA;1
JOHANN;MARTIN;1
JOHANN;FREY;1
JOHANN;BARBARA;7
KRAFT;MARTIN;1
KRAFT;FREY;1
MINNA;FREY;1
MARTIN;FREY;2
MARTIN;BARBARA;3
MARTIN;ATZWANGER;2
FREY;BARBARA;1
