STIMMEN;DIE BRÜDER;1
STIMMEN;BARAK;1
STIMMEN;DIE KAISERIN;1
STIMMEN;DIE FRAU;1
STIMMEN;DIE BETTELKINDER;1
STIMMEN;DER JÜNGLING;1
STIMMEN;DIE AMME;1
STIMMEN;DIE FREMDEN KINDER;1
STIMMEN;DES FALKEN STIMME;1
STIMMEN;DER KAISER;1
DER BOTE;UNIRDISCHE STIMMEN;1
DER BOTE;DIENENDE GEISTER;1
DER BOTE;STIMME;1
DER BOTE;DIENERINNEN;1
DER BOTE;DER EINÄUGIGE;1
DER BOTE;STIMME VON OBEN;1
DER BOTE;DRITTER DIENENDER GEIST;1
DER BOTE;DER KAISER;2
DER BOTE;DER CHOR;1
DER BOTE;ERSTER DIENENDER GEIST;1
DER BOTE;DIE AMME;2
DER BOTE;DIE STIMMEN DER WÄCHTER IN DEN STRASSEN;1
DER BOTE;DIE UNGEBORENEN;1
DER BOTE;DIE FRAU;2
DER BOTE;DER JÜNGLING;1
DER BOTE;DER EINARMIGE;1
DER BOTE;DER BUCKLIGE;1
DER BOTE;DES FALKEN STIMME;1
DER BOTE;BARAK;2
DER BOTE;DIE MENSCHENSTIMMEN;1
DER BOTE;ZWEITER DIENENDER GEIST;1
DER BOTE;DIE KAISERIN;2
DER BOTE;DIE FÄRBERIN;1
DER BOTE;FÜNF KINDERSTIMMEN;1
DER BOTE;DIE STIMMEN DER FÄRBERSLEUTE;1
DIENENDE GEISTER;UNIRDISCHE STIMMEN;1
DIENENDE GEISTER;DIE UNGEBORENEN;1
DIENENDE GEISTER;DIE FRAU;1
DIENENDE GEISTER;STIMME;1
DIENENDE GEISTER;STIMME VON OBEN;1
DIENENDE GEISTER;DIE STIMMEN DER FÄRBERSLEUTE;1
DIENENDE GEISTER;BARAK;1
DIENENDE GEISTER;DIE MENSCHENSTIMMEN;1
DIENENDE GEISTER;ZWEITER DIENENDER GEIST;1
DIENENDE GEISTER;DRITTER DIENENDER GEIST;1
DIENENDE GEISTER;DIE FÄRBERIN;1
DIENENDE GEISTER;DER CHOR;1
DIENENDE GEISTER;ERSTER DIENENDER GEIST;1
DIENENDE GEISTER;DIE AMME;1
DIENENDE GEISTER;DIE KAISERIN;1
DIENENDE GEISTER;DER KAISER;1
STIMME;DIE UNGEBORENEN;1
STIMME;DIE FRAU;1
STIMME;UNIRDISCHE STIMMEN;1
STIMME;DIE MENSCHENSTIMMEN;1
STIMME;STIMME VON OBEN;1
STIMME;BARAK;1
STIMME;ZWEITER DIENENDER GEIST;1
STIMME;DIE KAISERIN;1
STIMME;DRITTER DIENENDER GEIST;1
STIMME;DER KAISER;1
STIMME;DER CHOR;1
STIMME;ERSTER DIENENDER GEIST;1
STIMME;DIE AMME;1
STIMME;DIE STIMMEN DER FÄRBERSLEUTE;1
STIMME;DIE FÄRBERIN;1
DIE MENSCHENSTIMMEN;UNIRDISCHE STIMMEN;1
DIE MENSCHENSTIMMEN;DIE UNGEBORENEN;1
DIE MENSCHENSTIMMEN;DIE AMME;1
DIE MENSCHENSTIMMEN;STIMME VON OBEN;1
DIE MENSCHENSTIMMEN;BARAK;1
DIE MENSCHENSTIMMEN;ZWEITER DIENENDER GEIST;1
DIE MENSCHENSTIMMEN;DIE KAISERIN;1
DIE MENSCHENSTIMMEN;DRITTER DIENENDER GEIST;1
DIE MENSCHENSTIMMEN;DER KAISER;1
DIE MENSCHENSTIMMEN;DER CHOR;1
DIE MENSCHENSTIMMEN;ERSTER DIENENDER GEIST;1
DIE MENSCHENSTIMMEN;DIE FRAU;1
DIE MENSCHENSTIMMEN;DIE STIMMEN DER FÄRBERSLEUTE;1
DIE MENSCHENSTIMMEN;DIE FÄRBERIN;1
DER EINÄUGIGE;DIE FRAU;1
DER EINÄUGIGE;DER JÜNGLING;1
DER EINÄUGIGE;DIE STIMMEN DER WÄCHTER IN DEN STRASSEN;1
DER EINÄUGIGE;DIENERINNEN;1
DER EINÄUGIGE;DER EINARMIGE;1
DER EINÄUGIGE;DER BUCKLIGE;1
DER EINÄUGIGE;DES FALKEN STIMME;1
DER EINÄUGIGE;BARAK;1
DER EINÄUGIGE;DIE KAISERIN;1
DER EINÄUGIGE;DER KAISER;1
DER EINÄUGIGE;FÜNF KINDERSTIMMEN;1
DER EINÄUGIGE;DIE AMME;1
STIMME VON OBEN;UNIRDISCHE STIMMEN;1
STIMME VON OBEN;DIE UNGEBORENEN;1
STIMME VON OBEN;DIE AMME;1
STIMME VON OBEN;DIE STIMMEN DER FÄRBERSLEUTE;1
STIMME VON OBEN;BARAK;1
STIMME VON OBEN;ZWEITER DIENENDER GEIST;1
STIMME VON OBEN;DRITTER DIENENDER GEIST;1
STIMME VON OBEN;DIE FÄRBERIN;1
STIMME VON OBEN;DER CHOR;1
STIMME VON OBEN;ERSTER DIENENDER GEIST;1
STIMME VON OBEN;DIE FRAU;1
STIMME VON OBEN;DIE KAISERIN;1
STIMME VON OBEN;DER KAISER;1
DER KAISER;DER CHOR;1
DER KAISER;ERSTER DIENENDER GEIST;1
DER KAISER;DIE FRAU;3
DER KAISER;DIE BRÜDER;1
DER KAISER;UNIRDISCHE STIMMEN;1
DER KAISER;DIE STIMMEN DER WÄCHTER IN DEN STRASSEN;1
DER KAISER;DIE UNGEBORENEN;1
DER KAISER;DIE AMME;3
DER KAISER;DER JÜNGLING;2
DER KAISER;DER EINARMIGE;1
DER KAISER;DER BUCKLIGE;1
DER KAISER;DES FALKEN STIMME;2
DER KAISER;DIE STIMMEN DER FÄRBERSLEUTE;1
DER KAISER;BARAK;3
DER KAISER;DIENERINNEN;1
DER KAISER;ZWEITER DIENENDER GEIST;1
DER KAISER;DRITTER DIENENDER GEIST;1
DER KAISER;DIE BETTELKINDER;1
DER KAISER;FÜNF KINDERSTIMMEN;1
DER KAISER;DIE FREMDEN KINDER;1
DER KAISER;DIE KAISERIN;3
DER KAISER;DIE FÄRBERIN;1
DER CHOR;UNIRDISCHE STIMMEN;1
DER CHOR;DIE UNGEBORENEN;1
DER CHOR;DIE FRAU;1
DER CHOR;BARAK;1
DER CHOR;ZWEITER DIENENDER GEIST;1
DER CHOR;DIE KAISERIN;1
DER CHOR;DRITTER DIENENDER GEIST;1
DER CHOR;ERSTER DIENENDER GEIST;1
DER CHOR;DIE AMME;1
DER CHOR;DIE STIMMEN DER FÄRBERSLEUTE;1
DER CHOR;DIE FÄRBERIN;1
ERSTER DIENENDER GEIST;UNIRDISCHE STIMMEN;1
ERSTER DIENENDER GEIST;DIE UNGEBORENEN;1
ERSTER DIENENDER GEIST;DIE FRAU;1
ERSTER DIENENDER GEIST;DIE STIMMEN DER FÄRBERSLEUTE;1
ERSTER DIENENDER GEIST;BARAK;1
ERSTER DIENENDER GEIST;ZWEITER DIENENDER GEIST;1
ERSTER DIENENDER GEIST;DRITTER DIENENDER GEIST;1
ERSTER DIENENDER GEIST;DIE FÄRBERIN;1
ERSTER DIENENDER GEIST;DIE AMME;1
ERSTER DIENENDER GEIST;DIE KAISERIN;1
DIE FRAU;DIE BRÜDER;1
DIE FRAU;UNIRDISCHE STIMMEN;1
DIE FRAU;DIE STIMMEN DER WÄCHTER IN DEN STRASSEN;1
DIE FRAU;DIE UNGEBORENEN;1
DIE FRAU;DIE AMME;3
DIE FRAU;DER JÜNGLING;2
DIE FRAU;DER EINARMIGE;1
DIE FRAU;DER BUCKLIGE;1
DIE FRAU;DES FALKEN STIMME;2
DIE FRAU;DIE STIMMEN DER FÄRBERSLEUTE;1
DIE FRAU;BARAK;3
DIE FRAU;DIENERINNEN;1
DIE FRAU;ZWEITER DIENENDER GEIST;1
DIE FRAU;DRITTER DIENENDER GEIST;1
DIE FRAU;DIE BETTELKINDER;1
DIE FRAU;FÜNF KINDERSTIMMEN;1
DIE FRAU;DIE FREMDEN KINDER;1
DIE FRAU;DIE KAISERIN;3
DIE FRAU;DIE FÄRBERIN;1
DIE BRÜDER;BARAK;1
DIE BRÜDER;DIE KAISERIN;1
DIE BRÜDER;DIE BETTELKINDER;1
DIE BRÜDER;DER JÜNGLING;1
DIE BRÜDER;DIE AMME;1
DIE BRÜDER;DIE FREMDEN KINDER;1
DIE BRÜDER;DES FALKEN STIMME;1
UNIRDISCHE STIMMEN;DIE UNGEBORENEN;1
UNIRDISCHE STIMMEN;BARAK;1
UNIRDISCHE STIMMEN;ZWEITER DIENENDER GEIST;1
UNIRDISCHE STIMMEN;DIE KAISERIN;1
UNIRDISCHE STIMMEN;DRITTER DIENENDER GEIST;1
UNIRDISCHE STIMMEN;DIE AMME;1
UNIRDISCHE STIMMEN;DIE STIMMEN DER FÄRBERSLEUTE;1
UNIRDISCHE STIMMEN;DIE FÄRBERIN;1
DIE STIMMEN DER WÄCHTER IN DEN STRASSEN;DER JÜNGLING;1
DIE STIMMEN DER WÄCHTER IN DEN STRASSEN;DIENERINNEN;1
DIE STIMMEN DER WÄCHTER IN DEN STRASSEN;DER EINARMIGE;1
DIE STIMMEN DER WÄCHTER IN DEN STRASSEN;DER BUCKLIGE;1
DIE STIMMEN DER WÄCHTER IN DEN STRASSEN;DES FALKEN STIMME;1
DIE STIMMEN DER WÄCHTER IN DEN STRASSEN;BARAK;1
DIE STIMMEN DER WÄCHTER IN DEN STRASSEN;DIE KAISERIN;1
DIE STIMMEN DER WÄCHTER IN DEN STRASSEN;FÜNF KINDERSTIMMEN;1
DIE STIMMEN DER WÄCHTER IN DEN STRASSEN;DIE AMME;1
DIE UNGEBORENEN;DIE STIMMEN DER FÄRBERSLEUTE;1
DIE UNGEBORENEN;BARAK;1
DIE UNGEBORENEN;ZWEITER DIENENDER GEIST;1
DIE UNGEBORENEN;DRITTER DIENENDER GEIST;1
DIE UNGEBORENEN;DIE FÄRBERIN;1
DIE UNGEBORENEN;DIE AMME;1
DIE UNGEBORENEN;DIE KAISERIN;1
DIE AMME;DER JÜNGLING;2
DIE AMME;DER EINARMIGE;1
DIE AMME;DER BUCKLIGE;1
DIE AMME;DES FALKEN STIMME;2
DIE AMME;DIE STIMMEN DER FÄRBERSLEUTE;1
DIE AMME;BARAK;3
DIE AMME;DIENERINNEN;1
DIE AMME;ZWEITER DIENENDER GEIST;1
DIE AMME;DRITTER DIENENDER GEIST;1
DIE AMME;DIE BETTELKINDER;1
DIE AMME;FÜNF KINDERSTIMMEN;1
DIE AMME;DIE FREMDEN KINDER;1
DIE AMME;DIE KAISERIN;3
DIE AMME;DIE FÄRBERIN;1
DER JÜNGLING;DIENERINNEN;1
DER JÜNGLING;DER EINARMIGE;1
DER JÜNGLING;DER BUCKLIGE;1
DER JÜNGLING;DES FALKEN STIMME;2
DER JÜNGLING;BARAK;2
DER JÜNGLING;DIE KAISERIN;2
DER JÜNGLING;FÜNF KINDERSTIMMEN;1
DER JÜNGLING;DIE FREMDEN KINDER;1
DER JÜNGLING;DIE BETTELKINDER;1
DER EINARMIGE;DIENERINNEN;1
DER EINARMIGE;DER BUCKLIGE;1
DER EINARMIGE;DES FALKEN STIMME;1
DER EINARMIGE;BARAK;1
DER EINARMIGE;DIE KAISERIN;1
DER EINARMIGE;FÜNF KINDERSTIMMEN;1
DER BUCKLIGE;DIENERINNEN;1
DER BUCKLIGE;DES FALKEN STIMME;1
DER BUCKLIGE;BARAK;1
DER BUCKLIGE;DIE KAISERIN;1
DER BUCKLIGE;FÜNF KINDERSTIMMEN;1
DES FALKEN STIMME;DIENERINNEN;1
DES FALKEN STIMME;BARAK;2
DES FALKEN STIMME;DIE KAISERIN;2
DES FALKEN STIMME;FÜNF KINDERSTIMMEN;1
DES FALKEN STIMME;DIE FREMDEN KINDER;1
DES FALKEN STIMME;DIE BETTELKINDER;1
DIE STIMMEN DER FÄRBERSLEUTE;BARAK;1
DIE STIMMEN DER FÄRBERSLEUTE;ZWEITER DIENENDER GEIST;1
DIE STIMMEN DER FÄRBERSLEUTE;DRITTER DIENENDER GEIST;1
DIE STIMMEN DER FÄRBERSLEUTE;DIE FÄRBERIN;1
DIE STIMMEN DER FÄRBERSLEUTE;DIE KAISERIN;1
BARAK;DRITTER DIENENDER GEIST;1
BARAK;DIE FREMDEN KINDER;1
BARAK;DIENERINNEN;1
BARAK;ZWEITER DIENENDER GEIST;1
BARAK;DIE KAISERIN;3
BARAK;DIE BETTELKINDER;1
BARAK;FÜNF KINDERSTIMMEN;1
BARAK;DIE FÄRBERIN;1
DIENERINNEN;DIE KAISERIN;1
DIENERINNEN;FÜNF KINDERSTIMMEN;1
ZWEITER DIENENDER GEIST;DIE KAISERIN;1
ZWEITER DIENENDER GEIST;DRITTER DIENENDER GEIST;1
ZWEITER DIENENDER GEIST;DIE FÄRBERIN;1
DRITTER DIENENDER GEIST;DIE KAISERIN;1
DRITTER DIENENDER GEIST;DIE FÄRBERIN;1
DIE BETTELKINDER;DIE KAISERIN;1
DIE BETTELKINDER;DIE FREMDEN KINDER;1
FÜNF KINDERSTIMMEN;DIE KAISERIN;1
DIE FREMDEN KINDER;DIE KAISERIN;1
DIE KAISERIN;DIE FÄRBERIN;1
