MELA;FERIA;2
MELA;MANDANDANE;1
MELA;MANA;2
MELA;SORA;2
MELA;ANDRASON;2
MELA;LATO;2
MANDANDANE;MANA;1
MANDANDANE;PRINZ;1
MANDANDANE;MERKULO;1
MANDANDANE;PROSERPINA;1
MANDANDANE;FERIA;1
MANDANDANE;ANDRASON;2
MANDANDANE;SORA;1
MANDANDANE;LATO;1
MANDANDANE;DIE PARZEN;1
SORA;MANA;3
SORA;MERKULO;1
SORA;FERIA;2
SORA;ANDRASON;2
SORA;BEDIENTER;1
SORA;LATO;2
SORA;BEDIENTE;1
FERIA;MANA;2
FERIA;PRINZ;1
FERIA;MERKULO;1
FERIA;ANDRASON;2
FERIA;LATO;2
ANDRASON;MANA;2
ANDRASON;PRINZ;1
ANDRASON;MERKULO;1
ANDRASON;LATO;2
BEDIENTER;BEDIENTE;1
BEDIENTER;MANA;1
BEDIENTER;MERKULO;1
LATO;MANA;2
PROSERPINA;DIE PARZEN;1
MANA;MERKULO;1
MANA;BEDIENTE;1
PRINZ;MERKULO;2
MERKULO;BEDIENTE;1
