SCHABENFELLNER;EMERENZIA;2
SCHABENFELLNER;DIE KRÄHWINKLER;1
SCHABENFELLNER;CHOR;2
SCHABENFELLNER;FRAU KLÖPPL;1
SCHABENFELLNER;FRAU PEMPERL;2
SCHABENFELLNER;BÜRGERMEISTER;1
SCHABENFELLNER;PEMPERL;6
SCHABENFELLNER;CÄCILIE;1
SCHABENFELLNER;FRAU SCHABENFELLNER;2
SCHABENFELLNER;NACHTWÄCHTER;4
FRAU KLÖPPL;PEMPERL;1
FRAU KLÖPPL;FRAU SCHABENFELLNER;2
FRAU KLÖPPL;FRAU PEMPERL;2
BABETTE;FRAU VON SCHNABELBEISS;1
BABETTE;ULTRA;1
BABETTE;REAKZERL;1
BABETTE;ADELE;2
BABETTE;SPERLING;1
BABETTE;KATHI;2
BABETTE;FRAU VON FRANKENFREI;2
BABETTE;WALPURGA;1
BABETTE;FRAU PEMPERL;1
BABETTE;FRAU SCHABENFELLNER;1
KATHI;ADELE;2
KATHI;ULTRA;1
KATHI;FRAU VON FRANKENFREI;2
KATHI;REAKZERL;1
KATHI;FRAU VON SCHNABELBEISS;1
KATHI;WALPURGA;1
KATHI;SPERLING;1
KATHI;FRAU PEMPERL;1
KATHI;FRAU SCHABENFELLNER;1
PEMPERL;EMERENZIA;4
PEMPERL;PFIFFSPITZ;1
PEMPERL;DIE KRÄHWINKLER;2
PEMPERL;BÜRGERMEISTER;2
PEMPERL;CÄCILIE;1
PEMPERL;NACHTWÄCHTER;6
PEMPERL;ULTRA;1
PEMPERL;DIE BÜRGER;1
PEMPERL;CHOR;3
PEMPERL;FRAU PEMPERL;2
PEMPERL;FRAU SCHABENFELLNER;2
PEMPERL;KLAUS;2
ADELE;FRAU VON SCHNABELBEISS;1
ADELE;ULTRA;1
ADELE;REAKZERL;1
ADELE;SPERLING;1
ADELE;FRAU VON FRANKENFREI;2
ADELE;WALPURGA;1
ADELE;FRAU PEMPERL;1
ADELE;FRAU SCHABENFELLNER;1
CÄCILIE;EMERENZIA;6
CÄCILIE;KELLNER;1
CÄCILIE;ULTRA;1
CÄCILIE;SIGMUND;3
CÄCILIE;WILLIBALD;1
CÄCILIE;BÜRGERMEISTER;2
CÄCILIE;WALPURGA;1
CÄCILIE;NACHTWÄCHTER;2
CÄCILIE;KLAUS;6
PFIFFSPITZ;DIE KRÄHWINKLER;1
PFIFFSPITZ;ULTRA;3
PFIFFSPITZ;KLAUS;1
REAKZERL;EIN BEDIENTER;1
REAKZERL;BÜRGERMEISTER;1
REAKZERL;SPERLING;2
REAKZERL;FRAU VON SCHNABELBEISS;3
REAKZERL;ULTRA;2
REAKZERL;WALPURGA;2
REAKZERL;SIGMUND;1
REAKZERL;FRAU VON FRANKENFREI;3
REAKZERL;FRAU PEMPERL;2
REAKZERL;FRAU SCHABENFELLNER;1
WALPURGA;EIN BEDIENTER;1
WALPURGA;ULTRA;1
WALPURGA;NACHTWÄCHTER;1
WALPURGA;FRAU VON SCHNABELBEISS;2
WALPURGA;SPERLING;1
WALPURGA;FRAU VON FRANKENFREI;2
WALPURGA;FRAU PEMPERL;1
WALPURGA;FRAU SCHABENFELLNER;1
WALPURGA;KLAUS;1
FRAU VON FRANKENFREI;EIN BEDIENTER;1
FRAU VON FRANKENFREI;WILLIBALD;2
FRAU VON FRANKENFREI;NACHTWÄCHTER;1
FRAU VON FRANKENFREI;FRAU VON SCHNABELBEISS;3
FRAU VON FRANKENFREI;ULTRA;5
FRAU VON FRANKENFREI;BÜRGERMEISTER;3
FRAU VON FRANKENFREI;SPERLING;2
FRAU VON FRANKENFREI;SIGMUND;2
FRAU VON FRANKENFREI;FRAU PEMPERL;2
FRAU VON FRANKENFREI;FRAU SCHABENFELLNER;1
FRAU VON FRANKENFREI;KLAUS;2
FRAU PEMPERL;ULTRA;1
FRAU PEMPERL;BÜRGERMEISTER;1
FRAU PEMPERL;SPERLING;2
FRAU PEMPERL;CHOR;1
FRAU PEMPERL;NACHTWÄCHTER;1
FRAU PEMPERL;FRAU SCHABENFELLNER;4
FRAU PEMPERL;FRAU VON SCHNABELBEISS;2
FRAU SCHABENFELLNER;NACHTWÄCHTER;1
FRAU SCHABENFELLNER;FRAU VON SCHNABELBEISS;1
FRAU SCHABENFELLNER;SPERLING;1
FRAU SCHABENFELLNER;CHOR;1
KLAUS;EMERENZIA;7
KLAUS;DIE KRÄHWINKLER;1
KLAUS;WILLIBALD;3
KLAUS;BÜRGERMEISTER;7
KLAUS;ULTRA;7
KLAUS;SPERLING;1
KLAUS;SIGMUND;5
KLAUS;CHOR;1
KLAUS;NACHTWÄCHTER;5
KLAUS;DIE BÜRGER;1
EMERENZIA;KELLNER;1
EMERENZIA;CHOR;1
EMERENZIA;SIGMUND;1
EMERENZIA;BÜRGERMEISTER;5
EMERENZIA;ULTRA;3
EMERENZIA;DIE KRÄHWINKLER;1
EMERENZIA;NACHTWÄCHTER;4
KELLNER;SPERLING;1
KELLNER;BÜRGERMEISTER;2
DIE KRÄHWINKLER;ULTRA;1
DIE KRÄHWINKLER;BÜRGERMEISTER;1
DIE KRÄHWINKLER;NACHTWÄCHTER;1
CHOR;NACHTWÄCHTER;2
EIN BEDIENTER;FRAU VON SCHNABELBEISS;1
EIN BEDIENTER;ULTRA;1
WILLIBALD;RUMMELPUFF;1
WILLIBALD;ULTRA;5
WILLIBALD;SIGMUND;6
WILLIBALD;SPERLING;2
WILLIBALD;BÜRGERMEISTER;1
WILLIBALD;NACHTWÄCHTER;3
BÜRGERMEISTER;RUMMELPUFF;2
BÜRGERMEISTER;ULTRA;8
BÜRGERMEISTER;NACHTWÄCHTER;5
BÜRGERMEISTER;FRAU VON SCHNABELBEISS;1
BÜRGERMEISTER;SPERLING;7
BÜRGERMEISTER;SIGMUND;2
NACHTWÄCHTER;ULTRA;2
NACHTWÄCHTER;DIE BÜRGER;1
NACHTWÄCHTER;SPERLING;2
NACHTWÄCHTER;SIGMUND;1
FRAU VON SCHNABELBEISS;SPERLING;2
FRAU VON SCHNABELBEISS;ULTRA;2
ULTRA;SPERLING;5
ULTRA;SIGMUND;4
ULTRA;RUMMELPUFF;2
SPERLING;RUMMELPUFF;4
SPERLING;SIGMUND;3
SIGMUND;RUMMELPUFF;3
