DER OFFIZIER;DER ERSTE GEFANGENE;4
DER OFFIZIER;MATROSEN;1
DER OFFIZIER;DER KRANKE;1
DER OFFIZIER;NAUKE;4
DER OFFIZIER;DIE SCHIFFSGEFANGENEN;2
DER OFFIZIER;DER FÜHRER DER BÜRGER;1
DER OFFIZIER;ZWEITER WÄCHTER;2
DER OFFIZIER;DER MANN;4
DER OFFIZIER;ZWEITE REVOLUTIONÄRIN;1
DER OFFIZIER;JUNGER MENSCH;3
DER OFFIZIER;OFFIZIER;2
DER OFFIZIER;ZWEITER ALTER GEFANGENER;1
DER OFFIZIER;DER ZWEITE GEFANGENE;2
DER OFFIZIER;KAPITÄN;1
DER OFFIZIER;DRITTE REVOLUTIONÄRIN;1
DER OFFIZIER;DAS VOLK (DIE MENGE);3
DER OFFIZIER;ALLE BRÜDER;1
DER OFFIZIER;ERSTER ALTER GEFANGENER;1
DER OFFIZIER;ANNA;4
DER OFFIZIER;EINE FRAU;3
DER OFFIZIER;ERSTE REVOLUTIONÄRIN;1
DER OFFIZIER;EIN JUNGE;1
DER OFFIZIER;KLOTZ;4
DER OFFIZIER;DER GOUVERNEUR;4
DER OFFIZIER;ERSTER WÄCHTER;3
DER OFFIZIER;DIE ANDEREN BÜRGER;1
DIE EINE GRUPPE DES VOLKES;EIN JUNGE AUS DEM VOLK;1
DIE EINE GRUPPE DES VOLKES;DER ERSTE GEFANGENE;1
DIE EINE GRUPPE DES VOLKES;DER KRÜPPEL;2
DIE EINE GRUPPE DES VOLKES;DAS VOLK (DIE MENGE);2
DIE EINE GRUPPE DES VOLKES;DER BUCKLIGE;2
DIE EINE GRUPPE DES VOLKES;NAUKE;1
DIE EINE GRUPPE DES VOLKES;ANNA;1
DIE EINE GRUPPE DES VOLKES;EINE FRAU;2
DIE EINE GRUPPE DES VOLKES;DIE ANDERE GRUPPE DES VOLKES;2
DIE EINE GRUPPE DES VOLKES;DER MANN;2
DIE EINE GRUPPE DES VOLKES;EIN JUNGE;1
DIE EINE GRUPPE DES VOLKES;KLOTZ;2
DIE EINE GRUPPE DES VOLKES;DER GOUVERNEUR;1
DIE EINE GRUPPE DES VOLKES;JUNGER MENSCH;1
DIE EINE GRUPPE DES VOLKES;EIN GREIS AUS DEM VOLK;1
EIN JUNGE AUS DEM VOLK;EINE FRAU;1
EIN JUNGE AUS DEM VOLK;DER ERSTE GEFANGENE;1
EIN JUNGE AUS DEM VOLK;DIE ANDERE GRUPPE DES VOLKES;1
EIN JUNGE AUS DEM VOLK;DER MANN;1
EIN JUNGE AUS DEM VOLK;DER KRÜPPEL;1
EIN JUNGE AUS DEM VOLK;KLOTZ;1
EIN JUNGE AUS DEM VOLK;EIN JUNGE;1
EIN JUNGE AUS DEM VOLK;DAS VOLK (DIE MENGE);1
EIN JUNGE AUS DEM VOLK;DER BUCKLIGE;1
EIN JUNGE AUS DEM VOLK;EIN GREIS AUS DEM VOLK;1
DIE ANDEREN BÜRGER;ANNA;1
DIE ANDEREN BÜRGER;DER FÜHRER DER BÜRGER;1
DIE ANDEREN BÜRGER;EINE FRAU;1
DIE ANDEREN BÜRGER;ZWEITER ALTER GEFANGENER;1
DIE ANDEREN BÜRGER;DER MANN;1
DIE ANDEREN BÜRGER;KLOTZ;1
DIE ANDEREN BÜRGER;DER GOUVERNEUR;1
DIE ANDEREN BÜRGER;ERSTER ALTER GEFANGENER;1
DER KRÜPPEL;KLOTZ;3
DER KRÜPPEL;DER ERSTE GEFANGENE;2
DER KRÜPPEL;DER ZWEITE GEFANGENE;1
DER KRÜPPEL;ERSTER WÄCHTER;1
DER KRÜPPEL;DAS VOLK (DIE MENGE);5
DER KRÜPPEL;DER BUCKLIGE;5
DER KRÜPPEL;ERSTER ALTER GEFANGENER;1
DER KRÜPPEL;ANNA;1
DER KRÜPPEL;EINE FRAU;3
DER KRÜPPEL;DIE ANDERE GRUPPE DES VOLKES;2
DER KRÜPPEL;DER MANN;3
DER KRÜPPEL;EIN JUNGE;1
DER KRÜPPEL;NAUKE;2
DER KRÜPPEL;DER GOUVERNEUR;2
DER KRÜPPEL;JUNGER MENSCH;4
DER KRÜPPEL;EIN GREIS AUS DEM VOLK;3
MATROSEN;ANNA;1
MATROSEN;ZWEITER WÄCHTER;1
MATROSEN;DER MANN;1
MATROSEN;EINE FRAU;1
MATROSEN;KLOTZ;1
MATROSEN;NAUKE;1
MATROSEN;ERSTER WÄCHTER;1
MATROSEN;DER GOUVERNEUR;1
DER KRANKE;OFFIZIER;1
DER KRANKE;ANNA;1
DER KRANKE;DER MANN;2
DER KRANKE;DIE SCHIFFSGEFANGENEN;1
DER KRANKE;KLOTZ;1
DER KRANKE;DER GOUVERNEUR;2
DER KRANKE;NAUKE;2
NAUKE;DER MANN;12
NAUKE;DER ERSTE GEFANGENE;7
NAUKE;DIE SCHIFFSGEFANGENEN;5
NAUKE;DER FÜHRER DER BÜRGER;3
NAUKE;EINE FRAU;10
NAUKE;DIE ANDERE GRUPPE DES VOLKES;1
NAUKE;EIN ALTER MANN;2
NAUKE;JUNGER MENSCH;3
NAUKE;OFFIZIER;8
NAUKE;DER ZWEITE GEFANGENE;6
NAUKE;DAS VOLK (DIE MENGE);5
NAUKE;DER BUCKLIGE;3
NAUKE;ERSTER ALTER GEFANGENER;1
NAUKE;ANNA;8
NAUKE;ZWEITER WÄCHTER;4
NAUKE;EIN GREIS AUS DEM VOLK;2
NAUKE;EIN JUNGE;2
NAUKE;KLOTZ;9
NAUKE;DER GOUVERNEUR;12
NAUKE;ERSTER WÄCHTER;6
EIN GREIS AUS DEM VOLK;KLOTZ;3
EIN GREIS AUS DEM VOLK;DER ERSTE GEFANGENE;2
EIN GREIS AUS DEM VOLK;DAS VOLK (DIE MENGE);4
EIN GREIS AUS DEM VOLK;DER BUCKLIGE;4
EIN GREIS AUS DEM VOLK;ERSTER ALTER GEFANGENER;1
EIN GREIS AUS DEM VOLK;ANNA;1
EIN GREIS AUS DEM VOLK;EINE FRAU;3
EIN GREIS AUS DEM VOLK;DIE ANDERE GRUPPE DES VOLKES;1
EIN GREIS AUS DEM VOLK;DER MANN;3
EIN GREIS AUS DEM VOLK;EIN JUNGE;1
EIN GREIS AUS DEM VOLK;DER GOUVERNEUR;2
EIN GREIS AUS DEM VOLK;JUNGER MENSCH;4
DIE SCHIFFSGEFANGENEN;OFFIZIER;4
DIE SCHIFFSGEFANGENEN;DER ERSTE GEFANGENE;3
DIE SCHIFFSGEFANGENEN;DER ZWEITE GEFANGENE;3
DIE SCHIFFSGEFANGENEN;EINE FRAU;1
DIE SCHIFFSGEFANGENEN;ANNA;2
DIE SCHIFFSGEFANGENEN;ZWEITER WÄCHTER;2
DIE SCHIFFSGEFANGENEN;DER MANN;2
DIE SCHIFFSGEFANGENEN;KLOTZ;2
DIE SCHIFFSGEFANGENEN;DER GOUVERNEUR;4
DIE SCHIFFSGEFANGENEN;ERSTER WÄCHTER;2
ALLE BRÜDER;ANNA;1
ALLE BRÜDER;ZWEITER WÄCHTER;1
ALLE BRÜDER;EIN JUNGE;1
ALLE BRÜDER;KAPITÄN;1
ALLE BRÜDER;KLOTZ;1
ALLE BRÜDER;DAS VOLK (DIE MENGE);1
ALLE BRÜDER;DER GOUVERNEUR;1
ALLE BRÜDER;ERSTER WÄCHTER;1
EINE FRAU;DER MANN;15
EINE FRAU;DER FÜHRER DER BÜRGER;1
EINE FRAU;ZWEITER WÄCHTER;2
EINE FRAU;DIE ANDERE GRUPPE DES VOLKES;2
EINE FRAU;EIN ALTER MANN;1
EINE FRAU;JUNGER MENSCH;4
EINE FRAU;EIN HERR;1
EINE FRAU;OFFIZIER;3
EINE FRAU;ZWEITER ALTER GEFANGENER;1
EINE FRAU;DER ERSTE GEFANGENE;4
EINE FRAU;DER ZWEITE GEFANGENE;2
EINE FRAU;DAS VOLK (DIE MENGE);6
EINE FRAU;DER BUCKLIGE;4
EINE FRAU;ERSTER ALTER GEFANGENER;1
EINE FRAU;ANNA;6
EINE FRAU;DER SCHIFFSGEFANGENE;1
EINE FRAU;EIN JUNGE;2
EINE FRAU;KLOTZ;10
EINE FRAU;DER GOUVERNEUR;9
EINE FRAU;ERSTER WÄCHTER;3
DIE ANDERE GRUPPE DES VOLKES;DER ERSTE GEFANGENE;1
DIE ANDERE GRUPPE DES VOLKES;EIN JUNGE;1
DIE ANDERE GRUPPE DES VOLKES;DAS VOLK (DIE MENGE);2
DIE ANDERE GRUPPE DES VOLKES;DER BUCKLIGE;2
DIE ANDERE GRUPPE DES VOLKES;ANNA;1
DIE ANDERE GRUPPE DES VOLKES;DER MANN;2
DIE ANDERE GRUPPE DES VOLKES;KLOTZ;2
DIE ANDERE GRUPPE DES VOLKES;DER GOUVERNEUR;1
DIE ANDERE GRUPPE DES VOLKES;JUNGER MENSCH;1
DER MANN;DER FÜHRER DER BÜRGER;2
DER MANN;EIN ALTER MANN;1
DER MANN;JUNGER MENSCH;4
DER MANN;EIN HERR;1
DER MANN;OFFIZIER;4
DER MANN;ZWEITER ALTER GEFANGENER;1
DER MANN;DER ERSTE GEFANGENE;5
DER MANN;DER ZWEITE GEFANGENE;3
DER MANN;SOLDATEN;1
DER MANN;DAS VOLK (DIE MENGE);8
DER MANN;DER BUCKLIGE;4
DER MANN;ERSTER ALTER GEFANGENER;3
DER MANN;ANNA;9
DER MANN;DER SCHIFFSGEFANGENE;1
DER MANN;ZWEITER WÄCHTER;4
DER MANN;KIND;2
DER MANN;EIN JUNGE;2
DER MANN;KLOTZ;15
DER MANN;EIN SOLDAT;1
DER MANN;DER GOUVERNEUR;12
DER MANN;ERSTER WÄCHTER;6
EIN ALTER MANN;ZWEITER WÄCHTER;1
EIN ALTER MANN;EIN JUNGE;3
EIN ALTER MANN;DAS VOLK (DIE MENGE);1
EIN ALTER MANN;ERSTER WÄCHTER;1
EIN ALTER MANN;EIN HERR;1
ZWEITE REVOLUTIONÄRIN;ANNA;3
ZWEITE REVOLUTIONÄRIN;ERSTE REVOLUTIONÄRIN;5
ZWEITE REVOLUTIONÄRIN;DER ERSTE GEFANGENE;1
ZWEITE REVOLUTIONÄRIN;DRITTE REVOLUTIONÄRIN;5
ZWEITE REVOLUTIONÄRIN;DAS VOLK (DIE MENGE);2
ZWEITE REVOLUTIONÄRIN;JUNGER MENSCH;2
JUNGER MENSCH;DER GOUVERNEUR;4
JUNGER MENSCH;DER ERSTE GEFANGENE;4
JUNGER MENSCH;DER ZWEITE GEFANGENE;1
JUNGER MENSCH;DRITTE REVOLUTIONÄRIN;2
JUNGER MENSCH;DAS VOLK (DIE MENGE);8
JUNGER MENSCH;DER BUCKLIGE;5
JUNGER MENSCH;ANNA;5
JUNGER MENSCH;KLOTZ;4
JUNGER MENSCH;ERSTER ALTER GEFANGENER;2
JUNGER MENSCH;ERSTE REVOLUTIONÄRIN;2
JUNGER MENSCH;ERSTER WÄCHTER;1
EIN HERR;DAS VOLK (DIE MENGE);1
EIN HERR;EIN JUNGE;1
OFFIZIER;ANNA;4
OFFIZIER;DER ERSTE GEFANGENE;5
OFFIZIER;DER ZWEITE GEFANGENE;5
OFFIZIER;ZWEITER WÄCHTER;2
OFFIZIER;KLOTZ;3
OFFIZIER;DER GOUVERNEUR;5
OFFIZIER;ERSTER WÄCHTER;3
ZWEITER ALTER GEFANGENER;ANNA;1
ZWEITER ALTER GEFANGENER;DER FÜHRER DER BÜRGER;1
ZWEITER ALTER GEFANGENER;KLOTZ;1
ZWEITER ALTER GEFANGENER;DER GOUVERNEUR;1
ZWEITER ALTER GEFANGENER;ERSTER ALTER GEFANGENER;1
DER ERSTE GEFANGENE;DER ZWEITE GEFANGENE;7
DER ERSTE GEFANGENE;DRITTE REVOLUTIONÄRIN;1
DER ERSTE GEFANGENE;DAS VOLK (DIE MENGE);5
DER ERSTE GEFANGENE;DER BUCKLIGE;3
DER ERSTE GEFANGENE;ANNA;4
DER ERSTE GEFANGENE;ZWEITER WÄCHTER;2
DER ERSTE GEFANGENE;EIN JUNGE;1
DER ERSTE GEFANGENE;KLOTZ;4
DER ERSTE GEFANGENE;DER GOUVERNEUR;4
DER ERSTE GEFANGENE;ERSTER WÄCHTER;5
DER ERSTE GEFANGENE;ERSTE REVOLUTIONÄRIN;1
DER ZWEITE GEFANGENE;DAS VOLK (DIE MENGE);1
DER ZWEITE GEFANGENE;DER BUCKLIGE;1
DER ZWEITE GEFANGENE;ANNA;3
DER ZWEITE GEFANGENE;ZWEITER WÄCHTER;2
DER ZWEITE GEFANGENE;ERSTER WÄCHTER;5
DER ZWEITE GEFANGENE;KLOTZ;2
DER ZWEITE GEFANGENE;DER GOUVERNEUR;3
DER FÜHRER DER BÜRGER;ANNA;1
DER FÜHRER DER BÜRGER;KLOTZ;1
DER FÜHRER DER BÜRGER;DER GOUVERNEUR;1
DER FÜHRER DER BÜRGER;ERSTER ALTER GEFANGENER;1
KAPITÄN;ANNA;1
KAPITÄN;ZWEITER WÄCHTER;1
KAPITÄN;EIN JUNGE;2
KAPITÄN;KLOTZ;1
KAPITÄN;DAS VOLK (DIE MENGE);1
KAPITÄN;DER GOUVERNEUR;1
KAPITÄN;ERSTER WÄCHTER;1
DRITTE REVOLUTIONÄRIN;ANNA;3
DRITTE REVOLUTIONÄRIN;ERSTE REVOLUTIONÄRIN;5
DRITTE REVOLUTIONÄRIN;DAS VOLK (DIE MENGE);2
DAS VOLK (DIE MENGE);DER BUCKLIGE;6
DAS VOLK (DIE MENGE);ERSTER ALTER GEFANGENER;2
DAS VOLK (DIE MENGE);ANNA;4
DAS VOLK (DIE MENGE);ZWEITER WÄCHTER;1
DAS VOLK (DIE MENGE);ERSTE REVOLUTIONÄRIN;2
DAS VOLK (DIE MENGE);EIN JUNGE;3
DAS VOLK (DIE MENGE);KLOTZ;7
DAS VOLK (DIE MENGE);DER GOUVERNEUR;5
DAS VOLK (DIE MENGE);ERSTER WÄCHTER;2
DER BUCKLIGE;ERSTER WÄCHTER;1
DER BUCKLIGE;ERSTER ALTER GEFANGENER;1
DER BUCKLIGE;ANNA;2
DER BUCKLIGE;EIN JUNGE;1
DER BUCKLIGE;KLOTZ;4
DER BUCKLIGE;DER GOUVERNEUR;3
ERSTER ALTER GEFANGENER;ANNA;1
ERSTER ALTER GEFANGENER;KLOTZ;3
ERSTER ALTER GEFANGENER;DER GOUVERNEUR;2
ANNA;ZWEITER WÄCHTER;3
ANNA;KIND;1
ANNA;EIN JUNGE;1
ANNA;KLOTZ;8
ANNA;DER GOUVERNEUR;9
ANNA;ERSTER WÄCHTER;4
ANNA;ERSTE REVOLUTIONÄRIN;3
SOLDATEN;EIN SOLDAT;1
ZWEITER WÄCHTER;EIN JUNGE;2
ZWEITER WÄCHTER;KLOTZ;3
ZWEITER WÄCHTER;DER GOUVERNEUR;4
ZWEITER WÄCHTER;ERSTER WÄCHTER;7
EIN JUNGE;KLOTZ;2
EIN JUNGE;DER GOUVERNEUR;1
EIN JUNGE;ERSTER WÄCHTER;2
KLOTZ;DER GOUVERNEUR;12
KLOTZ;ERSTER WÄCHTER;4
DER GOUVERNEUR;ERSTER WÄCHTER;5
