DIE NARREN;CLÄRCHEN;1
DIE NARREN;ERSTER POET;2
DIE NARREN;NIKOLO;1
DIE NARREN;VIRGINIA;2
DIE NARREN;ZWEYTER POET;2
DIE NARREN;ALBERT;1
DIE NARREN;BAST;2
DIE NARREN;TRÜBE;2
DIE NARREN;CONSTANZE;1
DIE NARREN;LUKREZIA;2
DIE NARREN;ORPHEUS;2
LUKREZIA;CLÄRCHEN;5
LUKREZIA;ERSTER POET;7
LUKREZIA;NIKOLO;4
LUKREZIA;VIRGINIA;8
LUKREZIA;CONSTANZE;3
LUKREZIA;TRÜBE;8
LUKREZIA;ALBERT;4
LUKREZIA;BAST;5
LUKREZIA;ZWEYTER POET;7
LUKREZIA;ORPHEUS;7
ERSTER POET;BAST;4
ERSTER POET;VIRGINIA;7
ERSTER POET;ZWEYTER POET;8
ERSTER POET;ALBERT;3
ERSTER POET;NIKOLO;2
ERSTER POET;TRÜBE;6
ERSTER POET;CONSTANZE;2
ERSTER POET;CLÄRCHEN;6
ERSTER POET;ORPHEUS;7
NIKOLO;ZWEYTER POET;2
NIKOLO;BAST;6
NIKOLO;VIRGINIA;3
NIKOLO;ALBERT;7
NIKOLO;TRÜBE;8
NIKOLO;CONSTANZE;7
NIKOLO;CLÄRCHEN;12
NIKOLO;ORPHEUS;4
CLÄRCHEN;VIRGINIA;5
CLÄRCHEN;ZWEYTER POET;6
CLÄRCHEN;ALBERT;13
CLÄRCHEN;BAST;10
CLÄRCHEN;TRÜBE;13
CLÄRCHEN;CONSTANZE;18
CLÄRCHEN;ORPHEUS;11
ORPHEUS;ZWEYTER POET;7
ORPHEUS;VIRGINIA;7
ORPHEUS;ALBERT;8
ORPHEUS;BAST;5
ORPHEUS;TRÜBE;9
ORPHEUS;CONSTANZE;6
ZWEYTER POET;BAST;4
ZWEYTER POET;VIRGINIA;7
ZWEYTER POET;ALBERT;3
ZWEYTER POET;TRÜBE;6
ZWEYTER POET;CONSTANZE;2
BAST;VIRGINIA;4
BAST;ALBERT;6
BAST;TRÜBE;12
BAST;CONSTANZE;12
VIRGINIA;ALBERT;4
VIRGINIA;TRÜBE;7
VIRGINIA;CONSTANZE;2
TRÜBE;ALBERT;7
TRÜBE;CONSTANZE;11
ALBERT;CONSTANZE;12
