rank_name,degree_rank,closeness_rank,betweenness_rank,strength_rank,eigenvector_centrality_rank,frequency_rank,speech_acts_rank,words_rank
degree_rank,,,,,,,,
closeness_rank,,,,,,,,
betweenness_rank,,,,,,,,
strength_rank,,,,,0.9666095771422802,0.9168270835647455,0.7029887833762039,0.6210564546529159
eigenvector_centrality_rank,,,,0.9666095771422802,,0.9788230302601421,0.8245614035087719,0.7110343653634215
frequency_rank,,,,0.9168270835647455,0.9788230302601421,,0.8551450300467668,0.744297017607441
speech_acts_rank,,,,0.7029887833762039,0.8245614035087719,0.8551450300467668,,0.8406317620060154
words_rank,,,,0.6210564546529159,0.7110343653634215,0.744297017607441,0.8406317620060154,
