GREGOR;EDRITA;1
GREGOR;ANFÜHRER;1
GREGOR;ATALUS;1
GREGOR;KATTWALDS SCHAFFER;1
GREGOR;LEON;2
GREGOR;SCHAFFER;1
GREGOR;HAUSVERWALTER;1
GREGOR;KNECHT KATTWALDS;1
GREGOR;ZWEITER KNECHT;1
GREGOR;GALOMIR;1
GREGOR;PILGER;1
EDRITA;PILGER;1
EDRITA;KATTWALDS SCHAFFER;1
EDRITA;KATTWALD;3
EDRITA;KNECHT;1
EDRITA;ZWEITER KRIEGER;1
EDRITA;ATALUS;4
EDRITA;ANFÜHRER;1
EDRITA;LEON;4
EDRITA;FÄHRMANN;1
EDRITA;SCHAFFER;3
EDRITA;KNECHT KATTWALDS;1
EDRITA;EIN KRIEGER;1
EDRITA;GALOMIR;3
EDRITA;ZWEITER KNECHT;1
PILGER;ATALUS;1
PILGER;LEON;2
PILGER;KATTWALD;1
PILGER;SCHAFFER;1
PILGER;HAUSVERWALTER;1
PILGER;GALOMIR;1
KATTWALDS SCHAFFER;ATALUS;1
KATTWALDS SCHAFFER;ANFÜHRER;1
KATTWALDS SCHAFFER;LEON;1
KATTWALDS SCHAFFER;SCHAFFER;1
KATTWALDS SCHAFFER;KNECHT KATTWALDS;1
KATTWALDS SCHAFFER;GALOMIR;1
KATTWALDS SCHAFFER;ZWEITER KNECHT;1
KATTWALD;ATALUS;3
KATTWALD;FÄHRMANN;1
KATTWALD;LEON;3
KATTWALD;ZWEITER KRIEGER;1
KATTWALD;SCHAFFER;2
KATTWALD;KNECHT;1
KATTWALD;EIN KRIEGER;1
KATTWALD;GALOMIR;2
HAUSVERWALTER;LEON;1
ZWEITER KRIEGER;ATALUS;1
ZWEITER KRIEGER;LEON;1
ZWEITER KRIEGER;FÄHRMANN;1
ZWEITER KRIEGER;SCHAFFER;1
ZWEITER KRIEGER;KNECHT;1
ZWEITER KRIEGER;EIN KRIEGER;1
ZWEITER KRIEGER;GALOMIR;1
ATALUS;KNECHT;1
ATALUS;ANFÜHRER;1
ATALUS;LEON;4
ATALUS;FÄHRMANN;1
ATALUS;SCHAFFER;3
ATALUS;KNECHT KATTWALDS;1
ATALUS;EIN KRIEGER;1
ATALUS;GALOMIR;3
ATALUS;ZWEITER KNECHT;1
ANFÜHRER;LEON;1
ANFÜHRER;SCHAFFER;1
ANFÜHRER;KNECHT KATTWALDS;1
ANFÜHRER;GALOMIR;1
ANFÜHRER;ZWEITER KNECHT;1
LEON;KNECHT;1
LEON;FÄHRMANN;1
LEON;SCHAFFER;3
LEON;KNECHT KATTWALDS;1
LEON;EIN KRIEGER;1
LEON;GALOMIR;3
LEON;ZWEITER KNECHT;1
KNECHT;SCHAFFER;1
KNECHT;FÄHRMANN;1
KNECHT;EIN KRIEGER;1
KNECHT;GALOMIR;1
FÄHRMANN;SCHAFFER;1
FÄHRMANN;EIN KRIEGER;1
FÄHRMANN;GALOMIR;1
SCHAFFER;KNECHT KATTWALDS;1
SCHAFFER;EIN KRIEGER;1
SCHAFFER;GALOMIR;3
SCHAFFER;ZWEITER KNECHT;1
KNECHT KATTWALDS;GALOMIR;1
KNECHT KATTWALDS;ZWEITER KNECHT;1
EIN KRIEGER;GALOMIR;1
GALOMIR;ZWEITER KNECHT;1
