STIMMEN;ZOE;1
STIMMEN;PAUSANIAS;1
STIMMEN;DER GREIS;1
STIMMEN;APELLES;1
STIMME;ZABBÄOS;1
STIMME;NYMPHAS;2
STIMME;APELLES;2
STIMME;AGRIPPA;2
STIMME;LONGINUS;1
TRYPHENA;PERSIDA;2
TRYPHENA;JARCHAI;1
TRYPHENA;APELLES;2
TRYPHENA;HERENNIANOS;2
TRYPHENA;EIN BÜRGER;1
TRYPHENA;AURELIUS;1
TRYPHENA;VOLK;1
ZWEITER BÜRGER;ERSTER BÜRGER;1
ZWEITER BÜRGER;ZOE;1
ZWEITER BÜRGER;APELLES;1
ZWEITER BÜRGER;PAUSANIAS;1
ZWEITER BÜRGER;AURELIUS;1
ZWEITER BÜRGER;VOLK;1
SELEUKOS;ZABBÄOS;2
SELEUKOS;MÄONIOS;2
SELEUKOS;APELLES;1
PHÖBE;APELLES;2
PHÖBE;SEPTIMIUS;1
PHÖBE;LONGINUS;3
PHÖBE;TIMOLAOS;1
PHÖBE;SKLAVE;1
PHÖBE;AURELIUS;1
PHÖBE;PAUSANIAS;1
SKLAVIN;BOLANA;1
AGRIPPA;ZABBÄOS;1
AGRIPPA;APELLES;2
AGRIPPA;NYMPHAS;2
SATURNINUS;TIMOLAOS;1
SATURNINUS;BOLANA;1
SATURNINUS;SEPTIMIUS;1
SATURNINUS;APELLES;1
SATURNINUS;LONGINUS;1
SATURNINUS;AURELIUS;1
SATURNINUS;VOLK;1
ZOE;DIE FRAU;1
ZOE;VOLK;1
ZOE;ERSTER BÜRGER;1
ZOE;DER GREIS;2
ZOE;APELLES;3
ZOE;SEPTIMIUS;1
ZOE;LONGINUS;1
ZOE;PAUSANIAS;3
ZOE;DER BLINDE;1
ZOE;AURELIUS;2
JARCHAI;PERSIDA;1
JARCHAI;APELLES;1
JARCHAI;HERENNIANOS;1
JARCHAI;EIN BÜRGER;1
JARCHAI;VOLK;1
PAUSANIAS;DIE FRAU;1
PAUSANIAS;NYMPHAS;1
PAUSANIAS;DER GREIS;2
PAUSANIAS;ERSTER BÜRGER;1
PAUSANIAS;VOLK;1
PAUSANIAS;BOLANA;2
PAUSANIAS;APELLES;8
PAUSANIAS;SEPTIMIUS;1
PAUSANIAS;LONGINUS;4
PAUSANIAS;DER BLINDE;1
PAUSANIAS;AURELIUS;2
BOLANA;APELLES;4
BOLANA;SEPTIMIUS;1
BOLANA;LONGINUS;1
BOLANA;TIMOLAOS;2
BOLANA;AURELIUS;1
BOLANA;VOLK;1
DER BLINDE;DIE FRAU;2
AURELIUS;HERENNIANOS;1
AURELIUS;ERSTER BÜRGER;1
AURELIUS;TIMOLAOS;3
AURELIUS;DER GREIS;1
AURELIUS;VOLK;2
AURELIUS;PERSIDA;1
AURELIUS;APELLES;5
AURELIUS;SEPTIMIUS;4
AURELIUS;LONGINUS;4
NYMPHAS;APELLES;5
NYMPHAS;ZABBÄOS;2
NYMPHAS;LONGINUS;3
HERENNIANOS;PERSIDA;3
HERENNIANOS;APELLES;2
HERENNIANOS;EIN BÜRGER;1
HERENNIANOS;VOLK;1
ERSTER BÜRGER;APELLES;1
ERSTER BÜRGER;VOLK;1
ZABBÄOS;MÄONIOS;2
ZABBÄOS;APELLES;2
TIMOLAOS;SEPTIMIUS;3
TIMOLAOS;JAMLICHUS;1
TIMOLAOS;APELLES;2
TIMOLAOS;LONGINUS;5
TIMOLAOS;VOLK;1
ZENOBIA;APELLES;1
EIN BÜRGER;PERSIDA;1
EIN BÜRGER;APELLES;1
EIN BÜRGER;VOLK;1
VOLK;SEPTIMIUS;1
VOLK;PERSIDA;1
VOLK;APELLES;3
VOLK;LONGINUS;1
PERSIDA;APELLES;2
JAMLICHUS;LONGINUS;3
JAMLICHUS;APELLES;1
MÄONIOS;APELLES;1
DER GREIS;APELLES;2
DER GREIS;SEPTIMIUS;1
DER GREIS;LONGINUS;1
APELLES;SEPTIMIUS;3
APELLES;LONGINUS;9
SEPTIMIUS;LONGINUS;4
