name,betweenness,degree,closeness,closeness_corrected,strength,eigenvector_centrality,avg_distance,avg_distance_corrected,frequency,speech_acts,words,lines,chars,degree_rank,closeness_rank,betweenness_rank,strength_rank,eigenvector_centrality_rank,frequency_rank,speech_acts_rank,words_rank,centrality_rank_avg,centrality_rank_std,centrality_rank_avg_rank,centrality_rank_std_rank,avg_graph_rank,avg_content_rank,overall_avg,overall_avg_rank
AMALIE,0.0,5,1.0,1.0,5,0.4082482904638631,1.0,1.0,1,19,263,13,1433,1.0,1.0,1.0,1.0,1.0,1.0,5.0,5.0,2.0,0.23145502494313785,5.0,5.0,1.0,5.0,3.0,5.0
FRIEDRICH,0.0,5,1.0,1.0,5,0.4082482904638631,1.0,1.0,1,42,584,34,3107,1.0,1.0,1.0,1.0,1.0,1.0,4.0,3.0,1.625,0.1484668673956776,3.0,3.0,1.0,3.0,2.0,3.0
LISETTE,0.0,5,1.0,1.0,5,0.4082482904638631,1.0,1.0,1,7,58,6,298,1.0,1.0,1.0,1.0,1.0,1.0,6.0,6.0,2.25,0.28931878117892235,6.0,6.0,1.0,6.0,3.5,6.0
ZWEITES GESPENST,0.0,5,1.0,1.0,5,0.4082482904638631,1.0,1.0,1,55,863,42,5127,1.0,1.0,1.0,1.0,1.0,1.0,2.0,2.0,1.25,0.057863756235784464,2.0,2.0,1.0,2.0,1.5,2.0
ERSTES GESPENST,0.0,5,1.0,1.0,5,0.4082482904638631,1.0,1.0,1,75,1204,59,6549,1.0,1.0,1.0,1.0,1.0,1.0,1.0,1.0,1.0,0.0,1.0,1.0,1.0,1.0,1.0,1.0
DRITTES GESPENST,0.0,5,1.0,1.0,5,0.4082482904638631,1.0,1.0,1,44,560,26,3041,1.0,1.0,1.0,1.0,1.0,1.0,3.0,4.0,1.625,0.1484668673956776,3.0,3.0,1.0,3.0,2.0,3.0
