CASPAR;GOLO;1
CASPAR;MÄDCHEN;1
CASPAR;MARGARETHA;1
CASPAR;CHOR DER FRAUEN;1
CASPAR;SIEGFRIED;1
CASPAR;JÄGER;1
CASPAR;GENOVEVA;1
CASPAR;BALTHASAR;1
CASPAR;CHOR;1
CASPAR;CHOR DER MÄNNER;1
CASPAR;JÜNGLINGE;1
MÄDCHEN;CHOR DER MÄNNER;1
MÄDCHEN;MARGARETHA;1
MÄDCHEN;CHOR DER FRAUEN;1
MÄDCHEN;SIEGFRIED;1
MÄDCHEN;JÄGER;1
MÄDCHEN;GOLO;1
MÄDCHEN;GENOVEVA;1
MÄDCHEN;BALTHASAR;1
MÄDCHEN;CHOR;1
MÄDCHEN;JÜNGLINGE;1
MARGARETHA;CHOR DER FRAUEN;1
MARGARETHA;JÄGER;1
MARGARETHA;SIEGFRIED;3
MARGARETHA;GOLO;4
MARGARETHA;MÄGDE;1
MARGARETHA;STIMMEN HINTER DER SCENE;1
MARGARETHA;BALTHASAR;2
MARGARETHA;HIDULFUS;1
MARGARETHA;GEIST;1
MARGARETHA;DRAGO;2
MARGARETHA;CHOR DER MÄNNER;1
MARGARETHA;JÜNGLINGE;1
MARGARETHA;GENOVEVA;3
MARGARETHA;CHOR;3
MARGARETHA;KNECHTE;1
CHOR DER FRAUEN;SIEGFRIED;1
CHOR DER FRAUEN;JÄGER;1
CHOR DER FRAUEN;GOLO;1
CHOR DER FRAUEN;GENOVEVA;1
CHOR DER FRAUEN;BALTHASAR;1
CHOR DER FRAUEN;CHOR;1
CHOR DER FRAUEN;CHOR DER MÄNNER;1
CHOR DER FRAUEN;JÜNGLINGE;1
SIEGFRIED;JÄGER;1
SIEGFRIED;GEIST;1
SIEGFRIED;GOLO;3
SIEGFRIED;STIMMEN HINTER DER SCENE;1
SIEGFRIED;BALTHASAR;1
SIEGFRIED;HIDULFUS;1
SIEGFRIED;DRAGO;1
SIEGFRIED;CHOR DER MÄNNER;1
SIEGFRIED;JÜNGLINGE;1
SIEGFRIED;GENOVEVA;2
SIEGFRIED;CHOR;2
JÄGER;JÜNGLINGE;1
JÄGER;GOLO;1
JÄGER;GENOVEVA;1
JÄGER;BALTHASAR;1
JÄGER;CHOR;1
JÄGER;CHOR DER MÄNNER;1
GOLO;MÄGDE;1
GOLO;STIMMEN HINTER DER SCENE;1
GOLO;BALTHASAR;2
GOLO;HIDULFUS;1
GOLO;GEIST;1
GOLO;DRAGO;2
GOLO;CHOR DER MÄNNER;1
GOLO;JÜNGLINGE;1
GOLO;GENOVEVA;3
GOLO;CHOR;3
GOLO;KNECHTE;1
MÄGDE;DRAGO;1
MÄGDE;GENOVEVA;1
MÄGDE;KNECHTE;1
MÄGDE;CHOR;1
MÄGDE;BALTHASAR;1
STIMMEN HINTER DER SCENE;GEIST;1
BALTHASAR;KNECHTE;1
BALTHASAR;DRAGO;1
BALTHASAR;CHOR DER MÄNNER;1
BALTHASAR;JÜNGLINGE;1
BALTHASAR;GENOVEVA;2
BALTHASAR;CHOR;2
CHOR DER MÄNNER;GENOVEVA;1
CHOR DER MÄNNER;CHOR;1
CHOR DER MÄNNER;JÜNGLINGE;1
DRAGO;HIDULFUS;1
DRAGO;GENOVEVA;2
DRAGO;CHOR;2
DRAGO;KNECHTE;1
HIDULFUS;GENOVEVA;1
HIDULFUS;CHOR;1
JÜNGLINGE;GENOVEVA;1
JÜNGLINGE;CHOR;1
GENOVEVA;CHOR;3
GENOVEVA;KNECHTE;1
CHOR;KNECHTE;1
