SETH;SUNIM;1
SETH;HEMAN;1
SETH;DER TODESENGEL;1
SETH;EVA;3
SETH;DRITTE MUTTER;1
SETH;ZWEITE MUTTER;1
SETH;SELIMA;2
SETH;ERSTE MUTTER;1
SETH;KAIN;1
SETH;ADAM;8
HEMAN;EVA;1
HEMAN;DRITTE MUTTER;1
HEMAN;ZWEITE MUTTER;1
HEMAN;SUNIM;1
HEMAN;SELIMA;1
HEMAN;ERSTE MUTTER;1
HEMAN;ADAM;1
DER TODESENGEL;ADAM;1
EVA;DRITTE MUTTER;1
EVA;ZWEITE MUTTER;1
EVA;SUNIM;1
EVA;SELIMA;2
EVA;ERSTE MUTTER;1
EVA;ADAM;2
ZWEITE MUTTER;DRITTE MUTTER;1
ZWEITE MUTTER;SUNIM;1
ZWEITE MUTTER;SELIMA;1
ZWEITE MUTTER;ERSTE MUTTER;1
ZWEITE MUTTER;ADAM;1
DRITTE MUTTER;SUNIM;1
DRITTE MUTTER;SELIMA;1
DRITTE MUTTER;ERSTE MUTTER;1
DRITTE MUTTER;ADAM;1
SUNIM;SELIMA;1
SUNIM;ERSTE MUTTER;1
SUNIM;ADAM;1
SELIMA;ERSTE MUTTER;1
SELIMA;ADAM;5
ERSTE MUTTER;ADAM;1
KAIN;ADAM;2
