ALWA;FERDINAND;2
ALWA;SCHÖN;5
ALWA;ESCERNY;3
ALWA;LULU;7
ALWA;HENRIETTE;1
ALWA;GESCHWITZ;1
ALWA;HUGENBERG;1
ALWA;GOLL;1
ALWA;RODRIGO;1
GESCHWITZ;SCHÖN;2
GESCHWITZ;LULU;2
GESCHWITZ;HUGENBERG;1
GESCHWITZ;FERDINAND;1
GESCHWITZ;RODRIGO;1
SCHIGOLCH;HUGENBERG;2
SCHIGOLCH;FERDINAND;1
SCHIGOLCH;RODRIGO;2
SCHIGOLCH;LULU;2
GOLL;SCHWARZ;3
GOLL;SCHÖN;2
GOLL;LULU;4
HENRIETTE;SCHWARZ;1
HENRIETTE;SCHÖN;1
HENRIETTE;LULU;2
RODRIGO;SCHÖN;1
RODRIGO;LULU;2
RODRIGO;HUGENBERG;3
RODRIGO;FERDINAND;2
ESCHERICH;SCHÖN;1
SCHWARZ;SCHÖN;3
SCHWARZ;LULU;6
SCHÖN;FERDINAND;1
SCHÖN;LULU;12
SCHÖN;HUGENBERG;1
ESCERNY;LULU;2
LULU;FERDINAND;3
LULU;HUGENBERG;2
HUGENBERG;FERDINAND;2
