MALCHEN;WILHELM;2
MALCHEN;DER MAJOR;1
MALCHEN;UNBEKANNTER;1
MALCHEN;FRANZ;1
MALCHEN;EULALIA;1
GREIS;PETER;1
GREIS;DER MAJOR;1
GREIS;UNBEKANNTER;1
GREIS;FRANZ;2
GREIS;EULALIA;1
FRANZ;LOTTE;1
FRANZ;PETER;1
FRANZ;DER MAJOR;3
FRANZ;WILHELM;1
FRANZ;UNBEKANNTER;8
FRANZ;GRÄFIN;1
PETER;LOTTE;2
PETER;EULALIA;6
PETER;DER MAJOR;5
PETER;DER GRAF;3
PETER;UNBEKANNTER;1
PETER;BITTERMANN;4
PETER;GRÄFIN;3
BITTERMANN;DER MAJOR;5
BITTERMANN;LOTTE;3
BITTERMANN;EULALIA;4
BITTERMANN;DER GRAF;6
BITTERMANN;GRÄFIN;3
GRÄFIN;EULALIA;7
GRÄFIN;DER MAJOR;9
GRÄFIN;DER GRAF;5
DER MAJOR;LOTTE;1
DER MAJOR;EULALIA;8
DER MAJOR;WILHELM;1
DER MAJOR;DER GRAF;5
DER MAJOR;UNBEKANNTER;2
LOTTE;EULALIA;2
LOTTE;UNBEKANNTER;1
WILHELM;UNBEKANNTER;1
WILHELM;EULALIA;1
EULALIA;DER GRAF;4
EULALIA;UNBEKANNTER;1
