DIE SPHINX;KINDESKIND;1
DIE SPHINX;OEDIPUS;1
DIE SPHINX;ZELINDE;1
DIE SPHINX;KIND;1
DIE SPHINX;MELCHIOR;1
DIE SPHINX;TIRESIAS;1
DIE SPHINX;JOKASTE;1
DIE SPHINX;DISTICHON;1
DIE SPHINX;LAJUS;1
DIE SPHINX;DIE PYTHIA;1
MELCHIOR;OEDIPUS;1
MELCHIOR;JOKASTE;2
MELCHIOR;DISTICHON;1
MELCHIOR;ERSTE HEBAMME;1
MELCHIOR;POLYBUS;1
MELCHIOR;LAJUS;2
MELCHIOR;DIE PYTHIA;1
MELCHIOR;ZELINDE;2
MELCHIOR;KIND;1
MELCHIOR;TIRESIAS;2
MELCHIOR;KINDESKIND;1
MELCHIOR;ZWEITE HEBAMME;1
MELCHIOR;DIAGORAS;1
TIRESIAS;OEDIPUS;2
TIRESIAS;GEIST DES LAJUS;1
TIRESIAS;JOKASTE;3
TIRESIAS;DISTICHON;1
TIRESIAS;BALTHASAR;1
TIRESIAS;LAJUS;2
TIRESIAS;DIE PYTHIA;1
TIRESIAS;ZELINDE;3
TIRESIAS;KIND;1
TIRESIAS;POLYBUS;2
TIRESIAS;KINDESKIND;1
TIRESIAS;ZWEITE HEBAMME;1
TIRESIAS;DIAGORAS;2
TIRESIAS;ERSTE HEBAMME;1
ERSTE HEBAMME;ZELINDE;1
ERSTE HEBAMME;POLYBUS;1
ERSTE HEBAMME;JOKASTE;1
ERSTE HEBAMME;ZWEITE HEBAMME;1
ERSTE HEBAMME;DIAGORAS;1
ERSTE HEBAMME;LAJUS;1
LAJUS;OEDIPUS;1
LAJUS;JOKASTE;2
LAJUS;DISTICHON;1
LAJUS;POLYBUS;1
LAJUS;DIE PYTHIA;1
LAJUS;ZELINDE;2
LAJUS;KIND;1
LAJUS;KINDESKIND;1
LAJUS;ZWEITE HEBAMME;1
LAJUS;DIAGORAS;1
POLYBUS;OEDIPUS;1
POLYBUS;GEIST DES LAJUS;1
POLYBUS;ZWEITE HEBAMME;1
POLYBUS;JOKASTE;2
POLYBUS;DIAGORAS;2
POLYBUS;ZELINDE;2
POLYBUS;BALTHASAR;1
KINDESKIND;OEDIPUS;1
KINDESKIND;KIND;1
KINDESKIND;DISTICHON;1
KINDESKIND;JOKASTE;1
KINDESKIND;ZELINDE;1
KINDESKIND;DIE PYTHIA;1
GEIST DES LAJUS;OEDIPUS;1
GEIST DES LAJUS;ZELINDE;1
GEIST DES LAJUS;JOKASTE;1
GEIST DES LAJUS;BALTHASAR;1
GEIST DES LAJUS;DIAGORAS;1
CHOR;VERSTAND;1
CHOR;CHORFÜHRER;2
CHOR;PUBLICUM;2
CHOR;NIMMERMANN;2
NIMMERMANN;VERSTAND;1
NIMMERMANN;CHORFÜHRER;2
NIMMERMANN;PUBLICUM;2
OEDIPUS;JOKASTE;2
OEDIPUS;DISTICHON;1
OEDIPUS;BALTHASAR;1
OEDIPUS;DIE PYTHIA;1
OEDIPUS;ZELINDE;2
OEDIPUS;KIND;1
OEDIPUS;DIAGORAS;1
JOKASTE;ZWEITE HEBAMME;1
JOKASTE;DISTICHON;1
JOKASTE;DIE PYTHIA;1
JOKASTE;ZELINDE;3
JOKASTE;KIND;1
JOKASTE;DIAGORAS;2
JOKASTE;BALTHASAR;1
DISTICHON;KIND;1
DISTICHON;ZELINDE;1
DISTICHON;DIE PYTHIA;1
DIE PYTHIA;KIND;1
DIE PYTHIA;ZELINDE;1
CHORFÜHRER;VERSTAND;1
CHORFÜHRER;PUBLICUM;2
VERSTAND;PUBLICUM;1
KIND;ZELINDE;1
ZWEITE HEBAMME;ZELINDE;1
ZWEITE HEBAMME;DIAGORAS;1
DIAGORAS;ZELINDE;2
DIAGORAS;BALTHASAR;1
ZELINDE;BALTHASAR;1
