PINXI;KNAB;1
PINXI;MIKETEY;1
PINXI;KULICAN;2
PINXI;FAUSTIBUS;1
PINXI;CYRUS;1
PINXI;SIGELVAX;1
PINXI;MORTONG;1
PINXI;PUMPHIA;2
DAS VOLK;KULICAN;1
DAS VOLK;PUMPHIA;1
DAS VOLK;MORTONG;1
DAS VOLK;SIGELVAX;1
COLOMBINA;ARLECKIN;1
CYRUS;MIKETEY;2
CYRUS;FAUSTIBUS;6
CYRUS;KULICAN;3
CYRUS;SIGELVAX;3
CYRUS;MORTONG;3
CYRUS;PUMPHIA;3
MORTONG;PUMPHIA;5
MORTONG;KULICAN;9
MORTONG;FAUSTIBUS;4
MORTONG;SOFFOCLES;1
MORTONG;SIGELVAX;2
MORTONG;MIKETEY;2
KNAB;PUMPHIA;1
KNAB;KULICAN;1
MIKETEY;PUMPHIA;2
MIKETEY;KULICAN;2
MIKETEY;FAUSTIBUS;2
MIKETEY;SIGELVAX;1
FAUSTIBUS;KULICAN;4
FAUSTIBUS;SIGELVAX;2
FAUSTIBUS;PUMPHIA;3
SOFFOCLES;KULICAN;1
SIGELVAX;KULICAN;2
SIGELVAX;PUMPHIA;2
KULICAN;PUMPHIA;8
