KALAF;ADELMA;2
KALAF;DOKTORES;1
KALAF;MÄNNERCHOR;1
KALAF;DIE KÖNIGINMUTTER;1
KALAF;KLAGEWEIBER;1
KALAF;ALTOUM;2
KALAF;TURANDOT;2
KALAF;BARAK;1
KALAF;EUNUCHEN;1
KALAF;TARTAGLIA;2
KALAF;FRAUENCHOR;2
KALAF;TRUFFALDINO;2
KALAF;CHOR;2
KALAF;PANTALONE;2
ADELMA;MÄDCHENCHOR;1
ADELMA;DOKTORES;1
ADELMA;MÄNNERCHOR;1
ADELMA;PANTALONE;3
ADELMA;TURANDOT;3
ADELMA;ALTOUM;3
ADELMA;EUNUCHEN;1
ADELMA;TARTAGLIA;3
ADELMA;FRAUENCHOR;2
ADELMA;TRUFFALDINO;3
ADELMA;CHOR;2
DOKTORES;MÄNNERCHOR;1
DOKTORES;PANTALONE;1
DOKTORES;FRAUENCHOR;1
DOKTORES;TRUFFALDINO;1
DOKTORES;CHOR;1
DOKTORES;ALTOUM;1
DOKTORES;TARTAGLIA;1
DOKTORES;TURANDOT;1
MÄNNERCHOR;PANTALONE;1
MÄNNERCHOR;FRAUENCHOR;1
MÄNNERCHOR;TRUFFALDINO;1
MÄNNERCHOR;CHOR;1
MÄNNERCHOR;ALTOUM;1
MÄNNERCHOR;TARTAGLIA;1
MÄNNERCHOR;TURANDOT;1
PANTALONE;MÄDCHENCHOR;1
PANTALONE;ALTOUM;3
PANTALONE;TURANDOT;3
PANTALONE;EUNUCHEN;1
PANTALONE;TARTAGLIA;3
PANTALONE;FRAUENCHOR;2
PANTALONE;TRUFFALDINO;3
PANTALONE;CHOR;2
MÄDCHENCHOR;ALTOUM;1
MÄDCHENCHOR;TARTAGLIA;1
MÄDCHENCHOR;TRUFFALDINO;1
MÄDCHENCHOR;TURANDOT;1
KLAGEWEIBER;BARAK;1
KLAGEWEIBER;DIE KÖNIGINMUTTER;1
ALTOUM;TURANDOT;3
ALTOUM;EUNUCHEN;1
ALTOUM;TARTAGLIA;3
ALTOUM;FRAUENCHOR;2
ALTOUM;TRUFFALDINO;3
ALTOUM;CHOR;2
TURANDOT;EUNUCHEN;1
TURANDOT;TARTAGLIA;3
TURANDOT;FRAUENCHOR;2
TURANDOT;TRUFFALDINO;3
TURANDOT;CHOR;2
BARAK;DIE KÖNIGINMUTTER;1
EUNUCHEN;TARTAGLIA;1
EUNUCHEN;FRAUENCHOR;1
EUNUCHEN;TRUFFALDINO;1
EUNUCHEN;CHOR;1
TARTAGLIA;FRAUENCHOR;2
TARTAGLIA;TRUFFALDINO;3
TARTAGLIA;CHOR;2
FRAUENCHOR;TRUFFALDINO;2
FRAUENCHOR;CHOR;2
TRUFFALDINO;CHOR;2
