KLARA;DER GEFÄNGNISDIREKTOR;1
KLARA;FRAU OBERST;1
KLARA;ELSE;7
KLARA;JOSEF;11
KLARA;DER WACHTMEISTER;3
KLARA;EIN DIENSTMÄDCHEN;1
KLARA;LINDEKUH;3
KLARA;DIE AUFSEHERIN;3
KLARA;DR SCHWARZKOPF;2
DER GEFÄNGNISDIREKTOR;DER WACHTMEISTER;1
DER GEFÄNGNISDIREKTOR;ELSE;1
DER GEFÄNGNISDIREKTOR;JOSEF;1
FRAU OBERST;DR SCHWARZKOPF;1
FRAU OBERST;LINDEKUH;1
FRAU OBERST;JOSEF;1
ELSE;DER WACHTMEISTER;2
ELSE;JOSEF;6
ELSE;DIE AUFSEHERIN;1
ELSE;DR SCHWARZKOPF;1
JOSEF;DER WACHTMEISTER;3
JOSEF;LINDEKUH;2
JOSEF;DIE AUFSEHERIN;2
JOSEF;DR SCHWARZKOPF;2
DER WACHTMEISTER;DIE AUFSEHERIN;2
LINDEKUH;DR SCHWARZKOPF;1
