MARIE;CHOR;1
MARIE;GESELLEN;2
MARIE;STADINGER;11
MARIE;GRAF;11
MARIE;IRMENTRAUT;12
MARIE;EINIGE MÄNNER;1
MARIE;GEORG;10
MARIE;EIN GESELLE;1
MARIE;BRENNER;6
MARIE;ADELHOF;3
GESELLEN;STADINGER;3
GESELLEN;GRAF;2
GESELLEN;IRMENTRAUT;2
GESELLEN;GEORG;4
GESELLEN;EIN GESELLE;1
GEORG;STADINGER;15
GEORG;GRAF;12
GEORG;IRMENTRAUT;11
GEORG;EINIGE MÄNNER;1
GEORG;CHOR;2
GEORG;EIN GESELLE;3
GEORG;BRENNER;6
GEORG;ADELHOF;4
STADINGER;CHOR;2
STADINGER;GRAF;9
STADINGER;IRMENTRAUT;11
STADINGER;EINIGE MÄNNER;1
STADINGER;EIN GESELLE;3
STADINGER;BRENNER;11
STADINGER;ADELHOF;7
GRAF;CHOR;1
GRAF;IRMENTRAUT;10
GRAF;EINIGE MÄNNER;1
GRAF;EIN GESELLE;2
GRAF;BRENNER;5
GRAF;ADELHOF;3
IRMENTRAUT;CHOR;1
IRMENTRAUT;EINIGE MÄNNER;1
IRMENTRAUT;EIN GESELLE;1
IRMENTRAUT;BRENNER;6
IRMENTRAUT;ADELHOF;5
EINIGE MÄNNER;BRENNER;1
EINIGE MÄNNER;CHOR;1
EINIGE MÄNNER;ADELHOF;1
CHOR;EIN GESELLE;1
CHOR;BRENNER;1
CHOR;ADELHOF;1
EIN GESELLE;BRENNER;2
BRENNER;ADELHOF;7
