DER BISCHOF;DER GENERAL;2
DER BISCHOF;DER MARKGRAF;3
DER BISCHOF;KLEMENTINA;2
DER BISCHOF;KAMILLA;2
DER BISCHOF;JERONYMO;7
DER BISCHOF;BELVEDERE;1
DER BISCHOF;PATER MARESKOTTI;3
DER BISCHOF;GRANDISON;11
DER BISCHOF;DIE MARKGRÄFIN;3
DER GENERAL;DER MARKGRAF;1
DER GENERAL;KLEMENTINA;1
DER GENERAL;PATER MARESKOTTI;1
DER GENERAL;GRANDISON;3
DER GENERAL;DIE MARKGRÄFIN;1
DER MARKGRAF;PATER MARESKOTTI;3
DER MARKGRAF;KLEMENTINA;1
DER MARKGRAF;JERONYMO;5
DER MARKGRAF;LAURA;1
DER MARKGRAF;GRANDISON;4
DER MARKGRAF;DIE MARKGRÄFIN;3
KLEMENTINA;KAMILLA;2
KLEMENTINA;JERONYMO;4
KLEMENTINA;PATER MARESKOTTI;1
KLEMENTINA;LAURA;1
KLEMENTINA;GRANDISON;8
KLEMENTINA;DIE MARKGRÄFIN;6
DIE MARKGRÄFIN;BELVEDERE;1
DIE MARKGRÄFIN;JERONYMO;6
DIE MARKGRÄFIN;PATER MARESKOTTI;4
DIE MARKGRÄFIN;GRANDISON;6
DIE MARKGRÄFIN;KAMILLA;2
BELVEDERE;KAMILLA;1
BELVEDERE;PATER MARESKOTTI;3
BELVEDERE;GRANDISON;1
BELVEDERE;LAURA;1
JERONYMO;KAMILLA;2
JERONYMO;PATER MARESKOTTI;3
JERONYMO;GRANDISON;12
PATER MARESKOTTI;LAURA;1
PATER MARESKOTTI;GRANDISON;3
PATER MARESKOTTI;KAMILLA;2
LAURA;GRANDISON;1
GRANDISON;KAMILLA;4
