KATHARINA;FREUND BUGENHAGEN;1
KATHARINA;FREUND APEL;1
KATHARINA;LUTHER;1
KATHARINA;FREUND JONAS;1
KATHARINA;DIE FRAU DES KRANACH;1
KATHARINA;FREUND KRANACH;1
DER BRUDER GINEPRO;DER BRUDER LEO;3
DER BRUDER GINEPRO;DER BRUDER JOHANNES;3
DER BRUDER GINEPRO;LUTHER;1
DER BRUDER GINEPRO;DER BRUDER BERNHARD;3
DER BRUDER GINEPRO;DER BRUDER MASSEO;3
DER BRUDER GINEPRO;DER BRUDER PETER;3
DER BRUDER GINEPRO;DER BRUDER THADDÄUS;3
DER BRUDER GINEPRO;ALLE BRÜDER;1
DER BRUDER GINEPRO;FRANZISKUS;1
DER BRUDER GINEPRO;DER BRUDER MARTIN;3
DER BRUDER GINEPRO;DER BRUDER ANTONIO;3
DER BRUDER GINEPRO;DER BRUDER EGIDIO;3
DRITTE GESTALT;DIE NONNE;1
DRITTE GESTALT;VIERTE GESTALT;1
DRITTE GESTALT;LUTHER;1
DRITTE GESTALT;DER MÖNCH;1
DRITTE GESTALT;FÜNFTE GESTALT;1
DRITTE GESTALT;ZWEITE GESTALT;1
DRITTE GESTALT;ERSTE GESTALT;1
VIERTE GESTALT;DIE NONNE;1
VIERTE GESTALT;LUTHER;1
VIERTE GESTALT;DER MÖNCH;1
VIERTE GESTALT;FÜNFTE GESTALT;1
VIERTE GESTALT;ZWEITE GESTALT;1
VIERTE GESTALT;ERSTE GESTALT;1
DER BRUDER LEO;DER BRUDER BERNHARD;3
DER BRUDER LEO;DER BRUDER PETER;3
DER BRUDER LEO;LUTHER;1
DER BRUDER LEO;DER BRUDER MASSEO;3
DER BRUDER LEO;DER BRUDER JOHANNES;3
DER BRUDER LEO;DER BRUDER THADDÄUS;3
DER BRUDER LEO;ALLE BRÜDER;1
DER BRUDER LEO;FRANZISKUS;3
DER BRUDER LEO;DER BRUDER MARTIN;3
DER BRUDER LEO;DER BRUDER ANTONIO;3
DER BRUDER LEO;DER BRUDER EGIDIO;3
DER MÖNCH;DAS VOLK;1
DER MÖNCH;DER BRUDER THADDÄUS;1
DER MÖNCH;LUTHER;2
DER MÖNCH;DIE NONNE;1
DER MÖNCH;DER BRUDER JOHANNES;1
DER MÖNCH;FÜNFTE GESTALT;1
DER MÖNCH;ZWEITE GESTALT;1
DER MÖNCH;ERSTE GESTALT;1
FÜNFTE GESTALT;LUTHER;1
FÜNFTE GESTALT;DIE NONNE;1
FÜNFTE GESTALT;ZWEITE GESTALT;1
FÜNFTE GESTALT;ERSTE GESTALT;1
DER BRUDER MASSEO;DER BRUDER JOHANNES;3
DER BRUDER MASSEO;LUTHER;1
DER BRUDER MASSEO;DER BRUDER BERNHARD;3
DER BRUDER MASSEO;DER BRUDER MARTIN;3
DER BRUDER MASSEO;DER BRUDER PETER;3
DER BRUDER MASSEO;DER BRUDER THADDÄUS;3
DER BRUDER MASSEO;ALLE BRÜDER;1
DER BRUDER MASSEO;FRANZISKUS;1
DER BRUDER MASSEO;DER BRUDER ANTONIO;3
DER BRUDER MASSEO;DER BRUDER EGIDIO;3
DER BRUDER PETER;LUTHER;1
DER BRUDER PETER;DER BRUDER BERNHARD;3
DER BRUDER PETER;DER BRUDER JOHANNES;3
DER BRUDER PETER;DER BRUDER THADDÄUS;3
DER BRUDER PETER;ALLE BRÜDER;1
DER BRUDER PETER;FRANZISKUS;1
DER BRUDER PETER;DER BRUDER MARTIN;3
DER BRUDER PETER;DER BRUDER ANTONIO;3
DER BRUDER PETER;DER BRUDER EGIDIO;3
ZWEITE GESTALT;LUTHER;1
ZWEITE GESTALT;DIE NONNE;1
ZWEITE GESTALT;ERSTE GESTALT;1
ERSTE GESTALT;LUTHER;1
ERSTE GESTALT;DIE NONNE;1
DER BRUDER THADDÄUS;DAS VOLK;1
DER BRUDER THADDÄUS;DER BRUDER BERNHARD;3
DER BRUDER THADDÄUS;LUTHER;2
DER BRUDER THADDÄUS;DER BRUDER JOHANNES;4
DER BRUDER THADDÄUS;ALLE BRÜDER;1
DER BRUDER THADDÄUS;FRANZISKUS;1
DER BRUDER THADDÄUS;DER BRUDER MARTIN;3
DER BRUDER THADDÄUS;DER BRUDER ANTONIO;3
DER BRUDER THADDÄUS;DER BRUDER EGIDIO;3
DER HEILIGE VATER;FRANZISKUS;1
GESCHÖPF;DAS VOLK;1
GESCHÖPF;WEIB;1
GESCHÖPF;KRÜPPEL;1
GESCHÖPF;LUTHER;1
DER BRUDER MARTIN;DER BRUDER JOHANNES;3
DER BRUDER MARTIN;LUTHER;1
DER BRUDER MARTIN;DER BRUDER BERNHARD;3
DER BRUDER MARTIN;ALLE BRÜDER;1
DER BRUDER MARTIN;FRANZISKUS;1
DER BRUDER MARTIN;DER BRUDER ANTONIO;3
DER BRUDER MARTIN;DER BRUDER EGIDIO;3
DER BRUDER ANTONIO;DER BRUDER JOHANNES;3
DER BRUDER ANTONIO;LUTHER;1
DER BRUDER ANTONIO;DER BRUDER BERNHARD;3
DER BRUDER ANTONIO;ALLE BRÜDER;1
DER BRUDER ANTONIO;FRANZISKUS;1
DER BRUDER ANTONIO;DER BRUDER EGIDIO;3
PIETRO;FRANZISKUS;1
PIETRO;BISCHOF;1
DAS VOLK;LUTHER;2
DAS VOLK;WEIB;1
DAS VOLK;DER BRUDER JOHANNES;1
DAS VOLK;KRÜPPEL;1
DER BRUDER BERNHARD;DER BRUDER JOHANNES;3
DER BRUDER BERNHARD;LUTHER;1
DER BRUDER BERNHARD;ALLE BRÜDER;1
DER BRUDER BERNHARD;FRANZISKUS;1
DER BRUDER BERNHARD;DER BRUDER EGIDIO;3
FREUND APEL;FREUND BUGENHAGEN;1
FREUND APEL;LUTHER;1
FREUND APEL;FREUND JONAS;1
FREUND APEL;DIE FRAU DES KRANACH;1
FREUND APEL;FREUND KRANACH;1
DER BRUDER JOHANNES;LUTHER;3
DER BRUDER JOHANNES;ALLE BRÜDER;1
DER BRUDER JOHANNES;FRANZISKUS;1
DER BRUDER JOHANNES;DER BRUDER EGIDIO;3
BISCHOF;FRANZISKUS;1
LUTHER;ALLE BRÜDER;1
LUTHER;FREUND JONAS;1
LUTHER;DER BÖSE;1
LUTHER;FREUND KRANACH;1
LUTHER;FREUND BUGENHAGEN;1
LUTHER;DIE NONNE;1
LUTHER;WEIB;1
LUTHER;KRÜPPEL;1
LUTHER;DIE FRAU DES KRANACH;1
LUTHER;DER BRUDER EGIDIO;1
KARDINAL JOHANNES VON PAUL;FRANZISKUS;1
KARDINAL JOHANNES VON PAUL;EIN KARDINAL;1
KARDINAL JOHANNES VON PAUL;PAPST;1
VEREINIGTE HEERSCHAREN;DER HEILIGE ENGEL;1
DER BRUDER EGIDIO;ALLE BRÜDER;1
DER BRUDER EGIDIO;FRANZISKUS;1
FREUND JONAS;FREUND BUGENHAGEN;1
FREUND JONAS;DIE FRAU DES KRANACH;1
FREUND JONAS;FREUND KRANACH;1
FREUND KRANACH;FREUND BUGENHAGEN;1
FREUND KRANACH;DIE FRAU DES KRANACH;1
FREUND BUGENHAGEN;DIE FRAU DES KRANACH;1
FRANZISKUS;EIN KARDINAL;1
FRANZISKUS;PAPST;1
EIN KARDINAL;PAPST;1
WEIB;KRÜPPEL;1
