DONNERSCHLAG;WAGNER;2
DONNERSCHLAG;SPURAUS;1
CHOR;WAGNER;1
SCHÖNHEITLIEB;MEPHISTOPHELES;1
SCHÖNHEITLIEB;FAUST;1
RAUFGERN;MEPHISTOPHELES;1
RAUFGERN;FAUST;1
ITHURIEL;MEPHISTOPHELES;3
ITHURIEL;THEODOR;3
ITHURIEL;WAGNER;1
ITHURIEL;ELISABETH;3
ITHURIEL;FAUST;5
ITHURIEL;HELENA;2
SILBERGEITZ;MEPHISTOPHELES;1
SILBERGEITZ;FAUST;1
MEPHISTOPHELES;SORGENVOLL;1
MEPHISTOPHELES;FRIEDREICH;1
MEPHISTOPHELES;WAISENPLAG;1
MEPHISTOPHELES;WAGNER;1
MEPHISTOPHELES;ELISABETH;3
MEPHISTOPHELES;FAUST;14
MEPHISTOPHELES;HELENA;3
MEPHISTOPHELES;THEODOR;3
EMILIE;WAGNER;1
EMILIE;SPURAUS;1
THEODOR;WAGNER;1
THEODOR;ELISABETH;8
THEODOR;FAUST;6
THEODOR;HELENA;4
FRIEDREICH;FAUST;1
WAISENPLAG;FAUST;1
WAGNER;ELISABETH;1
WAGNER;SPURAUS;2
WAGNER;FAUST;5
ELISABETH;FAUST;6
ELISABETH;HELENA;4
FAUST;HELENA;7
FAUST;SORGENVOLL;1
