ALTGESELL;HANNS;1
ALTGESELL;DIE GESELLEN;1
ALTGESELL;SUSE;1
ALTGESELL;DIE SCHMIEDE;1
ALTGESELL;HERRMANN;1
ALTGESELL;GERTRUD;1
DÄMON;MEHRERE BAUERSLEUTE;1
DÄMON;ELSE;1
ELSE;HERZOGIN;1
ELSE;RUDOLPH;4
ELSE;HERZOG;1
ELSE;SUSE;6
ELSE;DIE ALTE;1
ELSE;ZWEITES WEIB;1
ELSE;HANNS;1
ELSE;MARTIN;1
ELSE;STEFFENS;2
ELSE;ERSTES WEIB;1
ELSE;GRAF;2
ELSE;FRIEDEL;3
ELSE;MEHRERE BAUERSLEUTE;1
ELSE;ERSTER BAUER;1
ELSE;GERTRUD;4
ELSE;HERRMANN;2
ELSE;OHLES;1
ELSE;CHRISTEL;2
RUDOLPH;FRIEDEL;3
RUDOLPH;GERTRUD;1
RUDOLPH;DIE ALTE;1
RUDOLPH;SUSE;3
DIE GESELLEN;HANNS;1
DIE GESELLEN;SUSE;2
DIE GESELLEN;DIE SCHMIEDE;1
DIE GESELLEN;HERRMANN;1
DIE GESELLEN;GERTRUD;2
DIE SCHMIEDE;GERTRUD;1
DIE SCHMIEDE;HANNS;1
DIE SCHMIEDE;HERRMANN;2
DIE SCHMIEDE;SUSE;1
FRIEDEL;SUSE;3
FRIEDEL;CHRISTEL;1
STEFFENS;GRAF;1
STEFFENS;OHLES;1
ZWEITES WEIB;ERSTES WEIB;1
ZWEITES WEIB;ERSTER BAUER;1
CHOR;GERTRUD;1
CHOR;DIE ALTE;1
GERTRUD;HANNS;1
GERTRUD;HERRMANN;2
GERTRUD;SUSE;2
GERTRUD;DIE ALTE;1
HERRMANN;HANNS;2
HERRMANN;SUSE;2
SUSE;HANNS;5
SUSE;MARTIN;1
HERZOG;GRAF;2
HERZOG;HERZOGIN;3
HERZOG;HOFHERREN UND DAMEN;1
HOFHERREN UND DAMEN;HERZOGIN;1
ERSTES WEIB;ERSTER BAUER;1
GRAF;HERZOGIN;2
