STIMMEN;EIN MYRMIDONIER;1
STIMMEN;DIE GRIECHEN;1
STIMMEN;DER ERSTE GRIECHE;1
STIMMEN;EIN ÄTOLIER;1
STIMMEN;DER HAUPTMANN;1
STIMMEN;DER ZWEITE GRIECHE;1
STIMMEN;EIN DOLOPER;1
DIE MÄDCHEN;DIE DRITTE AMAZONE;1
DIE MÄDCHEN;DER ERSTE GRIECHE;1
DIE MÄDCHEN;DAS MÄDCHEN;1
DIE MÄDCHEN;DIE ERSTE AMAZONE;2
DIE MÄDCHEN;EIN ANDERES MÄDCHEN;1
DIE MÄDCHEN;DIE ZWEITE AMAZONE;1
DIE MÄDCHEN;DIE OBERPRIESTERIN;2
DIE MÄDCHEN;EINE PRIESTERIN;1
DIE MÄDCHEN;DIE HAUPTMÄNNIN;1
DIE MÄDCHEN;DIE ZWEITE PRIESTERIN;1
DIE MÄDCHEN;EIN VIERTES MÄDCHEN;1
DIE MÄDCHEN;EIN JUNGES MÄDCHEN;2
DIE MÄDCHEN;EIN DRITTES MÄDCHEN;1
EINE AMAZONENFÜRSTIN;DIE DRITTE AMAZONE;1
EINE AMAZONENFÜRSTIN;DIE ACHTE AMAZONE;1
EINE AMAZONENFÜRSTIN;MEROE;1
EINE AMAZONENFÜRSTIN;DIE VIERTE AMAZONE;1
EINE AMAZONENFÜRSTIN;DIE ERSTE AMAZONE;1
EINE AMAZONENFÜRSTIN;DIE SECHSTE AMAZONE;1
EINE AMAZONENFÜRSTIN;MEHRERE AMAZONEN;1
EINE AMAZONENFÜRSTIN;DIE ZWEITE AMAZONE;1
EINE AMAZONENFÜRSTIN;ACHILLES;1
EINE AMAZONENFÜRSTIN;EINE PRIESTERIN;1
EINE AMAZONENFÜRSTIN;PROTHOE;1
EINE AMAZONENFÜRSTIN;DIE SIEBENTE AMAZONE;1
EINE AMAZONENFÜRSTIN;DIE FÜNFTE AMAZONE;1
DER HEROLD;DIE DRITTE AMAZONE;1
DER HEROLD;PENTHESILEA;1
DER HEROLD;ASTERIA;1
DER HEROLD;ODYSSEUS;1
DER HEROLD;EINE DRITTE PRIESTERIN;1
DER HEROLD;MEROE;1
DER HEROLD;ERSTE OBERSTE;1
DER HEROLD;DIE ZWEITE AMAZONE;1
DER HEROLD;ACHILLES;1
DER HEROLD;EINE PRIESTERIN;1
DER HEROLD;PROTHOE;1
DER HEROLD;DIE ZWEITE PRIESTERIN;1
DER HEROLD;DIOMEDES;1
DER HEROLD;DIE OBERPRIESTERIN;1
DAS MÄDCHEN;DIE OBERPRIESTERIN;1
DAS MÄDCHEN;EINE PRIESTERIN;1
DAS MÄDCHEN;DIE ZWEITE PRIESTERIN;1
DAS MÄDCHEN;DIE ERSTE AMAZONE;1
DAS MÄDCHEN;EIN JUNGES MÄDCHEN;1
DAS MÄDCHEN;DIE HAUPTMÄNNIN;1
MEHRERE AMAZONEN;DIE DRITTE AMAZONE;1
MEHRERE AMAZONEN;DIE ACHTE AMAZONE;1
MEHRERE AMAZONEN;MEROE;1
MEHRERE AMAZONEN;DIE VIERTE AMAZONE;1
MEHRERE AMAZONEN;DIE ERSTE AMAZONE;1
MEHRERE AMAZONEN;DIE SECHSTE AMAZONE;1
MEHRERE AMAZONEN;DIE ZWEITE AMAZONE;1
MEHRERE AMAZONEN;ACHILLES;1
MEHRERE AMAZONEN;EINE PRIESTERIN;1
MEHRERE AMAZONEN;PROTHOE;1
MEHRERE AMAZONEN;DIE SIEBENTE AMAZONE;1
MEHRERE AMAZONEN;DIE FÜNFTE AMAZONE;1
DIE FRAUEN;PENTHESILEA;1
DIE FRAUEN;ACHILLES;1
DIE FRAUEN;PROTHOE;1
DER ZWEITE GRIECHE;EIN MYRMIDONIER;1
DER ZWEITE GRIECHE;DER ERSTE GRIECHE;2
DER ZWEITE GRIECHE;ODYSSEUS;1
DER ZWEITE GRIECHE;EIN DOLOPER;1
DER ZWEITE GRIECHE;DIE GRIECHEN;1
DER ZWEITE GRIECHE;ACHILLES;1
DER ZWEITE GRIECHE;ANTILOCHUS;1
DER ZWEITE GRIECHE;AUTOMEDON;1
DER ZWEITE GRIECHE;EIN ÄTOLIER;1
DER ZWEITE GRIECHE;DER HAUPTMANN;2
DER ZWEITE GRIECHE;DIOMEDES;1
DER ZWEITE GRIECHE;EIN GRIECHENFÜRST;1
EIN DOLOPER;EIN MYRMIDONIER;1
EIN DOLOPER;DIE GRIECHEN;1
EIN DOLOPER;DER ERSTE GRIECHE;1
EIN DOLOPER;EIN ÄTOLIER;1
EIN DOLOPER;DER HAUPTMANN;1
EIN ANDERES MÄDCHEN;DIE DRITTE AMAZONE;1
EIN ANDERES MÄDCHEN;PENTHESILEA;1
EIN ANDERES MÄDCHEN;DER ERSTE GRIECHE;1
EIN ANDERES MÄDCHEN;MEROE;1
EIN ANDERES MÄDCHEN;DIE ERSTE AMAZONE;2
EIN ANDERES MÄDCHEN;GRIECHEN;1
EIN ANDERES MÄDCHEN;DIE ZWEITE AMAZONE;2
EIN ANDERES MÄDCHEN;DIE OBERPRIESTERIN;2
EIN ANDERES MÄDCHEN;EINE PRIESTERIN;1
EIN ANDERES MÄDCHEN;PROTHOE;1
EIN ANDERES MÄDCHEN;EIN VIERTES MÄDCHEN;1
EIN ANDERES MÄDCHEN;EIN JUNGES MÄDCHEN;2
EIN ANDERES MÄDCHEN;EIN DRITTES MÄDCHEN;1
DIE ACHTE AMAZONE;ASTERIA;2
DIE ACHTE AMAZONE;EINE ANDERE FÜRSTIN;1
DIE ACHTE AMAZONE;PROTHOE;4
DIE ACHTE AMAZONE;DIE SECHSTE AMAZONE;6
DIE ACHTE AMAZONE;ODYSSEUS;2
DIE ACHTE AMAZONE;ACHILLES;3
DIE ACHTE AMAZONE;DIE ZWEITE PRIESTERIN;1
DIE ACHTE AMAZONE;DIE SIEBENTE AMAZONE;6
DIE ACHTE AMAZONE;DIE FÜNFTE AMAZONE;6
DIE ACHTE AMAZONE;DIE PRIESTERINNEN;1
DIE ACHTE AMAZONE;DIE DRITTE AMAZONE;6
DIE ACHTE AMAZONE;PENTHESILEA;3
DIE ACHTE AMAZONE;DER ERSTE GRIECHE;1
DIE ACHTE AMAZONE;EINE DRITTE PRIESTERIN;1
DIE ACHTE AMAZONE;MEROE;5
DIE ACHTE AMAZONE;DIE AMAZONEN;5
DIE ACHTE AMAZONE;DIE ERSTE AMAZONE;6
DIE ACHTE AMAZONE;DIE ZWEITE AMAZONE;6
DIE ACHTE AMAZONE;DIE OBERPRIESTERIN;2
DIE ACHTE AMAZONE;EINE PRIESTERIN;2
DIE ACHTE AMAZONE;DIOMEDES;1
DIE ACHTE AMAZONE;DIE VIERTE AMAZONE;6
DIE ACHTE AMAZONE;EIN ÄTOLIER;1
EIN VIERTES MÄDCHEN;DIE DRITTE AMAZONE;1
EIN VIERTES MÄDCHEN;DIE OBERPRIESTERIN;1
EIN VIERTES MÄDCHEN;DER ERSTE GRIECHE;1
EIN VIERTES MÄDCHEN;DIE ZWEITE AMAZONE;1
EIN VIERTES MÄDCHEN;DIE ERSTE AMAZONE;1
EIN VIERTES MÄDCHEN;EIN JUNGES MÄDCHEN;1
EIN VIERTES MÄDCHEN;EIN DRITTES MÄDCHEN;1
DIE FÜNFTE AMAZONE;ASTERIA;2
DIE FÜNFTE AMAZONE;EINE ANDERE FÜRSTIN;1
DIE FÜNFTE AMAZONE;PROTHOE;4
DIE FÜNFTE AMAZONE;DIE SECHSTE AMAZONE;6
DIE FÜNFTE AMAZONE;ODYSSEUS;2
DIE FÜNFTE AMAZONE;ACHILLES;3
DIE FÜNFTE AMAZONE;DIE ZWEITE PRIESTERIN;1
DIE FÜNFTE AMAZONE;DIE SIEBENTE AMAZONE;6
DIE FÜNFTE AMAZONE;DIOMEDES;1
DIE FÜNFTE AMAZONE;DIE DRITTE AMAZONE;6
DIE FÜNFTE AMAZONE;PENTHESILEA;3
DIE FÜNFTE AMAZONE;DER ERSTE GRIECHE;1
DIE FÜNFTE AMAZONE;EINE DRITTE PRIESTERIN;1
DIE FÜNFTE AMAZONE;MEROE;5
DIE FÜNFTE AMAZONE;DIE AMAZONEN;5
DIE FÜNFTE AMAZONE;DIE ERSTE AMAZONE;6
DIE FÜNFTE AMAZONE;DIE ZWEITE AMAZONE;6
DIE FÜNFTE AMAZONE;DIE OBERPRIESTERIN;2
DIE FÜNFTE AMAZONE;EINE PRIESTERIN;2
DIE FÜNFTE AMAZONE;DIE PRIESTERINNEN;1
DIE FÜNFTE AMAZONE;DIE VIERTE AMAZONE;6
DIE FÜNFTE AMAZONE;EIN ÄTOLIER;1
EIN JUNGES MÄDCHEN;DIE DRITTE AMAZONE;1
EIN JUNGES MÄDCHEN;GRIECHEN;1
EIN JUNGES MÄDCHEN;DER ERSTE GRIECHE;1
EIN JUNGES MÄDCHEN;PENTHESILEA;1
EIN JUNGES MÄDCHEN;DIE ZWEITE AMAZONE;2
EIN JUNGES MÄDCHEN;DIE ERSTE AMAZONE;3
EIN JUNGES MÄDCHEN;MEROE;1
EIN JUNGES MÄDCHEN;DIE OBERPRIESTERIN;3
EIN JUNGES MÄDCHEN;EINE PRIESTERIN;2
EIN JUNGES MÄDCHEN;DIE HAUPTMÄNNIN;1
EIN JUNGES MÄDCHEN;PROTHOE;1
EIN JUNGES MÄDCHEN;DIE ZWEITE PRIESTERIN;1
EIN JUNGES MÄDCHEN;EIN DRITTES MÄDCHEN;1
DIOMEDES;DIE SECHSTE AMAZONE;1
DIOMEDES;ACHILLES;4
DIOMEDES;DIE SIEBENTE AMAZONE;1
DIOMEDES;DER HAUPTMANN;2
DIOMEDES;EIN GRIECHENFÜRST;1
DIOMEDES;DIE DRITTE AMAZONE;1
DIOMEDES;PENTHESILEA;1
DIOMEDES;DIE VIERTE AMAZONE;1
DIOMEDES;ODYSSEUS;6
DIOMEDES;DER ERSTE GRIECHE;3
DIOMEDES;MEROE;1
DIOMEDES;DIE AMAZONEN;1
DIOMEDES;DIE ERSTE AMAZONE;1
DIOMEDES;DIE ZWEITE AMAZONE;1
DIOMEDES;ANTILOCHUS;3
DIOMEDES;PROTHOE;1
DIOMEDES;AUTOMEDON;1
DIOMEDES;EIN ÄTOLIER;1
DIE OBERSTE;DIE ZWEITE AMAZONE;1
DIE OBERSTE;DIE OBERPRIESTERIN;1
DIE OBERSTE;EINE PRIESTERIN;1
EIN MYRMIDONIER;DIE GRIECHEN;1
EIN MYRMIDONIER;DER ERSTE GRIECHE;1
EIN MYRMIDONIER;EIN ÄTOLIER;1
EIN MYRMIDONIER;DER HAUPTMANN;1
DIE VIERTE AMAZONE;ASTERIA;2
DIE VIERTE AMAZONE;EINE ANDERE FÜRSTIN;1
DIE VIERTE AMAZONE;PROTHOE;5
DIE VIERTE AMAZONE;DIE SECHSTE AMAZONE;6
DIE VIERTE AMAZONE;ODYSSEUS;2
DIE VIERTE AMAZONE;ACHILLES;3
DIE VIERTE AMAZONE;DIE ZWEITE PRIESTERIN;2
DIE VIERTE AMAZONE;DIE SIEBENTE AMAZONE;6
DIE VIERTE AMAZONE;DIE PRIESTERINNEN;1
DIE VIERTE AMAZONE;DIE DRITTE AMAZONE;7
DIE VIERTE AMAZONE;PENTHESILEA;4
DIE VIERTE AMAZONE;MEHRERE FRAUEN;1
DIE VIERTE AMAZONE;EINE DRITTE PRIESTERIN;1
DIE VIERTE AMAZONE;DER ERSTE GRIECHE;1
DIE VIERTE AMAZONE;MEROE;6
DIE VIERTE AMAZONE;EINE TRÄGERIN;1
DIE VIERTE AMAZONE;DIE ERSTE AMAZONE;7
DIE VIERTE AMAZONE;DIE ZWEITE AMAZONE;7
DIE VIERTE AMAZONE;DIE OBERPRIESTERIN;3
DIE VIERTE AMAZONE;EINE PRIESTERIN;3
DIE VIERTE AMAZONE;DIE AMAZONEN;5
DIE VIERTE AMAZONE;EIN ÄTOLIER;1
EINE DRITTE PRIESTERIN;DIE DRITTE AMAZONE;2
EINE DRITTE PRIESTERIN;PENTHESILEA;1
EINE DRITTE PRIESTERIN;PROTHOE;1
EINE DRITTE PRIESTERIN;MEROE;1
EINE DRITTE PRIESTERIN;DIE ERSTE AMAZONE;1
EINE DRITTE PRIESTERIN;ERSTE OBERSTE;1
EINE DRITTE PRIESTERIN;DIE SECHSTE AMAZONE;1
EINE DRITTE PRIESTERIN;DIE ZWEITE AMAZONE;2
EINE DRITTE PRIESTERIN;DIE OBERPRIESTERIN;2
EINE DRITTE PRIESTERIN;EINE PRIESTERIN;2
EINE DRITTE PRIESTERIN;DIE AMAZONEN;1
EINE DRITTE PRIESTERIN;DIE SIEBENTE AMAZONE;1
EINE DRITTE PRIESTERIN;ASTERIA;1
EINE DRITTE PRIESTERIN;DIE PRIESTERINNEN;1
EINE DRITTE PRIESTERIN;DIE ZWEITE PRIESTERIN;2
PROTHOE;EINE ANDERE FÜRSTIN;1
PROTHOE;PENTHESILEA;8
PROTHOE;DIE SECHSTE AMAZONE;4
PROTHOE;ODYSSEUS;1
PROTHOE;ACHILLES;6
PROTHOE;DIE ZWEITE PRIESTERIN;2
PROTHOE;DIE SIEBENTE AMAZONE;4
PROTHOE;ASTERIA;3
PROTHOE;DER HAUPTMANN;1
PROTHOE;DIE DRITTE AMAZONE;7
PROTHOE;GRIECHEN;1
PROTHOE;MEHRERE FRAUEN;1
PROTHOE;DER ERSTE GRIECHE;2
PROTHOE;MEROE;8
PROTHOE;DIE AMAZONEN;3
PROTHOE;DIE ERSTE AMAZONE;8
PROTHOE;ERSTE OBERSTE;1
PROTHOE;EINE JUNGFRAU;1
PROTHOE;EINE ANDERE JUNGFRAU;1
PROTHOE;DIE ZWEITE AMAZONE;8
PROTHOE;CHOR DER JUNGFRAUN;1
PROTHOE;DIE OBERPRIESTERIN;4
PROTHOE;EINE PRIESTERIN;5
PROTHOE;EINE FÜRSTIN;1
PROTHOE;EINE TRÄGERIN;1
PROTHOE;EIN ÄTOLIER;1
MEROE;EINE ANDERE FÜRSTIN;1
MEROE;PENTHESILEA;6
MEROE;MEHRERE FRAUEN;1
MEROE;DIE SECHSTE AMAZONE;5
MEROE;ACHILLES;3
MEROE;DIE ZWEITE PRIESTERIN;2
MEROE;DIE SIEBENTE AMAZONE;5
MEROE;ASTERIA;3
MEROE;DIE DRITTE AMAZONE;8
MEROE;GRIECHEN;1
MEROE;ODYSSEUS;2
MEROE;DER ERSTE GRIECHE;1
MEROE;EINE TRÄGERIN;1
MEROE;DIE ERSTE AMAZONE;8
MEROE;ERSTE OBERSTE;1
MEROE;DIE ZWEITE AMAZONE;9
MEROE;DIE OBERPRIESTERIN;5
MEROE;EINE PRIESTERIN;6
MEROE;EINE FÜRSTIN;1
MEROE;DIE AMAZONEN;4
MEROE;EIN ÄTOLIER;1
DER ERSTE GRIECHE;DIE SECHSTE AMAZONE;1
DER ERSTE GRIECHE;EIN DRITTES MÄDCHEN;1
DER ERSTE GRIECHE;DIE GRIECHEN;1
DER ERSTE GRIECHE;ACHILLES;4
DER ERSTE GRIECHE;DIE SIEBENTE AMAZONE;1
DER ERSTE GRIECHE;DER HAUPTMANN;3
DER ERSTE GRIECHE;EIN GRIECHENFÜRST;1
DER ERSTE GRIECHE;DIE DRITTE AMAZONE;2
DER ERSTE GRIECHE;PENTHESILEA;2
DER ERSTE GRIECHE;ODYSSEUS;3
DER ERSTE GRIECHE;DIE AMAZONEN;1
DER ERSTE GRIECHE;DIE ERSTE AMAZONE;2
DER ERSTE GRIECHE;DIE ZWEITE AMAZONE;2
DER ERSTE GRIECHE;DIE OBERPRIESTERIN;1
DER ERSTE GRIECHE;ANTILOCHUS;1
DER ERSTE GRIECHE;AUTOMEDON;1
DER ERSTE GRIECHE;EIN ÄTOLIER;2
DIE ERSTE AMAZONE;EINE ANDERE FÜRSTIN;1
DIE ERSTE AMAZONE;PENTHESILEA;6
DIE ERSTE AMAZONE;DIE SECHSTE AMAZONE;6
DIE ERSTE AMAZONE;EIN DRITTES MÄDCHEN;1
DIE ERSTE AMAZONE;ACHILLES;4
DIE ERSTE AMAZONE;DIE HAUPTMÄNNIN;1
DIE ERSTE AMAZONE;DIE ZWEITE PRIESTERIN;3
DIE ERSTE AMAZONE;DIE SIEBENTE AMAZONE;6
DIE ERSTE AMAZONE;ASTERIA;2
DIE ERSTE AMAZONE;DIE DRITTE AMAZONE;9
DIE ERSTE AMAZONE;GRIECHEN;1
DIE ERSTE AMAZONE;ODYSSEUS;2
DIE ERSTE AMAZONE;DIE AMAZONEN;5
DIE ERSTE AMAZONE;DIE PRIESTERINNEN;1
DIE ERSTE AMAZONE;EINE JUNGFRAU;1
DIE ERSTE AMAZONE;EINE ANDERE JUNGFRAU;1
DIE ERSTE AMAZONE;DIE ZWEITE AMAZONE;10
DIE ERSTE AMAZONE;CHOR DER JUNGFRAUN;1
DIE ERSTE AMAZONE;DIE OBERPRIESTERIN;6
DIE ERSTE AMAZONE;EINE PRIESTERIN;6
DIE ERSTE AMAZONE;EINE TRÄGERIN;1
DIE ERSTE AMAZONE;EIN ÄTOLIER;1
DIE ERSTE AMAZONE;MEHRERE FRAUEN;1
DIE ERSTE AMAZONE;EINE FÜRSTIN;1
DIE ZWEITE AMAZONE;EINE ANDERE FÜRSTIN;1
DIE ZWEITE AMAZONE;PENTHESILEA;6
DIE ZWEITE AMAZONE;ERSTE OBERSTE;1
DIE ZWEITE AMAZONE;DIE SECHSTE AMAZONE;6
DIE ZWEITE AMAZONE;DIE PRIESTERINNEN;1
DIE ZWEITE AMAZONE;EIN DRITTES MÄDCHEN;1
DIE ZWEITE AMAZONE;ACHILLES;3
DIE ZWEITE AMAZONE;DIE ZWEITE PRIESTERIN;3
DIE ZWEITE AMAZONE;DIE SIEBENTE AMAZONE;6
DIE ZWEITE AMAZONE;ASTERIA;3
DIE ZWEITE AMAZONE;DIE DRITTE AMAZONE;10
DIE ZWEITE AMAZONE;ODYSSEUS;2
DIE ZWEITE AMAZONE;DIE AMAZONEN;5
DIE ZWEITE AMAZONE;GRIECHEN;1
DIE ZWEITE AMAZONE;MEHRERE FRAUEN;1
DIE ZWEITE AMAZONE;DIE OBERPRIESTERIN;7
DIE ZWEITE AMAZONE;EINE PRIESTERIN;7
DIE ZWEITE AMAZONE;EINE TRÄGERIN;1
DIE ZWEITE AMAZONE;EIN ÄTOLIER;1
DIE ZWEITE AMAZONE;EINE FÜRSTIN;1
EIN DRITTES MÄDCHEN;DIE DRITTE AMAZONE;1
EIN DRITTES MÄDCHEN;DIE OBERPRIESTERIN;1
AUTOMEDON;EIN GRIECHENFÜRST;1
AUTOMEDON;ACHILLES;1
AUTOMEDON;ODYSSEUS;1
AUTOMEDON;DER HAUPTMANN;1
AUTOMEDON;ANTILOCHUS;1
EIN ÄTOLIER;DER HAUPTMANN;1
EIN ÄTOLIER;ODYSSEUS;1
EIN ÄTOLIER;DIE AMAZONEN;1
EIN ÄTOLIER;DIE SECHSTE AMAZONE;1
EIN ÄTOLIER;DIE DRITTE AMAZONE;1
EIN ÄTOLIER;DIE GRIECHEN;1
EIN ÄTOLIER;ACHILLES;1
EIN ÄTOLIER;DIE SIEBENTE AMAZONE;1
ANTILOCHUS;ACHILLES;1
ANTILOCHUS;ODYSSEUS;3
ANTILOCHUS;DER HAUPTMANN;2
ANTILOCHUS;EIN GRIECHENFÜRST;1
DIE DRITTE AMAZONE;EINE ANDERE FÜRSTIN;1
DIE DRITTE AMAZONE;PENTHESILEA;5
DIE DRITTE AMAZONE;MEHRERE FRAUEN;1
DIE DRITTE AMAZONE;ERSTE OBERSTE;1
DIE DRITTE AMAZONE;DIE SECHSTE AMAZONE;6
DIE DRITTE AMAZONE;ACHILLES;3
DIE DRITTE AMAZONE;DIE ZWEITE PRIESTERIN;3
DIE DRITTE AMAZONE;DIE SIEBENTE AMAZONE;6
DIE DRITTE AMAZONE;ASTERIA;3
DIE DRITTE AMAZONE;ODYSSEUS;2
DIE DRITTE AMAZONE;DIE AMAZONEN;5
DIE DRITTE AMAZONE;DIE PRIESTERINNEN;1
DIE DRITTE AMAZONE;DIE OBERPRIESTERIN;5
DIE DRITTE AMAZONE;EINE PRIESTERIN;5
DIE DRITTE AMAZONE;EINE TRÄGERIN;1
DIE DRITTE AMAZONE;EINE FÜRSTIN;1
ASTERIA;PENTHESILEA;3
ASTERIA;EINE ANDERE FÜRSTIN;1
ASTERIA;DIE AMAZONEN;2
ASTERIA;ERSTE OBERSTE;1
ASTERIA;DIE SECHSTE AMAZONE;2
ASTERIA;DIE OBERPRIESTERIN;2
ASTERIA;EINE PRIESTERIN;1
ASTERIA;DIE SIEBENTE AMAZONE;2
ASTERIA;DIE ZWEITE PRIESTERIN;1
EINE ANDERE FÜRSTIN;PENTHESILEA;1
EINE ANDERE FÜRSTIN;DIE SECHSTE AMAZONE;1
EINE ANDERE FÜRSTIN;DIE AMAZONEN;1
EINE ANDERE FÜRSTIN;DIE SIEBENTE AMAZONE;1
EINE JUNGFRAU;EINE ANDERE JUNGFRAU;1
EINE JUNGFRAU;PENTHESILEA;1
EINE JUNGFRAU;CHOR DER JUNGFRAUN;1
EINE JUNGFRAU;ACHILLES;1
DIE SECHSTE AMAZONE;ODYSSEUS;2
DIE SECHSTE AMAZONE;ACHILLES;3
DIE SECHSTE AMAZONE;DIE ZWEITE PRIESTERIN;1
DIE SECHSTE AMAZONE;DIE SIEBENTE AMAZONE;6
DIE SECHSTE AMAZONE;DIE PRIESTERINNEN;1
DIE SECHSTE AMAZONE;PENTHESILEA;3
DIE SECHSTE AMAZONE;DIE AMAZONEN;5
DIE SECHSTE AMAZONE;DIE OBERPRIESTERIN;2
DIE SECHSTE AMAZONE;EINE PRIESTERIN;2
GRIECHEN;DIE OBERPRIESTERIN;1
GRIECHEN;EINE PRIESTERIN;1
GRIECHEN;PENTHESILEA;1
DIE GRIECHEN;DER HAUPTMANN;1
ACHILLES;DIE SIEBENTE AMAZONE;3
ACHILLES;DER HAUPTMANN;2
ACHILLES;EIN GRIECHENFÜRST;1
ACHILLES;PENTHESILEA;5
ACHILLES;ODYSSEUS;5
ACHILLES;DIE AMAZONEN;2
ACHILLES;EINE ANDERE JUNGFRAU;1
ACHILLES;CHOR DER JUNGFRAUN;1
ACHILLES;EINE PRIESTERIN;1
DIE HAUPTMÄNNIN;DIE OBERPRIESTERIN;1
DIE HAUPTMÄNNIN;EINE PRIESTERIN;1
DIE HAUPTMÄNNIN;DIE ZWEITE PRIESTERIN;1
DIE SIEBENTE AMAZONE;ODYSSEUS;2
DIE SIEBENTE AMAZONE;DIE ZWEITE PRIESTERIN;1
DIE SIEBENTE AMAZONE;DIE PRIESTERINNEN;1
DIE SIEBENTE AMAZONE;PENTHESILEA;3
DIE SIEBENTE AMAZONE;DIE AMAZONEN;5
DIE SIEBENTE AMAZONE;DIE OBERPRIESTERIN;2
DIE SIEBENTE AMAZONE;EINE PRIESTERIN;2
DER HAUPTMANN;ODYSSEUS;2
DER HAUPTMANN;PENTHESILEA;1
DER HAUPTMANN;EIN GRIECHENFÜRST;1
DIE PRIESTERINNEN;DIE OBERPRIESTERIN;1
DIE PRIESTERINNEN;EINE PRIESTERIN;1
DIE PRIESTERINNEN;DIE AMAZONEN;1
DIE PRIESTERINNEN;DIE ZWEITE PRIESTERIN;1
EIN GRIECHENFÜRST;ODYSSEUS;1
PENTHESILEA;MEHRERE FRAUEN;1
PENTHESILEA;ODYSSEUS;2
PENTHESILEA;DIE ZWEITE PRIESTERIN;2
PENTHESILEA;EINE TRÄGERIN;1
PENTHESILEA;ERSTE OBERSTE;1
PENTHESILEA;EINE ANDERE JUNGFRAU;1
PENTHESILEA;CHOR DER JUNGFRAUN;1
PENTHESILEA;DIE OBERPRIESTERIN;4
PENTHESILEA;DIE AMAZONEN;3
PENTHESILEA;EINE PRIESTERIN;3
MEHRERE FRAUEN;EINE PRIESTERIN;1
MEHRERE FRAUEN;DIE ZWEITE PRIESTERIN;1
MEHRERE FRAUEN;EINE TRÄGERIN;1
MEHRERE FRAUEN;DIE OBERPRIESTERIN;1
ODYSSEUS;DIE AMAZONEN;2
EINE TRÄGERIN;DIE OBERPRIESTERIN;1
EINE TRÄGERIN;EINE PRIESTERIN;1
EINE TRÄGERIN;DIE ZWEITE PRIESTERIN;1
ERSTE OBERSTE;DIE OBERPRIESTERIN;1
ERSTE OBERSTE;EINE PRIESTERIN;1
ERSTE OBERSTE;DIE ZWEITE PRIESTERIN;1
EINE ANDERE JUNGFRAU;CHOR DER JUNGFRAUN;1
DIE OBERPRIESTERIN;DIE ZWEITE PRIESTERIN;4
DIE OBERPRIESTERIN;DIE AMAZONEN;2
DIE OBERPRIESTERIN;EINE PRIESTERIN;7
EINE PRIESTERIN;DIE AMAZONEN;1
EINE PRIESTERIN;DIE ZWEITE PRIESTERIN;4
EINE PRIESTERIN;EINE FÜRSTIN;1
DIE AMAZONEN;DIE ZWEITE PRIESTERIN;1
