POSTBOTE;TANTE;1
POSTBOTE;ONKEL;1
POSTBOTE;PAPA;1
POSTBOTE;WLADIMIR;1
POSTBOTE;KATHI;2
POSTBOTE;DIE BEIDEN DOMESTIKEN;1
POSTBOTE;KNEETSCHKE;2
ONKEL;TANTE;1
ONKEL;KNEETSCHKE;1
ONKEL;KATHI;1
PAPA;GEIST;1
PAPA;WLADIMIR;4
PAPA;KATHI;4
PAPA;DIE BEIDEN DOMESTIKEN;1
PAPA;KNEETSCHKE;4
PAPA;MAMA;3
GEIST;WLADIMIR;1
GEIST;KATHI;1
GEIST;KNEETSCHKE;1
GEIST;MAMA;1
WLADIMIR;KATHI;4
WLADIMIR;DIE BEIDEN DOMESTIKEN;1
WLADIMIR;KNEETSCHKE;4
WLADIMIR;MAMA;3
KATHI;DIE BEIDEN DOMESTIKEN;1
KATHI;TANTE;1
KATHI;KNEETSCHKE;5
KATHI;MAMA;3
DIE BEIDEN DOMESTIKEN;KNEETSCHKE;1
TANTE;KNEETSCHKE;1
KNEETSCHKE;MAMA;3
