TROILA;CHOR DER JÄGER;2
TROILA;ESTRELLA;2
TROILA;CHOR DER FRAUEN;1
TROILA;EDWIGA;1
TROILA;MAUREGATO;2
TROILA;ALFONSO;5
TROILA;CHOR DER MÄNNER;1
TROILA;KRIEGER;2
TROILA;GUISTO;1
TROILA;CHOR DER MÄDCHEN;1
TROILA;CHOR;3
TROILA;CHOR DER LANDLEUTE;1
GREIS;CHOR;1
GREIS;CHOR DER FRAUEN;1
GREIS;EDWIGA;1
GREIS;CHOR DER MÄDCHEN;1
ESTRELLA;CHOR DER JÄGER;3
ESTRELLA;CHOR;6
ESTRELLA;CHOR DER FRAUEN;1
ESTRELLA;DIE BEGLEITER;1
ESTRELLA;ADOLFO;3
ESTRELLA;VOLK;1
ESTRELLA;CHOR DES GEFOLGES;1
ESTRELLA;CHOR DER MÄNNER;1
ESTRELLA;KRIEGER;4
ESTRELLA;MAUREGATO;3
ESTRELLA;HOFSTAAT;1
ESTRELLA;ALFONSO;6
ESTRELLA;CHOR DER LANDLEUTE;2
CHOR DER FRAUEN;EDWIGA;2
CHOR DER FRAUEN;ADOLFO;1
CHOR DER FRAUEN;CHOR;3
CHOR DER FRAUEN;HOFSTAAT;1
CHOR DER FRAUEN;VOLK;1
CHOR DER FRAUEN;CHOR DER MÄNNER;2
CHOR DER FRAUEN;KRIEGER;1
CHOR DER FRAUEN;GUISTO;1
CHOR DER FRAUEN;CHOR DER MÄDCHEN;2
CHOR DER FRAUEN;ALFONSO;1
CHOR DER FRAUEN;MAUREGATO;1
EDWIGA;CHOR DER MÄNNER;1
EDWIGA;CHOR;3
EDWIGA;GUISTO;2
EDWIGA;CHOR DER MÄDCHEN;2
EDWIGA;ALFONSO;1
CHOR DER JÄGER;KRIEGER;3
CHOR DER JÄGER;MAUREGATO;1
CHOR DER JÄGER;CHOR;2
CHOR DER JÄGER;CHOR DER LANDLEUTE;1
CHOR DER JÄGER;ALFONSO;3
ADOLFO;KRIEGER;1
ADOLFO;CHOR DER MÄNNER;1
ADOLFO;DIE BEGLEITER;1
ADOLFO;CHOR;2
ADOLFO;ALFONSO;1
ADOLFO;HOFSTAAT;1
ADOLFO;MAUREGATO;1
ADOLFO;VOLK;1
DIE BEGLEITER;ALFONSO;1
MAUREGATO;CHOR;3
MAUREGATO;VOLK;1
MAUREGATO;CHOR DES GEFOLGES;1
MAUREGATO;CHOR DER MÄNNER;1
MAUREGATO;KRIEGER;2
MAUREGATO;ALFONSO;1
MAUREGATO;HOFSTAAT;1
MAUREGATO;CHOR DER LANDLEUTE;1
VOLK;KRIEGER;1
VOLK;CHOR DER MÄNNER;1
VOLK;CHOR;1
VOLK;HOFSTAAT;1
CHOR DES GEFOLGES;CHOR;1
ZWEITER CHOR;ERSTER CHOR;2
CHOR DER MÄNNER;HOFSTAAT;1
CHOR DER MÄNNER;CHOR;2
CHOR DER MÄNNER;KRIEGER;1
CHOR DER MÄNNER;GUISTO;1
CHOR DER MÄNNER;CHOR DER MÄDCHEN;1
CHOR DER MÄNNER;ALFONSO;1
KRIEGER;CHOR;3
KRIEGER;CHOR DER LANDLEUTE;1
KRIEGER;HOFSTAAT;1
KRIEGER;ALFONSO;3
GUISTO;CHOR;2
GUISTO;CHOR DER MÄDCHEN;1
GUISTO;ALFONSO;1
CHOR DER MÄDCHEN;CHOR;2
CHOR DER MÄDCHEN;ALFONSO;1
CHOR;ALFONSO;5
CHOR;HOFSTAAT;1
CHOR;CHOR DER LANDLEUTE;2
ALFONSO;CHOR DER LANDLEUTE;2
