STROMBOLO;MEZZOTINTO;1
STROMBOLO;STREPHON;1
STROMBOLO;DORIA;1
STROMBOLO;ARIST;1
STROMBOLO;DORANTINO;1
ALVAREZ;SERAPHINE;2
ALVAREZ;VILLIERS;1
ALVAREZ;NINON;1
ALVAREZ;RIPARO;1
ALVAREZ;STREPHON;3
ALVAREZ;DIE MARQUISIN CHATEAUNEUF;1
ALVAREZ;LA FARE;1
ALVAREZ;MALER;1
ALVAREZ;GRAMMONT;1
DON PRADO;STREPHON;2
DON PRADO;SERAPHINE;2
BEDIENTER;STREPHON;1
DIE MARQUISIN CHATEAUNEUF;SERAPHINE;1
DIE MARQUISIN CHATEAUNEUF;GRAMMONT;1
DIE MARQUISIN CHATEAUNEUF;NINON;1
DIE MARQUISIN CHATEAUNEUF;RIPARO;1
DIE MARQUISIN CHATEAUNEUF;STREPHON;1
DIE MARQUISIN CHATEAUNEUF;LA FARE;1
DIE MARQUISIN CHATEAUNEUF;MALER;1
DIE MARQUISIN CHATEAUNEUF;VILLIERS;1
MEZZOTINTO;DORANTINO;1
MEZZOTINTO;STREPHON;2
MEZZOTINTO;DORIA;1
MEZZOTINTO;ARIST;1
SERAPHINE;VILLIERS;1
SERAPHINE;MALER;1
SERAPHINE;GRAMMONT;1
SERAPHINE;NINON;1
SERAPHINE;RIPARO;1
SERAPHINE;LA FARE;1
SERAPHINE;STREPHON;5
DORIA;STREPHON;1
DORIA;DORANTINO;1
DORIA;ARIST;1
GRAMMONT;VILLIERS;1
GRAMMONT;NINON;1
GRAMMONT;RIPARO;1
GRAMMONT;STREPHON;1
GRAMMONT;LA FARE;1
GRAMMONT;MALER;1
DORANTINO;STREPHON;1
DORANTINO;ARIST;1
RIPARO;MALER;1
RIPARO;NINON;1
RIPARO;STREPHON;1
RIPARO;LA FARE;1
RIPARO;VILLIERS;1
NINON;MALER;1
NINON;STREPHON;1
NINON;LA FARE;1
NINON;VILLIERS;1
MALER;STREPHON;1
MALER;LA FARE;1
MALER;VILLIERS;1
LA FARE;STREPHON;1
LA FARE;VILLIERS;1
STREPHON;VILLIERS;1
STREPHON;ARIST;5
