ANDRE;KAPPE;2
ANDRE;GERICHTSSCHREIBER;2
ANDRE;BÄRBEL;2
ANDRE;ROMANN;2
ANDRE;MATTHES;1
ANDRE;DER ALTE BAUER;2
ANDRE;DIE BAUERN;2
ANDRE;WIRTIN;2
ANDRE;EINIGE;2
KORDELCHEN;OBERFÖRSTERIN;7
KORDELCHEN;AMTMANN;3
KORDELCHEN;RUDOLPH;2
KORDELCHEN;FRIEDRIKE;3
KORDELCHEN;PASTOR;3
KORDELCHEN;ANTON;1
KORDELCHEN;OBERFÖRSTER;4
KORDELCHEN;SCHULZ;2
RUDOLPH;OBERFÖRSTERIN;5
RUDOLPH;AMTMANN;2
RUDOLPH;PASTOR;6
RUDOLPH;MATTHES;1
RUDOLPH;FRIEDRIKE;3
RUDOLPH;ANTON;4
RUDOLPH;OBERFÖRSTER;8
RUDOLPH;SCHULZ;3
MATTHES;ROMANN;2
MATTHES;DER ALTE BAUER;3
MATTHES;DIE BAUERN;1
MATTHES;OBERFÖRSTERIN;1
MATTHES;WIRTIN;2
MATTHES;KAPPE;2
MATTHES;GERICHTSSCHREIBER;3
MATTHES;BÄRBEL;1
MATTHES;OBERFÖRSTER;1
MATTHES;ANTON;3
MATTHES;EINIGE;1
FRIEDRIKE;EIN BURSCHE;1
FRIEDRIKE;OBERFÖRSTERIN;12
FRIEDRIKE;AMTMANN;3
FRIEDRIKE;PASTOR;5
FRIEDRIKE;ANTON;5
FRIEDRIKE;WIRTIN;1
FRIEDRIKE;OBERFÖRSTER;10
FRIEDRIKE;SCHULZ;4
PASTOR;OBERFÖRSTERIN;11
PASTOR;AMTMANN;6
PASTOR;ANTON;3
PASTOR;WIRTIN;1
PASTOR;OBERFÖRSTER;20
PASTOR;SCHULZ;10
DIE BAUERN;KAPPE;2
DIE BAUERN;GERICHTSSCHREIBER;2
DIE BAUERN;BÄRBEL;2
DIE BAUERN;ROMANN;2
DIE BAUERN;DER ALTE BAUER;2
DIE BAUERN;WIRTIN;2
DIE BAUERN;EINIGE;2
WIRTIN;ROMANN;2
WIRTIN;ANTON;2
WIRTIN;OBERFÖRSTERIN;1
WIRTIN;KAPPE;2
WIRTIN;GERICHTSSCHREIBER;4
WIRTIN;BÄRBEL;4
WIRTIN;EINIGE;2
WIRTIN;DER ALTE BAUER;3
WIRTIN;OBERFÖRSTER;1
WIRTIN;SCHULZ;1
EIN BURSCHE;OBERFÖRSTERIN;1
KAPPE;GERICHTSSCHREIBER;3
KAPPE;BÄRBEL;2
KAPPE;ROMANN;3
KAPPE;DER ALTE BAUER;3
KAPPE;EINIGE;2
GERICHTSSCHREIBER;BÄRBEL;3
GERICHTSSCHREIBER;ROMANN;3
GERICHTSSCHREIBER;ANTON;1
GERICHTSSCHREIBER;DER ALTE BAUER;4
GERICHTSSCHREIBER;EINIGE;2
OBERFÖRSTERIN;AMTMANN;8
OBERFÖRSTERIN;OBERFÖRSTER;22
OBERFÖRSTERIN;ANTON;5
OBERFÖRSTERIN;SCHULZ;8
ROMANN;BÄRBEL;2
ROMANN;DER ALTE BAUER;3
ROMANN;EINIGE;2
OBERFÖRSTER;AMTMANN;10
OBERFÖRSTER;ANTON;4
OBERFÖRSTER;SCHULZ;16
BÄRBEL;DER ALTE BAUER;2
BÄRBEL;EINIGE;2
ANTON;AMTMANN;1
ANTON;DER ALTE BAUER;1
ANTON;SCHULZ;1
AMTMANN;SCHULZ;4
DER ALTE BAUER;EINIGE;2
