BEAUMARCHAIS;MARIE;3
BEAUMARCHAIS;SOPHIE;4
BEAUMARCHAIS;DIE MÄNNER;1
BEAUMARCHAIS;SAINT GEORGE;1
BEAUMARCHAIS;GUILBERT;4
BEAUMARCHAIS;CLAVIGO;5
BEAUMARCHAIS;CARLOS;4
BEAUMARCHAIS;BEDIENTER;2
BEAUMARCHAIS;BUENCO;4
SOPHIE;BUENCO;4
SOPHIE;DIE MÄNNER;1
SOPHIE;GUILBERT;4
SOPHIE;CLAVIGO;4
SOPHIE;CARLOS;3
SOPHIE;BEDIENTER;1
SOPHIE;MARIE;3
MARIE;CLAVIGO;3
MARIE;CARLOS;2
MARIE;GUILBERT;3
MARIE;BUENCO;3
GUILBERT;DIE MÄNNER;1
GUILBERT;CLAVIGO;4
GUILBERT;CARLOS;3
GUILBERT;BEDIENTER;1
GUILBERT;BUENCO;4
SAINT GEORGE;CARLOS;1
SAINT GEORGE;BEDIENTER;1
SAINT GEORGE;CLAVIGO;1
DIE MÄNNER;CLAVIGO;1
DIE MÄNNER;CARLOS;1
DIE MÄNNER;BEDIENTER;1
DIE MÄNNER;BUENCO;1
CLAVIGO;CARLOS;4
CLAVIGO;BEDIENTER;2
CLAVIGO;BUENCO;4
CARLOS;BEDIENTER;2
CARLOS;BUENCO;3
BEDIENTER;BUENCO;1
