VERWUNDETE FINNEN;BERDOA;1
VERWUNDETE FINNEN;HOLM;1
VERWUNDETE FINNEN;VOLK AUF DER STRASSE;1
VERWUNDETE FINNEN;GUSTAV;1
VERWUNDETE FINNEN;ARBOGA;1
VERWUNDETE FINNEN;KÖNIG;1
VERWUNDETE FINNEN;BIÖRN;1
VERWUNDETE FINNEN;SKIOLD;1
VERWUNDETE FINNEN;GOTHLAND;1
VERWUNDETE FINNEN;DER ALTE HERZOG VON GOTHLAND;1
VERWUNDETE FINNEN;KANZLER;1
VOLK AUF DER STRASSE;BERDOA;1
VOLK AUF DER STRASSE;GUSTAV;1
VOLK AUF DER STRASSE;ARBOGA;1
VOLK AUF DER STRASSE;HOLM;1
VOLK AUF DER STRASSE;KÖNIG;1
VOLK AUF DER STRASSE;BIÖRN;1
VOLK AUF DER STRASSE;SKIOLD;1
VOLK AUF DER STRASSE;GOTHLAND;1
VOLK AUF DER STRASSE;DER ALTE HERZOG VON GOTHLAND;1
VOLK AUF DER STRASSE;KANZLER;1
DIE FINNEN;HOLM;1
DIE FINNEN;ROSSAN;2
DIE FINNEN;GUSTAV;1
DIE FINNEN;STIMMEN VON DEM MEERE HER;1
DIE FINNEN;SOLDAT;1
DIE FINNEN;EIN FINNE;2
DIE FINNEN;ERIK;1
DIE FINNEN;BERDOA;2
DIE FINNEN;USBEK;2
DIE FINNEN;FLÜCHTIGE;1
DIE FINNEN;ROLF;1
DIE FINNEN;EINZELNE STIMMEN;1
DIE FINNEN;BIÖRN;1
DIE FINNEN;EIN FINNISCHER HAUPTMANN;1
DIE FINNEN;VIELE STIMMEN;1
DIE FINNEN;DER ALTE HERZOG VON GOTHLAND;1
DIE FINNEN;HEROLD;1
DIE FINNEN;EINER DER SCHIFFBRÜCHIGEN;1
DIE FINNEN;DIE ANWESENDEN KRIEGER;1
DIE FINNEN;ARBOGA;1
DIE FINNEN;IRNAK;2
DIE FINNEN;GOTHLAND;1
GUSTAV;HOLM;2
GUSTAV;ERSTER HAUPTMANN;1
GUSTAV;EINE STIMME;1
GUSTAV;DIE FINNISCHEN HAUPTLEUTE;1
GUSTAV;ZWEITER HAUPTMANN;1
GUSTAV;STIMMEN VON DEM MEERE HER;1
GUSTAV;KÖNIG;2
GUSTAV;TOCKE;1
GUSTAV;EINE ANDRE STIMME;1
GUSTAV;EIN FINNE;2
GUSTAV;ERIK;3
GUSTAV;MEHRERE STIMMEN;1
GUSTAV;ANDRE;1
GUSTAV;BERDOA;6
GUSTAV;USBEK;4
GUSTAV;CHOR;1
GUSTAV;SKIOLD;2
GUSTAV;FLÜCHTIGE;1
GUSTAV;EIN SCHWEDISCHER HAUPTMANN;1
GUSTAV;UNTEROFFIZIER;1
GUSTAV;BIÖRN;1
GUSTAV;EINE DIRNE;1
GUSTAV;EIN FINNISCHER HAUPTMANN;1
GUSTAV;CÄCILIA;1
GUSTAV;DIE ANWESENDEN KRIEGER;1
GUSTAV;EINZELNE STIMMEN;1
GUSTAV;DER HAUPTMANN;1
GUSTAV;ROLF;1
GUSTAV;EINER DER SCHIFFBRÜCHIGEN;1
GUSTAV;HEROLD;1
GUSTAV;ARBOGA;5
GUSTAV;ROSSAN;4
GUSTAV;DER ALTE HERZOG VON GOTHLAND;3
GUSTAV;IRNAK;4
GUSTAV;GOTHLAND;6
GUSTAV;KANZLER;1
VIELE STIMMEN;HOLM;2
VIELE STIMMEN;USBEK;2
VIELE STIMMEN;BIÖRN;1
VIELE STIMMEN;DER ALTE HERZOG VON GOTHLAND;1
VIELE STIMMEN;BERDOA;1
VIELE STIMMEN;SOLDAT;1
VIELE STIMMEN;KÖNIG;1
VIELE STIMMEN;DIE FLÜCHTIGEN;1
VIELE STIMMEN;ARBOGA;1
VIELE STIMMEN;ROSSAN;1
VIELE STIMMEN;DER HAUPTMANN;1
VIELE STIMMEN;IRNAK;1
VIELE STIMMEN;GOTHLAND;1
VIELE STIMMEN;EIN FINNE;1
ZWEITER HAUPTMANN;BERDOA;1
ZWEITER HAUPTMANN;USBEK;1
ZWEITER HAUPTMANN;DER ALTE HERZOG VON GOTHLAND;1
ZWEITER HAUPTMANN;HOLM;1
ZWEITER HAUPTMANN;ARBOGA;1
ZWEITER HAUPTMANN;ERSTER HAUPTMANN;1
ZWEITER HAUPTMANN;DER HAUPTMANN;1
ZWEITER HAUPTMANN;GOTHLAND;1
ZWEITER HAUPTMANN;KÖNIG;1
KANZLER;HOLM;2
KANZLER;DER HAUPTMANN;1
KANZLER;BIÖRN;1
KANZLER;DER ALTE HERZOG VON GOTHLAND;1
KANZLER;BERDOA;2
KANZLER;ARBOGA;2
KANZLER;SKIOLD;2
KANZLER;ERIK;1
KANZLER;DIE ÜBRIGEN SCHWEDISCHEN GROßEN;1
KANZLER;GOTHLAND;2
KANZLER;KÖNIG;2
TOCKE;BERDOA;2
TOCKE;USBEK;1
TOCKE;EINE ANDRE STIMME;1
TOCKE;EIN SCHWEDISCHER HAUPTMANN;1
TOCKE;UNTEROFFIZIER;1
TOCKE;EINE DIRNE;1
TOCKE;EINE STIMME;1
TOCKE;IRNAK;2
TOCKE;EIN FINNE;2
TOCKE;ROSSAN;1
TOCKE;DIE FINNISCHEN HAUPTLEUTE;2
TOCKE;CHOR;1
TOCKE;MEHRERE STIMMEN;1
TOCKE;GOTHLAND;2
TOCKE;ANDRE;1
EINE ANDRE STIMME;BERDOA;1
EINE ANDRE STIMME;USBEK;1
EINE ANDRE STIMME;EIN SCHWEDISCHER HAUPTMANN;1
EINE ANDRE STIMME;UNTEROFFIZIER;1
EINE ANDRE STIMME;EINE DIRNE;1
EINE ANDRE STIMME;EINE STIMME;1
EINE ANDRE STIMME;IRNAK;1
EINE ANDRE STIMME;EIN FINNE;1
EINE ANDRE STIMME;ROSSAN;1
EINE ANDRE STIMME;DIE FINNISCHEN HAUPTLEUTE;1
EINE ANDRE STIMME;CHOR;1
EINE ANDRE STIMME;MEHRERE STIMMEN;1
EINE ANDRE STIMME;GOTHLAND;1
EINE ANDRE STIMME;ANDRE;1
ERIK;HOLM;1
ERIK;ROSSAN;2
ERIK;ARBOGA;5
ERIK;STIMMEN VON DEM MEERE HER;1
ERIK;SOLDAT;1
ERIK;DIE FINNISCHEN HAUPTLEUTE;1
ERIK;DER HAUPTMANN;1
ERIK;SKIOLD;2
ERIK;BERDOA;6
ERIK;USBEK;2
ERIK;EIN SCHWEDISCHER SOLDAT;1
ERIK;FLÜCHTIGE;1
ERIK;ROLF;3
ERIK;HEROLD;1
ERIK;EIN FINNISCHER HAUPTMANN;1
ERIK;CÄCILIA;2
ERIK;DIE ANWESENDEN KRIEGER;1
ERIK;EINER DER SCHIFFBRÜCHIGEN;1
ERIK;EINER DER FINNISCHEN HAUPTLEUTE;1
ERIK;EINZELNE STIMMEN;1
ERIK;EIN FINNE;1
ERIK;DIE ÜBRIGEN SCHWEDISCHEN GROßEN;1
ERIK;DER ALTE HERZOG VON GOTHLAND;1
ERIK;IRNAK;5
ERIK;GOTHLAND;7
ERIK;KÖNIG;1
MEHRERE STIMMEN;BERDOA;1
MEHRERE STIMMEN;USBEK;1
MEHRERE STIMMEN;EIN SCHWEDISCHER HAUPTMANN;1
MEHRERE STIMMEN;UNTEROFFIZIER;1
MEHRERE STIMMEN;EINE DIRNE;1
MEHRERE STIMMEN;EINE STIMME;1
MEHRERE STIMMEN;EIN FINNE;1
MEHRERE STIMMEN;ROSSAN;1
MEHRERE STIMMEN;DIE FINNISCHEN HAUPTLEUTE;1
MEHRERE STIMMEN;CHOR;1
MEHRERE STIMMEN;IRNAK;1
MEHRERE STIMMEN;GOTHLAND;1
MEHRERE STIMMEN;ANDRE;1
ANDRE;BERDOA;1
ANDRE;USBEK;1
ANDRE;EIN SCHWEDISCHER HAUPTMANN;1
ANDRE;UNTEROFFIZIER;1
ANDRE;EINE DIRNE;1
ANDRE;EINE STIMME;1
ANDRE;IRNAK;1
ANDRE;EIN FINNE;1
ANDRE;ROSSAN;1
ANDRE;DIE FINNISCHEN HAUPTLEUTE;1
ANDRE;CHOR;1
ANDRE;GOTHLAND;1
USBEK;HOLM;4
USBEK;ROSSAN;5
USBEK;ERSTER HAUPTMANN;1
USBEK;EINE STIMME;1
USBEK;STIMMEN VON DEM MEERE HER;1
USBEK;SOLDAT;2
USBEK;KÖNIG;3
USBEK;DIE FLÜCHTIGEN;1
USBEK;DIE FINNISCHEN HAUPTLEUTE;2
USBEK;CHOR;1
USBEK;BERDOA;7
USBEK;ROLF;1
USBEK;EIN SCHWEDISCHER SOLDAT;1
USBEK;FLÜCHTIGE;1
USBEK;EIN SCHWEDISCHER HAUPTMANN;1
USBEK;UNTEROFFIZIER;1
USBEK;BIÖRN;1
USBEK;EINE DIRNE;1
USBEK;EIN FINNISCHER HAUPTMANN;1
USBEK;DIE ANWESENDEN KRIEGER;1
USBEK;EINZELNE STIMMEN;1
USBEK;DER HAUPTMANN;2
USBEK;EINER DER SCHIFFBRÜCHIGEN;1
USBEK;HEROLD;1
USBEK;ARBOGA;5
USBEK;EINER DER FINNISCHEN HAUPTLEUTE;1
USBEK;DER ALTE HERZOG VON GOTHLAND;4
USBEK;IRNAK;6
USBEK;GOTHLAND;6
USBEK;EIN FINNE;3
EIN SCHWEDISCHER SOLDAT;BERDOA;1
EIN SCHWEDISCHER SOLDAT;SOLDAT;1
EIN SCHWEDISCHER SOLDAT;ARBOGA;1
EIN SCHWEDISCHER SOLDAT;DIE FINNISCHEN HAUPTLEUTE;1
EIN SCHWEDISCHER SOLDAT;EINER DER FINNISCHEN HAUPTLEUTE;1
EIN SCHWEDISCHER SOLDAT;GOTHLAND;1
EIN SCHWEDISCHER SOLDAT;IRNAK;1
FLÜCHTIGE;BERDOA;1
FLÜCHTIGE;ROLF;1
FLÜCHTIGE;HEROLD;1
FLÜCHTIGE;EIN FINNISCHER HAUPTMANN;1
FLÜCHTIGE;STIMMEN VON DEM MEERE HER;1
FLÜCHTIGE;DER ALTE HERZOG VON GOTHLAND;1
FLÜCHTIGE;EIN FINNE;1
FLÜCHTIGE;DIE ANWESENDEN KRIEGER;1
FLÜCHTIGE;EINZELNE STIMMEN;1
FLÜCHTIGE;ARBOGA;1
FLÜCHTIGE;ROSSAN;1
FLÜCHTIGE;IRNAK;1
FLÜCHTIGE;GOTHLAND;1
FLÜCHTIGE;EINER DER SCHIFFBRÜCHIGEN;1
CHOR;BERDOA;1
CHOR;EIN SCHWEDISCHER HAUPTMANN;1
CHOR;UNTEROFFIZIER;1
CHOR;EINE DIRNE;1
CHOR;EINE STIMME;1
CHOR;IRNAK;1
CHOR;EIN FINNE;1
CHOR;ROSSAN;1
CHOR;DIE FINNISCHEN HAUPTLEUTE;1
CHOR;GOTHLAND;1
BIÖRN;HOLM;2
BIÖRN;BERDOA;2
BIÖRN;SOLDAT;1
BIÖRN;ARBOGA;1
BIÖRN;KÖNIG;1
BIÖRN;ROSSAN;1
BIÖRN;SKIOLD;1
BIÖRN;DER ALTE HERZOG VON GOTHLAND;1
BIÖRN;IRNAK;1
BIÖRN;GOTHLAND;1
BIÖRN;EIN FINNE;1
DIE ANWESENDEN KRIEGER;BERDOA;1
DIE ANWESENDEN KRIEGER;ROLF;1
DIE ANWESENDEN KRIEGER;HEROLD;1
DIE ANWESENDEN KRIEGER;EIN FINNISCHER HAUPTMANN;1
DIE ANWESENDEN KRIEGER;STIMMEN VON DEM MEERE HER;1
DIE ANWESENDEN KRIEGER;DER ALTE HERZOG VON GOTHLAND;1
DIE ANWESENDEN KRIEGER;EIN FINNE;1
DIE ANWESENDEN KRIEGER;EINZELNE STIMMEN;1
DIE ANWESENDEN KRIEGER;ARBOGA;1
DIE ANWESENDEN KRIEGER;ROSSAN;1
DIE ANWESENDEN KRIEGER;IRNAK;1
DIE ANWESENDEN KRIEGER;GOTHLAND;1
DIE ANWESENDEN KRIEGER;EINER DER SCHIFFBRÜCHIGEN;1
EINER DER SCHIFFBRÜCHIGEN;BERDOA;1
EINER DER SCHIFFBRÜCHIGEN;ROLF;1
EINER DER SCHIFFBRÜCHIGEN;HEROLD;1
EINER DER SCHIFFBRÜCHIGEN;EIN FINNISCHER HAUPTMANN;1
EINER DER SCHIFFBRÜCHIGEN;STIMMEN VON DEM MEERE HER;1
EINER DER SCHIFFBRÜCHIGEN;DER ALTE HERZOG VON GOTHLAND;1
EINER DER SCHIFFBRÜCHIGEN;EINZELNE STIMMEN;1
EINER DER SCHIFFBRÜCHIGEN;ARBOGA;1
EINER DER SCHIFFBRÜCHIGEN;ROSSAN;1
EINER DER SCHIFFBRÜCHIGEN;IRNAK;1
EINER DER SCHIFFBRÜCHIGEN;GOTHLAND;1
EINER DER SCHIFFBRÜCHIGEN;EIN FINNE;1
HOLM;ERSTER HAUPTMANN;1
HOLM;CÄCILIA;1
HOLM;SOLDAT;1
HOLM;DIE FLÜCHTIGEN;1
HOLM;ARBOGA;5
HOLM;SKIOLD;3
HOLM;DER HAUPTMANN;3
HOLM;BERDOA;5
HOLM;DER ALTE HERZOG VON GOTHLAND;5
HOLM;KÖNIG;6
HOLM;ROSSAN;2
HOLM;DIE ÜBRIGEN SCHWEDISCHEN GROßEN;1
HOLM;IRNAK;2
HOLM;GOTHLAND;6
HOLM;EIN FINNE;1
BERDOA;CÄCILIA;2
BERDOA;ERSTER HAUPTMANN;1
BERDOA;EINE STIMME;1
BERDOA;STIMMEN VON DEM MEERE HER;1
BERDOA;SOLDAT;2
BERDOA;EIN FINNE;4
BERDOA;DIE FINNISCHEN HAUPTLEUTE;3
BERDOA;DER HAUPTMANN;2
BERDOA;DIE ÜBRIGEN SCHWEDISCHEN GROßEN;1
BERDOA;ROSSAN;5
BERDOA;SKIOLD;3
BERDOA;ROLF;3
BERDOA;EIN SCHWEDISCHER HAUPTMANN;1
BERDOA;UNTEROFFIZIER;1
BERDOA;EINZELNE STIMMEN;1
BERDOA;EINE DIRNE;1
BERDOA;EIN FINNISCHER HAUPTMANN;1
BERDOA;DER ALTE HERZOG VON GOTHLAND;4
BERDOA;HEROLD;1
BERDOA;ARBOGA;7
BERDOA;EINER DER FINNISCHEN HAUPTLEUTE;1
BERDOA;IRNAK;10
BERDOA;GOTHLAND;11
BERDOA;KÖNIG;4
ERSTER HAUPTMANN;DER HAUPTMANN;1
ERSTER HAUPTMANN;KÖNIG;1
ERSTER HAUPTMANN;ARBOGA;1
ERSTER HAUPTMANN;DER ALTE HERZOG VON GOTHLAND;1
ERSTER HAUPTMANN;GOTHLAND;1
EINE STIMME;EIN SCHWEDISCHER HAUPTMANN;1
EINE STIMME;UNTEROFFIZIER;1
EINE STIMME;EINE DIRNE;1
EINE STIMME;IRNAK;1
EINE STIMME;EIN FINNE;1
EINE STIMME;ROSSAN;1
EINE STIMME;DIE FINNISCHEN HAUPTLEUTE;1
EINE STIMME;GOTHLAND;1
STIMMEN VON DEM MEERE HER;ROLF;1
STIMMEN VON DEM MEERE HER;HEROLD;1
STIMMEN VON DEM MEERE HER;EIN FINNISCHER HAUPTMANN;1
STIMMEN VON DEM MEERE HER;GOTHLAND;1
STIMMEN VON DEM MEERE HER;DER ALTE HERZOG VON GOTHLAND;1
STIMMEN VON DEM MEERE HER;EIN FINNE;1
STIMMEN VON DEM MEERE HER;EINZELNE STIMMEN;1
STIMMEN VON DEM MEERE HER;ARBOGA;1
STIMMEN VON DEM MEERE HER;ROSSAN;1
STIMMEN VON DEM MEERE HER;IRNAK;1
SOLDAT;IRNAK;2
SOLDAT;EIN FINNE;1
SOLDAT;ARBOGA;1
SOLDAT;ROSSAN;1
SOLDAT;DIE FINNISCHEN HAUPTLEUTE;1
SOLDAT;EINER DER FINNISCHEN HAUPTLEUTE;1
SOLDAT;GOTHLAND;1
EIN FINNE;ROSSAN;3
EIN FINNE;ROLF;1
EIN FINNE;DIE FINNISCHEN HAUPTLEUTE;2
EIN FINNE;EIN SCHWEDISCHER HAUPTMANN;1
EIN FINNE;UNTEROFFIZIER;1
EIN FINNE;EINE DIRNE;1
EIN FINNE;EIN FINNISCHER HAUPTMANN;1
EIN FINNE;EINZELNE STIMMEN;1
EIN FINNE;HEROLD;1
EIN FINNE;ARBOGA;1
EIN FINNE;DER ALTE HERZOG VON GOTHLAND;1
EIN FINNE;IRNAK;4
EIN FINNE;GOTHLAND;3
DIE FLÜCHTIGEN;GOTHLAND;1
DIE FLÜCHTIGEN;KÖNIG;1
DIE FLÜCHTIGEN;ARBOGA;1
DIE FLÜCHTIGEN;DER HAUPTMANN;1
DIE FLÜCHTIGEN;DER ALTE HERZOG VON GOTHLAND;1
DIE FINNISCHEN HAUPTLEUTE;EIN SCHWEDISCHER HAUPTMANN;1
DIE FINNISCHEN HAUPTLEUTE;UNTEROFFIZIER;1
DIE FINNISCHEN HAUPTLEUTE;EINE DIRNE;1
DIE FINNISCHEN HAUPTLEUTE;IRNAK;3
DIE FINNISCHEN HAUPTLEUTE;ARBOGA;1
DIE FINNISCHEN HAUPTLEUTE;ROSSAN;1
DIE FINNISCHEN HAUPTLEUTE;EINER DER FINNISCHEN HAUPTLEUTE;1
DIE FINNISCHEN HAUPTLEUTE;GOTHLAND;3
DER HAUPTMANN;DER ALTE HERZOG VON GOTHLAND;2
DER HAUPTMANN;ARBOGA;3
DER HAUPTMANN;SKIOLD;1
DER HAUPTMANN;DIE ÜBRIGEN SCHWEDISCHEN GROßEN;1
DER HAUPTMANN;GOTHLAND;3
DER HAUPTMANN;KÖNIG;3
DIE ÜBRIGEN SCHWEDISCHEN GROßEN;ARBOGA;1
DIE ÜBRIGEN SCHWEDISCHEN GROßEN;SKIOLD;1
DIE ÜBRIGEN SCHWEDISCHEN GROßEN;GOTHLAND;1
DIE ÜBRIGEN SCHWEDISCHEN GROßEN;KÖNIG;1
ROSSAN;EIN SCHWEDISCHER HAUPTMANN;1
ROSSAN;KÖNIG;1
ROSSAN;ROLF;1
ROSSAN;UNTEROFFIZIER;1
ROSSAN;EINE DIRNE;1
ROSSAN;EIN FINNISCHER HAUPTMANN;1
ROSSAN;EINZELNE STIMMEN;1
ROSSAN;HEROLD;1
ROSSAN;ARBOGA;3
ROSSAN;DER ALTE HERZOG VON GOTHLAND;2
ROSSAN;IRNAK;5
ROSSAN;GOTHLAND;4
SKIOLD;CÄCILIA;3
SKIOLD;DER ALTE HERZOG VON GOTHLAND;2
SKIOLD;ARBOGA;3
SKIOLD;IRNAK;1
SKIOLD;GOTHLAND;5
SKIOLD;KÖNIG;3
ROLF;HEROLD;1
ROLF;EIN FINNISCHER HAUPTMANN;1
ROLF;CÄCILIA;1
ROLF;DER ALTE HERZOG VON GOTHLAND;1
ROLF;EINZELNE STIMMEN;1
ROLF;ARBOGA;1
ROLF;GOTHLAND;3
ROLF;IRNAK;3
EIN SCHWEDISCHER HAUPTMANN;UNTEROFFIZIER;1
EIN SCHWEDISCHER HAUPTMANN;EINE DIRNE;1
EIN SCHWEDISCHER HAUPTMANN;IRNAK;1
EIN SCHWEDISCHER HAUPTMANN;GOTHLAND;1
UNTEROFFIZIER;EINE DIRNE;1
UNTEROFFIZIER;IRNAK;1
UNTEROFFIZIER;GOTHLAND;1
EINZELNE STIMMEN;HEROLD;1
EINZELNE STIMMEN;EIN FINNISCHER HAUPTMANN;1
EINZELNE STIMMEN;GOTHLAND;1
EINZELNE STIMMEN;DER ALTE HERZOG VON GOTHLAND;1
EINZELNE STIMMEN;ARBOGA;1
EINZELNE STIMMEN;IRNAK;1
EINE DIRNE;IRNAK;1
EINE DIRNE;GOTHLAND;1
EIN FINNISCHER HAUPTMANN;HEROLD;1
EIN FINNISCHER HAUPTMANN;GOTHLAND;1
EIN FINNISCHER HAUPTMANN;DER ALTE HERZOG VON GOTHLAND;1
EIN FINNISCHER HAUPTMANN;ARBOGA;1
EIN FINNISCHER HAUPTMANN;IRNAK;1
CÄCILIA;DER ALTE HERZOG VON GOTHLAND;1
CÄCILIA;KÖNIG;1
CÄCILIA;ARBOGA;1
CÄCILIA;GOTHLAND;4
CÄCILIA;IRNAK;2
DER ALTE HERZOG VON GOTHLAND;ARBOGA;5
DER ALTE HERZOG VON GOTHLAND;HEROLD;1
DER ALTE HERZOG VON GOTHLAND;KÖNIG;5
DER ALTE HERZOG VON GOTHLAND;IRNAK;2
DER ALTE HERZOG VON GOTHLAND;GOTHLAND;6
HEROLD;GOTHLAND;1
HEROLD;ARBOGA;1
HEROLD;IRNAK;1
ARBOGA;EINER DER FINNISCHEN HAUPTLEUTE;1
ARBOGA;KÖNIG;5
ARBOGA;IRNAK;4
ARBOGA;GOTHLAND;9
EINER DER FINNISCHEN HAUPTLEUTE;IRNAK;1
EINER DER FINNISCHEN HAUPTLEUTE;GOTHLAND;1
IRNAK;KÖNIG;1
IRNAK;GOTHLAND;8
GOTHLAND;KÖNIG;6
