STIMMEN;GESELL;1
STIMMEN;DER DÜNNE VETTER;1
STIMMEN;GLAUBE;1
STIMMEN;DIE GÄSTE;1
STIMMEN;HAUSVOGT;1
STIMMEN;WERKE;1
STIMMEN;ARMER NACHBAR;1
STIMMEN;GOTT DER HERR;1
STIMMEN;SPIELANSAGER;1
STIMMEN;JEDERMANNS MUTTER;1
STIMMEN;JEDERMANN;1
STIMMEN;SCHULDKNECHT;1
STIMMEN;EIN GAST;1
STIMMEN;EIN DRITTES FRÄULEIN;1
STIMMEN;EIN ANDERER GAST;1
STIMMEN;VORSÄNGER;1
STIMMEN;TEUFEL;1
STIMMEN;DER DICKE VETTER;1
STIMMEN;KNECHT;1
STIMMEN;SCHULDKNECHTS WEIB;1
STIMMEN;BUHLSCHAFT;1
STIMMEN;TOD;1
STIMMEN;EIN ANDERES FRÄULEIN;1
STIMMEN;EIN FRÄULEIN;1
STIMMEN;KOCH;1
STIMMEN;MAMMON;1
GESELL;DER DÜNNE VETTER;1
GESELL;GLAUBE;1
GESELL;DIE GÄSTE;1
GESELL;HAUSVOGT;1
GESELL;WERKE;1
GESELL;JEDERMANN;1
GESELL;GOTT DER HERR;1
GESELL;BUHLSCHAFT;1
GESELL;JEDERMANNS MUTTER;1
GESELL;ARMER NACHBAR;1
GESELL;SCHULDKNECHT;1
GESELL;EIN GAST;1
GESELL;EIN DRITTES FRÄULEIN;1
GESELL;EIN ANDERER GAST;1
GESELL;VORSÄNGER;1
GESELL;TEUFEL;1
GESELL;DER DICKE VETTER;1
GESELL;EIN ANDERES FRÄULEIN;1
GESELL;SCHULDKNECHTS WEIB;1
GESELL;SPIELANSAGER;1
GESELL;TOD;1
GESELL;KNECHT;1
GESELL;EIN FRÄULEIN;1
GESELL;KOCH;1
GESELL;MAMMON;1
DER DÜNNE VETTER;GLAUBE;1
DER DÜNNE VETTER;DIE GÄSTE;1
DER DÜNNE VETTER;HAUSVOGT;1
DER DÜNNE VETTER;WERKE;1
DER DÜNNE VETTER;ARMER NACHBAR;1
DER DÜNNE VETTER;GOTT DER HERR;1
DER DÜNNE VETTER;BUHLSCHAFT;1
DER DÜNNE VETTER;JEDERMANNS MUTTER;1
DER DÜNNE VETTER;JEDERMANN;1
DER DÜNNE VETTER;SCHULDKNECHT;1
DER DÜNNE VETTER;EIN GAST;1
DER DÜNNE VETTER;EIN DRITTES FRÄULEIN;1
DER DÜNNE VETTER;EIN ANDERER GAST;1
DER DÜNNE VETTER;VORSÄNGER;1
DER DÜNNE VETTER;TEUFEL;1
DER DÜNNE VETTER;DER DICKE VETTER;1
DER DÜNNE VETTER;KNECHT;1
DER DÜNNE VETTER;SCHULDKNECHTS WEIB;1
DER DÜNNE VETTER;SPIELANSAGER;1
DER DÜNNE VETTER;TOD;1
DER DÜNNE VETTER;EIN ANDERES FRÄULEIN;1
DER DÜNNE VETTER;EIN FRÄULEIN;1
DER DÜNNE VETTER;KOCH;1
DER DÜNNE VETTER;MAMMON;1
GLAUBE;DIE GÄSTE;1
GLAUBE;HAUSVOGT;1
GLAUBE;WERKE;1
GLAUBE;ARMER NACHBAR;1
GLAUBE;GOTT DER HERR;1
GLAUBE;BUHLSCHAFT;1
GLAUBE;JEDERMANNS MUTTER;1
GLAUBE;JEDERMANN;1
GLAUBE;SCHULDKNECHT;1
GLAUBE;EIN GAST;1
GLAUBE;EIN DRITTES FRÄULEIN;1
GLAUBE;EIN ANDERER GAST;1
GLAUBE;VORSÄNGER;1
GLAUBE;TEUFEL;1
GLAUBE;DER DICKE VETTER;1
GLAUBE;EIN ANDERES FRÄULEIN;1
GLAUBE;SCHULDKNECHTS WEIB;1
GLAUBE;SPIELANSAGER;1
GLAUBE;TOD;1
GLAUBE;KNECHT;1
GLAUBE;EIN FRÄULEIN;1
GLAUBE;KOCH;1
GLAUBE;MAMMON;1
DIE GÄSTE;HAUSVOGT;1
DIE GÄSTE;WERKE;1
DIE GÄSTE;ARMER NACHBAR;1
DIE GÄSTE;GOTT DER HERR;1
DIE GÄSTE;BUHLSCHAFT;1
DIE GÄSTE;JEDERMANNS MUTTER;1
DIE GÄSTE;JEDERMANN;1
DIE GÄSTE;SCHULDKNECHT;1
DIE GÄSTE;EIN GAST;1
DIE GÄSTE;EIN DRITTES FRÄULEIN;1
DIE GÄSTE;EIN ANDERER GAST;1
DIE GÄSTE;VORSÄNGER;1
DIE GÄSTE;TEUFEL;1
DIE GÄSTE;DER DICKE VETTER;1
DIE GÄSTE;KNECHT;1
DIE GÄSTE;SCHULDKNECHTS WEIB;1
DIE GÄSTE;SPIELANSAGER;1
DIE GÄSTE;TOD;1
DIE GÄSTE;EIN ANDERES FRÄULEIN;1
DIE GÄSTE;EIN FRÄULEIN;1
DIE GÄSTE;KOCH;1
DIE GÄSTE;MAMMON;1
HAUSVOGT;WERKE;1
HAUSVOGT;ARMER NACHBAR;1
HAUSVOGT;GOTT DER HERR;1
HAUSVOGT;BUHLSCHAFT;1
HAUSVOGT;JEDERMANNS MUTTER;1
HAUSVOGT;JEDERMANN;1
HAUSVOGT;SCHULDKNECHT;1
HAUSVOGT;EIN GAST;1
HAUSVOGT;EIN DRITTES FRÄULEIN;1
HAUSVOGT;EIN ANDERER GAST;1
HAUSVOGT;VORSÄNGER;1
HAUSVOGT;TEUFEL;1
HAUSVOGT;DER DICKE VETTER;1
HAUSVOGT;KNECHT;1
HAUSVOGT;SCHULDKNECHTS WEIB;1
HAUSVOGT;SPIELANSAGER;1
HAUSVOGT;TOD;1
HAUSVOGT;EIN ANDERES FRÄULEIN;1
HAUSVOGT;EIN FRÄULEIN;1
HAUSVOGT;KOCH;1
HAUSVOGT;MAMMON;1
WERKE;ARMER NACHBAR;1
WERKE;GOTT DER HERR;1
WERKE;BUHLSCHAFT;1
WERKE;JEDERMANNS MUTTER;1
WERKE;JEDERMANN;1
WERKE;SCHULDKNECHT;1
WERKE;EIN GAST;1
WERKE;EIN DRITTES FRÄULEIN;1
WERKE;EIN ANDERER GAST;1
WERKE;VORSÄNGER;1
WERKE;TEUFEL;1
WERKE;DER DICKE VETTER;1
WERKE;KNECHT;1
WERKE;SCHULDKNECHTS WEIB;1
WERKE;SPIELANSAGER;1
WERKE;TOD;1
WERKE;EIN ANDERES FRÄULEIN;1
WERKE;EIN FRÄULEIN;1
WERKE;KOCH;1
WERKE;MAMMON;1
JEDERMANN;ARMER NACHBAR;1
JEDERMANN;GOTT DER HERR;1
JEDERMANN;BUHLSCHAFT;1
JEDERMANN;JEDERMANNS MUTTER;1
JEDERMANN;SCHULDKNECHT;1
JEDERMANN;EIN GAST;1
JEDERMANN;EIN DRITTES FRÄULEIN;1
JEDERMANN;EIN ANDERER GAST;1
JEDERMANN;VORSÄNGER;1
JEDERMANN;TEUFEL;1
JEDERMANN;DER DICKE VETTER;1
JEDERMANN;KNECHT;1
JEDERMANN;SCHULDKNECHTS WEIB;1
JEDERMANN;SPIELANSAGER;1
JEDERMANN;TOD;1
JEDERMANN;EIN ANDERES FRÄULEIN;1
JEDERMANN;EIN FRÄULEIN;1
JEDERMANN;KOCH;1
JEDERMANN;MAMMON;1
GOTT DER HERR;BUHLSCHAFT;1
GOTT DER HERR;JEDERMANNS MUTTER;1
GOTT DER HERR;ARMER NACHBAR;1
GOTT DER HERR;SCHULDKNECHT;1
GOTT DER HERR;EIN GAST;1
GOTT DER HERR;EIN DRITTES FRÄULEIN;1
GOTT DER HERR;EIN ANDERER GAST;1
GOTT DER HERR;VORSÄNGER;1
GOTT DER HERR;TEUFEL;1
GOTT DER HERR;DER DICKE VETTER;1
GOTT DER HERR;KNECHT;1
GOTT DER HERR;SCHULDKNECHTS WEIB;1
GOTT DER HERR;SPIELANSAGER;1
GOTT DER HERR;TOD;1
GOTT DER HERR;EIN ANDERES FRÄULEIN;1
GOTT DER HERR;EIN FRÄULEIN;1
GOTT DER HERR;KOCH;1
GOTT DER HERR;MAMMON;1
BUHLSCHAFT;SPIELANSAGER;1
BUHLSCHAFT;JEDERMANNS MUTTER;1
BUHLSCHAFT;ARMER NACHBAR;1
BUHLSCHAFT;SCHULDKNECHT;1
BUHLSCHAFT;EIN GAST;1
BUHLSCHAFT;EIN DRITTES FRÄULEIN;1
BUHLSCHAFT;EIN ANDERER GAST;1
BUHLSCHAFT;VORSÄNGER;1
BUHLSCHAFT;TEUFEL;1
BUHLSCHAFT;DER DICKE VETTER;1
BUHLSCHAFT;KNECHT;1
BUHLSCHAFT;SCHULDKNECHTS WEIB;1
BUHLSCHAFT;TOD;1
BUHLSCHAFT;EIN ANDERES FRÄULEIN;1
BUHLSCHAFT;EIN FRÄULEIN;1
BUHLSCHAFT;KOCH;1
BUHLSCHAFT;MAMMON;1
JEDERMANNS MUTTER;ARMER NACHBAR;1
JEDERMANNS MUTTER;SCHULDKNECHT;1
JEDERMANNS MUTTER;EIN GAST;1
JEDERMANNS MUTTER;EIN DRITTES FRÄULEIN;1
JEDERMANNS MUTTER;EIN ANDERER GAST;1
JEDERMANNS MUTTER;VORSÄNGER;1
JEDERMANNS MUTTER;TEUFEL;1
JEDERMANNS MUTTER;DER DICKE VETTER;1
JEDERMANNS MUTTER;KNECHT;1
JEDERMANNS MUTTER;SCHULDKNECHTS WEIB;1
JEDERMANNS MUTTER;SPIELANSAGER;1
JEDERMANNS MUTTER;TOD;1
JEDERMANNS MUTTER;EIN ANDERES FRÄULEIN;1
JEDERMANNS MUTTER;EIN FRÄULEIN;1
JEDERMANNS MUTTER;KOCH;1
JEDERMANNS MUTTER;MAMMON;1
ARMER NACHBAR;SCHULDKNECHT;1
ARMER NACHBAR;EIN GAST;1
ARMER NACHBAR;EIN DRITTES FRÄULEIN;1
ARMER NACHBAR;EIN ANDERER GAST;1
ARMER NACHBAR;VORSÄNGER;1
ARMER NACHBAR;TEUFEL;1
ARMER NACHBAR;DER DICKE VETTER;1
ARMER NACHBAR;KNECHT;1
ARMER NACHBAR;SCHULDKNECHTS WEIB;1
ARMER NACHBAR;SPIELANSAGER;1
ARMER NACHBAR;TOD;1
ARMER NACHBAR;EIN ANDERES FRÄULEIN;1
ARMER NACHBAR;EIN FRÄULEIN;1
ARMER NACHBAR;KOCH;1
ARMER NACHBAR;MAMMON;1
SCHULDKNECHT;EIN GAST;1
SCHULDKNECHT;EIN DRITTES FRÄULEIN;1
SCHULDKNECHT;EIN ANDERER GAST;1
SCHULDKNECHT;VORSÄNGER;1
SCHULDKNECHT;TEUFEL;1
SCHULDKNECHT;DER DICKE VETTER;1
SCHULDKNECHT;KNECHT;1
SCHULDKNECHT;SCHULDKNECHTS WEIB;1
SCHULDKNECHT;SPIELANSAGER;1
SCHULDKNECHT;TOD;1
SCHULDKNECHT;EIN ANDERES FRÄULEIN;1
SCHULDKNECHT;EIN FRÄULEIN;1
SCHULDKNECHT;KOCH;1
SCHULDKNECHT;MAMMON;1
EIN GAST;EIN DRITTES FRÄULEIN;1
EIN GAST;EIN ANDERER GAST;1
EIN GAST;VORSÄNGER;1
EIN GAST;TEUFEL;1
EIN GAST;DER DICKE VETTER;1
EIN GAST;KNECHT;1
EIN GAST;SCHULDKNECHTS WEIB;1
EIN GAST;SPIELANSAGER;1
EIN GAST;TOD;1
EIN GAST;EIN ANDERES FRÄULEIN;1
EIN GAST;EIN FRÄULEIN;1
EIN GAST;KOCH;1
EIN GAST;MAMMON;1
EIN DRITTES FRÄULEIN;EIN ANDERER GAST;1
EIN DRITTES FRÄULEIN;VORSÄNGER;1
EIN DRITTES FRÄULEIN;TEUFEL;1
EIN DRITTES FRÄULEIN;DER DICKE VETTER;1
EIN DRITTES FRÄULEIN;KNECHT;1
EIN DRITTES FRÄULEIN;SCHULDKNECHTS WEIB;1
EIN DRITTES FRÄULEIN;SPIELANSAGER;1
EIN DRITTES FRÄULEIN;TOD;1
EIN DRITTES FRÄULEIN;EIN ANDERES FRÄULEIN;1
EIN DRITTES FRÄULEIN;EIN FRÄULEIN;1
EIN DRITTES FRÄULEIN;KOCH;1
EIN DRITTES FRÄULEIN;MAMMON;1
EIN ANDERER GAST;TOD;1
EIN ANDERER GAST;VORSÄNGER;1
EIN ANDERER GAST;TEUFEL;1
EIN ANDERER GAST;DER DICKE VETTER;1
EIN ANDERER GAST;KNECHT;1
EIN ANDERER GAST;SCHULDKNECHTS WEIB;1
EIN ANDERER GAST;SPIELANSAGER;1
EIN ANDERER GAST;EIN ANDERES FRÄULEIN;1
EIN ANDERER GAST;EIN FRÄULEIN;1
EIN ANDERER GAST;KOCH;1
EIN ANDERER GAST;MAMMON;1
VORSÄNGER;TEUFEL;1
VORSÄNGER;DER DICKE VETTER;1
VORSÄNGER;KNECHT;1
VORSÄNGER;SCHULDKNECHTS WEIB;1
VORSÄNGER;SPIELANSAGER;1
VORSÄNGER;TOD;1
VORSÄNGER;EIN ANDERES FRÄULEIN;1
VORSÄNGER;EIN FRÄULEIN;1
VORSÄNGER;KOCH;1
VORSÄNGER;MAMMON;1
TEUFEL;DER DICKE VETTER;1
TEUFEL;KNECHT;1
TEUFEL;SCHULDKNECHTS WEIB;1
TEUFEL;SPIELANSAGER;1
TEUFEL;TOD;1
TEUFEL;EIN ANDERES FRÄULEIN;1
TEUFEL;EIN FRÄULEIN;1
TEUFEL;KOCH;1
TEUFEL;MAMMON;1
DER DICKE VETTER;KNECHT;1
DER DICKE VETTER;SCHULDKNECHTS WEIB;1
DER DICKE VETTER;SPIELANSAGER;1
DER DICKE VETTER;TOD;1
DER DICKE VETTER;EIN ANDERES FRÄULEIN;1
DER DICKE VETTER;EIN FRÄULEIN;1
DER DICKE VETTER;KOCH;1
DER DICKE VETTER;MAMMON;1
EIN ANDERES FRÄULEIN;KNECHT;1
EIN ANDERES FRÄULEIN;SCHULDKNECHTS WEIB;1
EIN ANDERES FRÄULEIN;SPIELANSAGER;1
EIN ANDERES FRÄULEIN;TOD;1
EIN ANDERES FRÄULEIN;EIN FRÄULEIN;1
EIN ANDERES FRÄULEIN;KOCH;1
EIN ANDERES FRÄULEIN;MAMMON;1
SCHULDKNECHTS WEIB;SPIELANSAGER;1
SCHULDKNECHTS WEIB;TOD;1
SCHULDKNECHTS WEIB;KNECHT;1
SCHULDKNECHTS WEIB;EIN FRÄULEIN;1
SCHULDKNECHTS WEIB;KOCH;1
SCHULDKNECHTS WEIB;MAMMON;1
SPIELANSAGER;KNECHT;1
SPIELANSAGER;TOD;1
SPIELANSAGER;EIN FRÄULEIN;1
SPIELANSAGER;KOCH;1
SPIELANSAGER;MAMMON;1
TOD;KNECHT;1
TOD;EIN FRÄULEIN;1
TOD;KOCH;1
TOD;MAMMON;1
KNECHT;EIN FRÄULEIN;1
KNECHT;KOCH;1
KNECHT;MAMMON;1
EIN FRÄULEIN;KOCH;1
EIN FRÄULEIN;MAMMON;1
KOCH;MAMMON;1
