DER KLEINE DOMINIQUE;HORFMANN;2
DER KLEINE DOMINIQUE;DOMINIQUE;4
DER KLEINE DOMINIQUE;NEURATH;1
DER KLEINE DOMINIQUE;SCHULZ;1
DER KLEINE DOMINIQUE;GRAF;2
DER KLEINE DOMINIQUE;DELOMER;4
DER KLEINE DOMINIQUE;DER ALTE DOMINIQUE;5
DER KLEINE DOMINIQUE;DIE BAUERN;1
DER KLEINE DOMINIQUE;ETLICHE;1
DER KLEINE DOMINIQUE;MADAM DOMINIQUE;3
DER KLEINE DOMINIQUE;GRÄFIN;2
DOMINIQUE;NEURATH;1
DOMINIQUE;DELOMER;17
DOMINIQUE;BEDIENTER;1
DOMINIQUE;DIE BAUERN;1
DOMINIQUE;ETLICHE;1
DOMINIQUE;MADAM DOMINIQUE;14
DOMINIQUE;GRÄFIN;3
DOMINIQUE;HORFMANN;3
DOMINIQUE;MARQUIS;6
DOMINIQUE;GRAF;5
DOMINIQUE;DER ALTE DOMINIQUE;15
DOMINIQUE;GÄRTNER;1
DOMINIQUE;SCHULZ;2
NEURATH;HORFMANN;4
NEURATH;SCHULZ;3
NEURATH;GRAF;1
NEURATH;DELOMER;3
NEURATH;BEDIENTER;3
NEURATH;DIE BAUERN;1
NEURATH;MADAM DOMINIQUE;1
NEURATH;GRÄFIN;1
DIE BAUERN;HORFMANN;1
DIE BAUERN;GRAF;1
DIE BAUERN;SCHULZ;1
DIE BAUERN;DELOMER;1
DIE BAUERN;MADAM DOMINIQUE;1
DIE BAUERN;GRÄFIN;1
BEDIENTER;HORFMANN;2
BEDIENTER;DELOMER;3
BEDIENTER;SCHULZ;1
DELOMER;ETLICHE;1
DELOMER;MADAM DOMINIQUE;11
DELOMER;DER ALTE DOMINIQUE;17
DELOMER;HORFMANN;7
DELOMER;MARQUIS;3
DELOMER;GRAF;4
DELOMER;GRÄFIN;3
DELOMER;SCHULZ;2
ETLICHE;GRAF;1
ETLICHE;GRÄFIN;1
ETLICHE;MADAM DOMINIQUE;1
ETLICHE;DER ALTE DOMINIQUE;1
MADAM DOMINIQUE;GRÄFIN;3
MADAM DOMINIQUE;HORFMANN;2
MADAM DOMINIQUE;MARQUIS;1
MADAM DOMINIQUE;GRAF;3
MADAM DOMINIQUE;DER ALTE DOMINIQUE;8
MADAM DOMINIQUE;SCHULZ;1
GRÄFIN;HORFMANN;1
GRÄFIN;GRAF;5
GRÄFIN;SCHULZ;1
GRÄFIN;DER ALTE DOMINIQUE;3
HORFMANN;DER ALTE DOMINIQUE;2
HORFMANN;MARQUIS;1
HORFMANN;GRAF;2
HORFMANN;SCHULZ;1
MARQUIS;GÄRTNER;1
MARQUIS;DER ALTE DOMINIQUE;3
GRAF;SCHULZ;1
GRAF;DER ALTE DOMINIQUE;4
