EIN HEUNE;GUNTHER;1
EIN HEUNE;KRIEMHILD;1
EIN HEUNE;HAGEN;1
EIN HEUNE;HILDEBRANT;1
EIN HEUNE;DIETRICH;1
EIN HEUNE;ETZEL;1
GERENOT;VOLKER;1
GERENOT;RÜDEGER;2
GERENOT;GISELHER;5
GERENOT;HILDEBRANT;1
GERENOT;DANKWART;1
GERENOT;DIETRICH;2
GERENOT;UTE;2
GERENOT;HAGEN;5
GERENOT;KRIEMHILD;2
GERENOT;GÖTELINDE;1
GERENOT;GUNTHER;5
GERENOT;GUDRUN;1
VOLKER;RUMOLT;2
VOLKER;GISELHER;3
VOLKER;GUDRUN;1
VOLKER;DANKWART;3
VOLKER;DIETRICH;4
VOLKER;ETZEL;3
VOLKER;HAGEN;15
VOLKER;RÜDEGER;5
VOLKER;KRIEMHILD;4
VOLKER;GÖTELINDE;2
VOLKER;WERBEL;4
VOLKER;GUNTHER;5
VOLKER;KAPLAN;1
RUMOLT;HAGEN;2
RUMOLT;GUNTHER;1
RUMOLT;DANKWART;4
RUMOLT;WERBEL;3
RUMOLT;KAPLAN;1
UTE;RÜDEGER;1
UTE;KRIEMHILD;3
UTE;GISELHER;1
UTE;GUNTHER;2
UTE;HAGEN;1
WERBEL;RÜDEGER;1
WERBEL;KAPLAN;1
WERBEL;KRIEMHILD;6
WERBEL;HAGEN;5
WERBEL;GUNTHER;1
WERBEL;DANKWART;3
WERBEL;DIETRICH;1
WERBEL;ETZEL;2
PILGRIM;HAGEN;1
GISELHER;RÜDEGER;4
GISELHER;HAGEN;9
GISELHER;HILDEBRANT;2
GISELHER;DANKWART;1
GISELHER;DIETRICH;5
GISELHER;KRIEMHILD;5
GISELHER;GÖTELINDE;1
GISELHER;GUNTHER;4
GISELHER;ETZEL;1
GISELHER;GUDRUN;1
HILDEBRANT;IRING;1
HILDEBRANT;GUDRUN;1
HILDEBRANT;DANKWART;1
HILDEBRANT;THÜRING;1
HILDEBRANT;DIETRICH;9
HILDEBRANT;HAGEN;7
HILDEBRANT;RÜDEGER;2
HILDEBRANT;KRIEMHILD;5
HILDEBRANT;GÖTELINDE;1
HILDEBRANT;GUNTHER;2
HILDEBRANT;ETZEL;3
DANKWART;DIETRICH;2
DANKWART;ETZEL;1
DANKWART;HAGEN;4
DANKWART;KRIEMHILD;1
DANKWART;GUNTHER;3
DANKWART;KAPLAN;1
THÜRING;RÜDEGER;1
THÜRING;IRING;1
THÜRING;GÖTELINDE;1
THÜRING;GUDRUN;1
THÜRING;DIETRICH;1
DIETRICH;IRING;1
DIETRICH;ETZEL;9
DIETRICH;HAGEN;16
DIETRICH;RÜDEGER;6
DIETRICH;KRIEMHILD;11
DIETRICH;GÖTELINDE;2
DIETRICH;GUNTHER;5
DIETRICH;GUDRUN;2
HAGEN;GUDRUN;1
HAGEN;ETZEL;8
HAGEN;RÜDEGER;9
HAGEN;KRIEMHILD;14
HAGEN;GÖTELINDE;2
HAGEN;GUNTHER;10
HAGEN;KAPLAN;1
IRING;RÜDEGER;1
IRING;GÖTELINDE;1
IRING;GUDRUN;1
RÜDEGER;KRIEMHILD;7
RÜDEGER;GÖTELINDE;3
RÜDEGER;GUNTHER;4
RÜDEGER;ETZEL;4
RÜDEGER;GUDRUN;2
KRIEMHILD;GUNTHER;6
KRIEMHILD;ETZEL;14
GÖTELINDE;GUNTHER;1
GÖTELINDE;GUDRUN;3
GUNTHER;ETZEL;3
GUNTHER;GUDRUN;1
GUNTHER;KAPLAN;1
