DIE BERGLEUTE;ANNA;1
DIE BERGLEUTE;ZWEITE MAGD;1
DIE BERGLEUTE;GROSSMUTTER;1
DIE BERGLEUTE;ELIS;1
DIE BERGLEUTE;DAHLSJÖ;1
DIE BERGLEUTE;KNECHT;1
DIE BERGLEUTE;DIE GÄSTE;1
DIE BERGLEUTE;ERSTE MAGD;1
ZWEITES MÄDCHEN;ELIS;1
ZWEITES MÄDCHEN;DAS EINE MÄDCHEN;1
ZWEITES MÄDCHEN;DES FISCHERS FRAU;1
ZWEITES MÄDCHEN;FRAU JENSEN;1
ZWEITES MÄDCHEN;ILSEBILL;1
ZWEITES MÄDCHEN;KÖNIGIN;1
ZWEITES MÄDCHEN;DER ALTE FISCHER;1
ZWEITES MÄDCHEN;TORBERN;1
ZWEITES MÄDCHEN;PETER;1
ZWEITES MÄDCHEN;KATHRINE;1
ZWEITES MÄDCHEN;DES FISCHERS SOHN;1
ZWEITES MÄDCHEN;DER FISCHER;1
ZWEITES MÄDCHEN;REGINE;1
ZWEITES MÄDCHEN;PORTUGIESER;1
ZWEITES MÄDCHEN;KLAUS;1
ZWEITE MAGD;ANNA;1
ZWEITE MAGD;ELIS;1
ZWEITE MAGD;GROSSMUTTER;1
ZWEITE MAGD;DAHLSJÖ;1
ZWEITE MAGD;KNECHT;1
ZWEITE MAGD;DIE GÄSTE;1
ZWEITE MAGD;ERSTE MAGD;1
DES FISCHERS FRAU;ELIS;1
DES FISCHERS FRAU;DAS EINE MÄDCHEN;1
DES FISCHERS FRAU;FRAU JENSEN;1
DES FISCHERS FRAU;ILSEBILL;1
DES FISCHERS FRAU;KÖNIGIN;1
DES FISCHERS FRAU;DER ALTE FISCHER;1
DES FISCHERS FRAU;TORBERN;1
DES FISCHERS FRAU;PETER;1
DES FISCHERS FRAU;KATHRINE;1
DES FISCHERS FRAU;DES FISCHERS SOHN;1
DES FISCHERS FRAU;DER FISCHER;1
DES FISCHERS FRAU;REGINE;1
DES FISCHERS FRAU;PORTUGIESER;1
DES FISCHERS FRAU;KLAUS;1
DIE GÄSTE;ANNA;1
DIE GÄSTE;GROSSMUTTER;1
DIE GÄSTE;ELIS;1
DIE GÄSTE;DAHLSJÖ;1
DIE GÄSTE;KNECHT;1
DIE GÄSTE;ERSTE MAGD;1
PETER;ELIS;1
PETER;DAS EINE MÄDCHEN;1
PETER;FRAU JENSEN;1
PETER;ILSEBILL;1
PETER;KÖNIGIN;1
PETER;DER ALTE FISCHER;1
PETER;TORBERN;1
PETER;KATHRINE;1
PETER;DES FISCHERS SOHN;1
PETER;DER FISCHER;1
PETER;REGINE;1
PETER;PORTUGIESER;1
PETER;KLAUS;1
ERSTE MAGD;ANNA;1
ERSTE MAGD;GROSSMUTTER;1
ERSTE MAGD;ELIS;1
ERSTE MAGD;DAHLSJÖ;1
ERSTE MAGD;KNECHT;1
ILSEBILL;ELIS;1
ILSEBILL;DAS EINE MÄDCHEN;1
ILSEBILL;FRAU JENSEN;1
ILSEBILL;KÖNIGIN;1
ILSEBILL;DER ALTE FISCHER;1
ILSEBILL;TORBERN;1
ILSEBILL;KATHRINE;1
ILSEBILL;DES FISCHERS SOHN;1
ILSEBILL;DER FISCHER;1
ILSEBILL;REGINE;1
ILSEBILL;PORTUGIESER;1
ILSEBILL;KLAUS;1
KATHRINE;ELIS;1
KATHRINE;DAS EINE MÄDCHEN;1
KATHRINE;FRAU JENSEN;1
KATHRINE;KÖNIGIN;1
KATHRINE;DER ALTE FISCHER;1
KATHRINE;TORBERN;1
KATHRINE;DES FISCHERS SOHN;1
KATHRINE;REGINE;1
KATHRINE;DER FISCHER;1
KATHRINE;PORTUGIESER;1
KATHRINE;KLAUS;1
DES FISCHERS SOHN;ELIS;1
DES FISCHERS SOHN;DAS EINE MÄDCHEN;1
DES FISCHERS SOHN;FRAU JENSEN;1
DES FISCHERS SOHN;KÖNIGIN;1
DES FISCHERS SOHN;DER ALTE FISCHER;1
DES FISCHERS SOHN;TORBERN;1
DES FISCHERS SOHN;DER FISCHER;1
DES FISCHERS SOHN;REGINE;1
DES FISCHERS SOHN;PORTUGIESER;1
DES FISCHERS SOHN;KLAUS;1
DER ALTE FISCHER;ELIS;1
DER ALTE FISCHER;DAS EINE MÄDCHEN;1
DER ALTE FISCHER;FRAU JENSEN;1
DER ALTE FISCHER;KÖNIGIN;1
DER ALTE FISCHER;TORBERN;1
DER ALTE FISCHER;REGINE;1
DER ALTE FISCHER;DER FISCHER;1
DER ALTE FISCHER;PORTUGIESER;1
DER ALTE FISCHER;KLAUS;1
PORTUGIESER;ELIS;1
PORTUGIESER;DAS EINE MÄDCHEN;1
PORTUGIESER;FRAU JENSEN;1
PORTUGIESER;KÖNIGIN;1
PORTUGIESER;TORBERN;1
PORTUGIESER;REGINE;1
PORTUGIESER;DER FISCHER;1
PORTUGIESER;KLAUS;1
KLAUS;ELIS;1
KLAUS;DAS EINE MÄDCHEN;1
KLAUS;KÖNIGIN;1
KLAUS;TORBERN;1
KLAUS;FRAU JENSEN;1
KLAUS;REGINE;1
KLAUS;DER FISCHER;1
ELIS;FRAU JENSEN;1
ELIS;DER FISCHER;1
ELIS;GROSSMUTTER;4
ELIS;DAS EINE MÄDCHEN;1
ELIS;KNECHT;1
ELIS;HANDWERKSBURSCH;1
ELIS;KÖNIGIN;1
ELIS;ANNA;4
ELIS;DAHLSJÖ;4
ELIS;TORBERN;2
ELIS;KIND;1
ELIS;REGINE;1
ELIS;CHRISTIAN;1
GROSSMUTTER;KNECHT;1
GROSSMUTTER;HANDWERKSBURSCH;1
GROSSMUTTER;ANNA;4
GROSSMUTTER;DAHLSJÖ;4
GROSSMUTTER;TORBERN;1
GROSSMUTTER;KIND;1
GROSSMUTTER;CHRISTIAN;1
DAS EINE MÄDCHEN;FRAU JENSEN;1
DAS EINE MÄDCHEN;KÖNIGIN;1
DAS EINE MÄDCHEN;TORBERN;1
DAS EINE MÄDCHEN;REGINE;1
DAS EINE MÄDCHEN;DER FISCHER;1
KNECHT;ANNA;1
KNECHT;DAHLSJÖ;1
HANDWERKSBURSCH;DAHLSJÖ;1
HANDWERKSBURSCH;ANNA;1
KÖNIGIN;FRAU JENSEN;1
KÖNIGIN;TORBERN;1
KÖNIGIN;DER FISCHER;1
KÖNIGIN;REGINE;1
ANNA;DAHLSJÖ;4
ANNA;TORBERN;1
ANNA;KIND;1
ANNA;CHRISTIAN;1
DAHLSJÖ;TORBERN;1
DAHLSJÖ;KIND;1
DAHLSJÖ;CHRISTIAN;1
TORBERN;FRAU JENSEN;1
TORBERN;REGINE;1
TORBERN;DER FISCHER;1
FRAU JENSEN;DER FISCHER;1
FRAU JENSEN;REGINE;1
KIND;CHRISTIAN;1
DER FISCHER;REGINE;1
