FASANELLA;GHISMONDE;1
FASANELLA;CHOR DER FISCHER;1
FASANELLA;DIE VERBANNTEN;1
FASANELLA;ANNIBALDI;1
KARDINAL;HELENE;1
KARDINAL;CHOR DER RITTER;2
KARDINAL;CHOR DER FRAUEN;3
KARDINAL;ECKART;1
KARDINAL;GHISMONDE;2
KARDINAL;MANFRED;2
KARDINAL;CHOR DER FRANZÖSISCHEN RITTER;1
KARDINAL;DIE VERBANNTEN;2
KARDINAL;CHOR DER NONNEN;1
CHOR DER FISCHER;GHISMONDE;1
CHOR DER FISCHER;DIE VERBANNTEN;1
CHOR DER BACCHANTINNEN;GHISMONDE;1
CHOR DER BACCHANTINNEN;MANFRED;1
CHOR DER BACCHANTINNEN;CHOR DER PRIESTER UND CHORKNABEN;1
PAGE;HELENE;3
PAGE;MANFRED;1
PAGE;ECKART;2
PAGE;GHISMONDE;1
CHOR DER SCHIFFER;CHOR DER LANDLEUTE;1
EINE NONNE;CHOR DER NONNEN;1
EINE NONNE;GHISMONDE;1
CHOR DER RITTER;CHOR DER NONNEN;1
CHOR DER RITTER;CHOR DER FRAUEN;3
CHOR DER RITTER;ECKART;2
CHOR DER RITTER;GHISMONDE;3
CHOR DER RITTER;MANFRED;3
CHOR DER NONNEN;CHOR DER FRAUEN;1
CHOR DER NONNEN;ECKART;1
CHOR DER NONNEN;GHISMONDE;2
CHOR DER NONNEN;MANFRED;1
CHOR DER SARAZENEN;MANFRED;2
CHOR DER SARAZENEN;ECKART;2
HELENE;DIE VERBANNTEN;1
HELENE;CHOR DER FRAUEN;1
HELENE;ECKART;2
HELENE;GHISMONDE;1
HELENE;MANFRED;2
HELENE;CHOR DER FRANZÖSISCHEN RITTER;1
DIE VERBANNTEN;CHOR DER FRANZÖSISCHEN RITTER;1
DIE VERBANNTEN;CHOR DER FRAUEN;1
DIE VERBANNTEN;FULCO;1
DIE VERBANNTEN;GHISMONDE;2
DIE VERBANNTEN;MANFRED;2
DIE VERBANNTEN;ECKART;1
DIE VERBANNTEN;BORELLO;2
FULCO;MANFRED;1
FULCO;BORELLO;1
CHOR DER MÄDCHEN;GHISMONDE;1
CHOR DER MÄDCHEN;CHOR DER FRAUEN;1
ECKART;CHOR DER FRAUEN;2
ECKART;GHISMONDE;4
ECKART;MANFRED;8
ECKART;BORELLO;1
GHISMONDE;CHOR DER FRAUEN;4
GHISMONDE;BORELLO;1
GHISMONDE;MANFRED;8
GHISMONDE;CHOR DER PRIESTER UND CHORKNABEN;1
MANFRED;CHOR DER FRAUEN;3
MANFRED;BORELLO;2
MANFRED;CHOR DER PRIESTER UND CHORKNABEN;1
CHOR DER FRANZÖSISCHEN RITTER;CHOR DER FRAUEN;1
