JUSTIZSOLDAT;DER STAATSANWALT;1
JUSTIZSOLDAT;ZEUGE LEOPOLD KRITZENBERGER;1
JUSTIZSOLDAT;ZEUGIN MARIE DWORSCHAK;1
JUSTIZSOLDAT;UNTERSUCHUNGSRICHTER;1
JUSTIZSOLDAT;ANTON GSCHMEIDLER;1
JUSTIZSOLDAT;KANZLIST;1
JUSTIZSOLDAT;DOKTOR ZWIRN;1
ZEUGE LEOPOLD KRITZENBERGER;ZEUGIN MARIE DWORSCHAK;1
ZEUGE LEOPOLD KRITZENBERGER;DOKTOR ZWIRN;1
ZEUGE LEOPOLD KRITZENBERGER;UNTERSUCHUNGSRICHTER;1
ZEUGE LEOPOLD KRITZENBERGER;ANTON GSCHMEIDLER;1
ZEUGE LEOPOLD KRITZENBERGER;KANZLIST;1
ZEUGE LEOPOLD KRITZENBERGER;DER STAATSANWALT;1
ZEUGIN MARIE DWORSCHAK;DOKTOR ZWIRN;1
ZEUGIN MARIE DWORSCHAK;UNTERSUCHUNGSRICHTER;1
ZEUGIN MARIE DWORSCHAK;ANTON GSCHMEIDLER;1
ZEUGIN MARIE DWORSCHAK;KANZLIST;1
ZEUGIN MARIE DWORSCHAK;DER STAATSANWALT;1
UNTERSUCHUNGSRICHTER;ANTON GSCHMEIDLER;1
UNTERSUCHUNGSRICHTER;KANZLIST;1
UNTERSUCHUNGSRICHTER;DER STAATSANWALT;1
UNTERSUCHUNGSRICHTER;DOKTOR ZWIRN;1
ANTON GSCHMEIDLER;KANZLIST;1
ANTON GSCHMEIDLER;DER STAATSANWALT;1
ANTON GSCHMEIDLER;DOKTOR ZWIRN;1
KANZLIST;DER STAATSANWALT;1
KANZLIST;DOKTOR ZWIRN;1
DER STAATSANWALT;DOKTOR ZWIRN;1
