RICARDO;CLARA;1
RICARDO;ALARCOS;2
RICARDO;DER KÖNIG;2
RICARDO;DAGOBERT;1
RICARDO;SOLISA;1
RICARDO;OCTAVIO;3
RICARDO;CORNELIA;1
RICARDO;ALVARO;2
CLARA;ALARCOS;1
CLARA;EINE WÄRTERIN;1
CLARA;DAGOBERT;2
CLARA;OCTAVIO;1
CLARA;CORNELIA;2
CLARA;ALVARO;1
DER KÖNIG;SOLISA;1
DER KÖNIG;OCTAVIO;2
DER KÖNIG;ALVARO;1
DER KÖNIG;ALARCOS;1
EINE WÄRTERIN;CORNELIA;1
EINE WÄRTERIN;DAGOBERT;1
DAGOBERT;ALARCOS;1
DAGOBERT;OCTAVIO;1
DAGOBERT;CORNELIA;2
DAGOBERT;ALVARO;1
SOLISA;OCTAVIO;1
SOLISA;LAURA;1
SOLISA;ALVARO;2
OCTAVIO;ALARCOS;2
OCTAVIO;CORNELIA;1
OCTAVIO;ALVARO;2
CORNELIA;ALARCOS;1
CORNELIA;ALVARO;1
LAURA;ALVARO;1
ALARCOS;ALVARO;2
