FRANZ;SEPP;1
FRANZ;SÜLZHEIMER;1
FRANZ;DR Bernbach;1
FRANZ;RESI;1
FRANZ;ERSTER PORTIER;1
FRANZ;GIESECKE;3
FRANZ;BÄUERIN;1
FRANZ;REISENDER;1
FRANZ;MIRZL;2
FRANZ;JOSEPHA;2
FRANZ;OTTILIE;2
FRANZ;DRITTER PORTIER;1
FRANZ;LOIDL;2
FRANZ;PICCOLO;3
FRANZ;RÄTIN SCHMIDT;1
FRANZ;HOCHTOURIST;1
FRANZ;VIERTER PORTIER;1
FRANZ;LEOPOLD;4
FRANZ;MELANIE SCHMIDT;1
FRANZ;EINE DAME;1
FRANZ;SIEDLER;1
FRANZ;EMMY;1
FRANZ;KAPITÄN;1
FRANZ;CHARLOTTE;2
FRANZ;ZWEITER PORTIER;1
FRANZ;BOOTSMANN;1
FRANZ;BAUERNJUNGE;1
BAUERNJUNGE;DR Bernbach;1
BAUERNJUNGE;ERSTER PORTIER;1
BAUERNJUNGE;GIESECKE;1
BAUERNJUNGE;BÄUERIN;1
BAUERNJUNGE;REISENDER;1
BAUERNJUNGE;MIRZL;1
BAUERNJUNGE;JOSEPHA;1
BAUERNJUNGE;OTTILIE;1
BAUERNJUNGE;DRITTER PORTIER;1
BAUERNJUNGE;LOIDL;1
BAUERNJUNGE;LEOPOLD;1
BAUERNJUNGE;PICCOLO;1
BAUERNJUNGE;RÄTIN SCHMIDT;1
BAUERNJUNGE;HOCHTOURIST;1
BAUERNJUNGE;VIERTER PORTIER;1
BAUERNJUNGE;KAPITÄN;1
BAUERNJUNGE;MELANIE SCHMIDT;1
BAUERNJUNGE;EINE DAME;1
BAUERNJUNGE;EMMY;1
BAUERNJUNGE;CHARLOTTE;1
BAUERNJUNGE;SEPP;1
BAUERNJUNGE;BOOTSMANN;1
BAUERNJUNGE;ZWEITER PORTIER;1
MELANIE SCHMIDT;SEPP;1
MELANIE SCHMIDT;DR Bernbach;1
MELANIE SCHMIDT;ERSTER PORTIER;1
MELANIE SCHMIDT;GIESECKE;1
MELANIE SCHMIDT;BÄUERIN;1
MELANIE SCHMIDT;REISENDER;1
MELANIE SCHMIDT;MIRZL;1
MELANIE SCHMIDT;JOSEPHA;1
MELANIE SCHMIDT;OTTILIE;1
MELANIE SCHMIDT;DRITTER PORTIER;1
MELANIE SCHMIDT;LOIDL;1
MELANIE SCHMIDT;LEOPOLD;1
MELANIE SCHMIDT;PICCOLO;1
MELANIE SCHMIDT;RÄTIN SCHMIDT;1
MELANIE SCHMIDT;HOCHTOURIST;1
MELANIE SCHMIDT;VIERTER PORTIER;1
MELANIE SCHMIDT;KAPITÄN;1
MELANIE SCHMIDT;EINE DAME;1
MELANIE SCHMIDT;EMMY;1
MELANIE SCHMIDT;CHARLOTTE;1
MELANIE SCHMIDT;ZWEITER PORTIER;1
MELANIE SCHMIDT;BOOTSMANN;1
HINZELMANN;SIEDLER;1
HINZELMANN;GIESECKE;3
HINZELMANN;KLÄRCHEN;3
HINZELMANN;SÜLZHEIMER;3
HINZELMANN;LEOPOLD;2
HINZELMANN;JOSEPHA;1
SÜLZHEIMER;SIEDLER;5
SÜLZHEIMER;GIESECKE;4
SÜLZHEIMER;KLÄRCHEN;3
SÜLZHEIMER;JOSEPHA;3
SÜLZHEIMER;LEOPOLD;3
SÜLZHEIMER;OTTILIE;3
KATHI;SIEDLER;1
KATHI;GIESECKE;1
RESI;GIESECKE;1
RESI;PICCOLO;2
RESI;LEOPOLD;2
RESI;LOIDL;1
RESI;KRACHER;1
ERSTER PORTIER;SEPP;1
ERSTER PORTIER;DR Bernbach;1
ERSTER PORTIER;BÄUERIN;1
ERSTER PORTIER;GIESECKE;1
ERSTER PORTIER;MIRZL;1
ERSTER PORTIER;JOSEPHA;1
ERSTER PORTIER;DRITTER PORTIER;1
ERSTER PORTIER;LOIDL;1
ERSTER PORTIER;EINE DAME;1
ERSTER PORTIER;LEOPOLD;1
ERSTER PORTIER;PICCOLO;1
ERSTER PORTIER;RÄTIN SCHMIDT;1
ERSTER PORTIER;HOCHTOURIST;1
ERSTER PORTIER;VIERTER PORTIER;1
ERSTER PORTIER;KAPITÄN;1
ERSTER PORTIER;OTTILIE;1
ERSTER PORTIER;EMMY;1
ERSTER PORTIER;CHARLOTTE;1
ERSTER PORTIER;REISENDER;1
ERSTER PORTIER;ZWEITER PORTIER;1
ERSTER PORTIER;BOOTSMANN;1
BÄUERIN;SEPP;1
BÄUERIN;DR Bernbach;1
BÄUERIN;GIESECKE;1
BÄUERIN;REISENDER;1
BÄUERIN;MIRZL;1
BÄUERIN;JOSEPHA;1
BÄUERIN;OTTILIE;1
BÄUERIN;DRITTER PORTIER;1
BÄUERIN;LOIDL;1
BÄUERIN;LEOPOLD;1
BÄUERIN;PICCOLO;1
BÄUERIN;RÄTIN SCHMIDT;1
BÄUERIN;HOCHTOURIST;1
BÄUERIN;VIERTER PORTIER;1
BÄUERIN;KAPITÄN;1
BÄUERIN;EINE DAME;1
BÄUERIN;EMMY;1
BÄUERIN;CHARLOTTE;1
BÄUERIN;ZWEITER PORTIER;1
BÄUERIN;BOOTSMANN;1
GIESECKE;HOCHTOURIST;1
GIESECKE;CHARLOTTE;6
GIESECKE;KLÄRCHEN;1
GIESECKE;JOSEPHA;8
GIESECKE;Joseph;1
GIESECKE;LEOPOLD;7
GIESECKE;LOIDL;4
GIESECKE;EMMY;1
GIESECKE;PICCOLO;4
GIESECKE;Martin;1
GIESECKE;RÄTIN SCHMIDT;1
GIESECKE;VIERTER PORTIER;1
GIESECKE;DRITTER PORTIER;1
GIESECKE;EINE DAME;1
GIESECKE;MIRZL;2
GIESECKE;SIEDLER;10
GIESECKE;OTTILIE;10
GIESECKE;KAPITÄN;1
GIESECKE;REISENDER;1
GIESECKE;SEPP;1
GIESECKE;DR Bernbach;1
GIESECKE;BOOTSMANN;1
GIESECKE;ZWEITER PORTIER;1
MIRZL;SEPP;1
MIRZL;DR Bernbach;1
MIRZL;MALI;1
MIRZL;JOSEPHA;2
MIRZL;OTTILIE;2
MIRZL;DRITTER PORTIER;1
MIRZL;LOIDL;2
MIRZL;CHARLOTTE;2
MIRZL;LEOPOLD;4
MIRZL;PICCOLO;3
MIRZL;RÄTIN SCHMIDT;1
MIRZL;HOCHTOURIST;1
MIRZL;VIERTER PORTIER;1
MIRZL;KAPITÄN;1
MIRZL;EINE DAME;1
MIRZL;EMMY;1
MIRZL;REISENDER;1
MIRZL;BOOTSMANN;1
MIRZL;ZWEITER PORTIER;1
JOSEPHA;SEPP;2
JOSEPHA;DR Bernbach;2
JOSEPHA;MALI;1
JOSEPHA;REISENDER;1
JOSEPHA;Joseph;1
JOSEPHA;DRITTER PORTIER;1
JOSEPHA;LOIDL;2
JOSEPHA;CHARLOTTE;4
JOSEPHA;PICCOLO;2
JOSEPHA;HOCHTOURIST;2
JOSEPHA;RÄTIN SCHMIDT;1
JOSEPHA;VIERTER PORTIER;1
JOSEPHA;LEOPOLD;9
JOSEPHA;Martin;1
JOSEPHA;EINE DAME;1
JOSEPHA;SIEDLER;8
JOSEPHA;OTTILIE;7
JOSEPHA;KAPITÄN;1
JOSEPHA;EMMY;2
JOSEPHA;BOOTSMANN;1
JOSEPHA;ZWEITER PORTIER;1
KRACHER;LEOPOLD;1
KRACHER;PICCOLO;1
KRACHER;LOIDL;1
MALI;PICCOLO;1
MALI;LEOPOLD;1
DRITTER PORTIER;SEPP;1
DRITTER PORTIER;DR Bernbach;1
DRITTER PORTIER;REISENDER;1
DRITTER PORTIER;LEOPOLD;1
DRITTER PORTIER;LOIDL;1
DRITTER PORTIER;EINE DAME;1
DRITTER PORTIER;PICCOLO;1
DRITTER PORTIER;RÄTIN SCHMIDT;1
DRITTER PORTIER;HOCHTOURIST;1
DRITTER PORTIER;VIERTER PORTIER;1
DRITTER PORTIER;KAPITÄN;1
DRITTER PORTIER;OTTILIE;1
DRITTER PORTIER;EMMY;1
DRITTER PORTIER;CHARLOTTE;1
DRITTER PORTIER;BOOTSMANN;1
DRITTER PORTIER;ZWEITER PORTIER;1
EINE DAME;SEPP;1
EINE DAME;DR Bernbach;1
EINE DAME;REISENDER;1
EINE DAME;LOIDL;1
EINE DAME;LEOPOLD;1
EINE DAME;PICCOLO;1
EINE DAME;RÄTIN SCHMIDT;1
EINE DAME;HOCHTOURIST;1
EINE DAME;VIERTER PORTIER;1
EINE DAME;KAPITÄN;1
EINE DAME;OTTILIE;1
EINE DAME;EMMY;1
EINE DAME;CHARLOTTE;1
EINE DAME;ZWEITER PORTIER;1
EINE DAME;BOOTSMANN;1
EMMY;DR Bernbach;2
EMMY;REISENDER;1
EMMY;OTTILIE;1
EMMY;LOIDL;1
EMMY;LEOPOLD;1
EMMY;PICCOLO;1
EMMY;RÄTIN SCHMIDT;1
EMMY;HOCHTOURIST;1
EMMY;VIERTER PORTIER;1
EMMY;KAPITÄN;1
EMMY;CHARLOTTE;1
EMMY;SEPP;1
EMMY;BOOTSMANN;1
EMMY;ZWEITER PORTIER;1
Joseph;SIEDLER;1
Joseph;CHARLOTTE;1
Joseph;Martin;1
Joseph;LEOPOLD;1
PICCOLO;SEPP;1
PICCOLO;DR Bernbach;1
PICCOLO;REISENDER;1
PICCOLO;LOIDL;4
PICCOLO;CHARLOTTE;2
PICCOLO;RÄTIN SCHMIDT;1
PICCOLO;HOCHTOURIST;1
PICCOLO;VIERTER PORTIER;1
PICCOLO;LEOPOLD;5
PICCOLO;SIEDLER;1
PICCOLO;OTTILIE;2
PICCOLO;KAPITÄN;1
PICCOLO;BOOTSMANN;1
PICCOLO;ZWEITER PORTIER;1
HOCHTOURIST;SEPP;2
HOCHTOURIST;DR Bernbach;1
HOCHTOURIST;REISENDER;1
HOCHTOURIST;LOIDL;1
HOCHTOURIST;LEOPOLD;1
HOCHTOURIST;RÄTIN SCHMIDT;1
HOCHTOURIST;VIERTER PORTIER;1
HOCHTOURIST;KAPITÄN;1
HOCHTOURIST;OTTILIE;1
HOCHTOURIST;CHARLOTTE;1
HOCHTOURIST;BOOTSMANN;1
HOCHTOURIST;ZWEITER PORTIER;1
RÄTIN SCHMIDT;SEPP;1
RÄTIN SCHMIDT;DR Bernbach;1
RÄTIN SCHMIDT;REISENDER;1
RÄTIN SCHMIDT;LOIDL;1
RÄTIN SCHMIDT;LEOPOLD;1
RÄTIN SCHMIDT;VIERTER PORTIER;1
RÄTIN SCHMIDT;KAPITÄN;1
RÄTIN SCHMIDT;OTTILIE;1
RÄTIN SCHMIDT;CHARLOTTE;1
RÄTIN SCHMIDT;BOOTSMANN;1
RÄTIN SCHMIDT;ZWEITER PORTIER;1
VIERTER PORTIER;SEPP;1
VIERTER PORTIER;DR Bernbach;1
VIERTER PORTIER;REISENDER;1
VIERTER PORTIER;LOIDL;1
VIERTER PORTIER;LEOPOLD;1
VIERTER PORTIER;KAPITÄN;1
VIERTER PORTIER;OTTILIE;1
VIERTER PORTIER;CHARLOTTE;1
VIERTER PORTIER;ZWEITER PORTIER;1
VIERTER PORTIER;BOOTSMANN;1
LEOPOLD;DR Bernbach;1
LEOPOLD;LOIDL;4
LEOPOLD;Martin;1
LEOPOLD;KAPITÄN;1
LEOPOLD;KLÄRCHEN;1
LEOPOLD;REISENDER;1
LEOPOLD;SIEDLER;4
LEOPOLD;OTTILIE;5
LEOPOLD;CHARLOTTE;3
LEOPOLD;ZWEITER PORTIER;1
LEOPOLD;BOOTSMANN;1
LEOPOLD;SEPP;1
KLÄRCHEN;SIEDLER;1
Martin;SIEDLER;1
Martin;CHARLOTTE;1
LOIDL;SEPP;1
LOIDL;DR Bernbach;1
LOIDL;REISENDER;1
LOIDL;OTTILIE;3
LOIDL;SIEDLER;1
LOIDL;KAPITÄN;1
LOIDL;CHARLOTTE;2
LOIDL;BOOTSMANN;1
LOIDL;ZWEITER PORTIER;1
REISENDER;SEPP;1
REISENDER;DR Bernbach;1
REISENDER;CHARLOTTE;1
REISENDER;OTTILIE;1
REISENDER;KAPITÄN;1
REISENDER;ZWEITER PORTIER;1
REISENDER;BOOTSMANN;1
SIEDLER;OTTILIE;8
SIEDLER;CHARLOTTE;2
OTTILIE;DR Bernbach;1
OTTILIE;KAPITÄN;1
OTTILIE;CHARLOTTE;5
OTTILIE;SEPP;1
OTTILIE;BOOTSMANN;1
OTTILIE;ZWEITER PORTIER;1
KAPITÄN;SEPP;1
KAPITÄN;DR Bernbach;1
KAPITÄN;CHARLOTTE;1
KAPITÄN;ZWEITER PORTIER;1
KAPITÄN;BOOTSMANN;1
CHARLOTTE;SEPP;1
CHARLOTTE;DR Bernbach;1
CHARLOTTE;ZWEITER PORTIER;1
CHARLOTTE;BOOTSMANN;1
ZWEITER PORTIER;DR Bernbach;1
ZWEITER PORTIER;SEPP;1
ZWEITER PORTIER;BOOTSMANN;1
DR Bernbach;SEPP;1
DR Bernbach;BOOTSMANN;1
BOOTSMANN;SEPP;1
