DER STEUERMANN;KURWENAL;1
DER STEUERMANN;ISOLDE;1
DER STEUERMANN;MELOT;1
DER STEUERMANN;BRANGÄNE;1
DER STEUERMANN;MARKE;1
DER STEUERMANN;HIRT;1
KURWENAL;ISOLDE;5
KURWENAL;MELOT;2
KURWENAL;BRANGÄNE;4
KURWENAL;MARKE;2
KURWENAL;HIRT;2
KURWENAL;TRISTAN;4
KURWENAL;SCHIFFSVOLK;1
KURWENAL;DER JUNGE SEEMANN;1
ISOLDE;SCHIFFSVOLK;2
ISOLDE;MELOT;2
ISOLDE;BRANGÄNE;8
ISOLDE;MARKE;2
ISOLDE;HIRT;1
ISOLDE;TRISTAN;5
ISOLDE;DER JUNGE SEEMANN;2
MELOT;BRANGÄNE;1
MELOT;MARKE;2
MELOT;HIRT;1
MELOT;TRISTAN;1
BRANGÄNE;MARKE;1
BRANGÄNE;HIRT;1
BRANGÄNE;TRISTAN;3
BRANGÄNE;SCHIFFSVOLK;2
BRANGÄNE;DER JUNGE SEEMANN;2
MARKE;HIRT;1
MARKE;TRISTAN;1
HIRT;TRISTAN;1
TRISTAN;SCHIFFSVOLK;1
TRISTAN;DER JUNGE SEEMANN;1
