KATHARINA;PETER;1
KATHARINA;EUDOXIA;1
KATHARINA;MONS;1
KATHARINA;GORDON;1
KATHARINA;EIN SPÄHER;1
KATHARINA;VOLK;1
JAGUSCHINSKY;THEOPHANES;1
JAGUSCHINSKY;PETER;1
JAGUSCHINSKY;OSTERMANN;1
JAGUSCHINSKY;GORDON;1
JAGUSCHINSKY;RUF;1
JAGUSCHINSKY;MENZIKOF;1
MENZIKOF;THEOPHANES;1
MENZIKOF;PETER;1
MENZIKOF;OSTERMANN;1
MENZIKOF;GORDON;1
MENZIKOF;RUF;1
VOLK;PETER;1
VOLK;EUDOXIA;1
VOLK;MONS;1
VOLK;GORDON;1
VOLK;EIN SPÄHER;1
THEOPHANES;PETER;1
THEOPHANES;OSTERMANN;1
THEOPHANES;GORDON;1
THEOPHANES;RUF;1
PETER;EIN SPÄHER;1
PETER;MONS;1
PETER;OSTERMANN;1
PETER;EUDOXIA;1
PETER;GORDON;2
PETER;RUF;1
OSTERMANN;GORDON;1
OSTERMANN;RUF;1
EUDOXIA;MONS;1
EUDOXIA;GORDON;1
EUDOXIA;EIN SPÄHER;1
MONS;GORDON;1
MONS;EIN SPÄHER;1
GORDON;EIN SPÄHER;1
GORDON;RUF;1
