RAHEL;DRITTER BITTSTELLER;1
RAHEL;ZWEITER BITTSTELLER;1
RAHEL;KNAPPE;1
RAHEL;KÖNIGIN;2
RAHEL;BITTSTELLER;1
RAHEL;EINE WEIBERSTIMME;1
RAHEL;ISAAK;3
RAHEL;KÖNIG;3
RAHEL;ESTHER;3
RAHEL;MANRIQUE;2
RAHEL;GARCERAN;3
RAHEL;DIENER;1
KAMMERFRAU;KÖNIG;1
KAMMERFRAU;MANRIQUE;1
KAMMERFRAU;GARCERAN;1
KAMMERFRAU;KNAPPE;1
KAMMERFRAU;KÖNIGIN;1
KAMMERFRAU;DIENER;1
DRITTER BITTSTELLER;ISAAK;1
DRITTER BITTSTELLER;KÖNIG;1
DRITTER BITTSTELLER;ESTHER;1
DRITTER BITTSTELLER;ZWEITER BITTSTELLER;1
DRITTER BITTSTELLER;GARCERAN;1
DRITTER BITTSTELLER;BITTSTELLER;1
GARCERAN;ZWEITER BITTSTELLER;1
GARCERAN;KNAPPE;2
GARCERAN;KÖNIGIN;4
GARCERAN;BITTSTELLER;1
GARCERAN;EINE WEIBERSTIMME;1
GARCERAN;ISAAK;4
GARCERAN;KÖNIG;5
GARCERAN;ESTHER;4
GARCERAN;MANRIQUE;4
GARCERAN;VON AUSSEN;1
GARCERAN;DIENER;2
ZWEITER BITTSTELLER;ESTHER;1
ZWEITER BITTSTELLER;ISAAK;1
ZWEITER BITTSTELLER;KÖNIG;1
ZWEITER BITTSTELLER;BITTSTELLER;1
KNAPPE;ISAAK;1
KNAPPE;KÖNIG;2
KNAPPE;ESTHER;1
KNAPPE;MANRIQUE;2
KNAPPE;KÖNIGIN;2
KNAPPE;DIENER;2
KÖNIGIN;ISAAK;3
KÖNIGIN;KÖNIG;4
KÖNIGIN;ESTHER;3
KÖNIGIN;EINE WEIBERSTIMME;1
KÖNIGIN;MANRIQUE;4
KÖNIGIN;VON AUSSEN;1
KÖNIGIN;DIENER;2
BITTSTELLER;ESTHER;1
BITTSTELLER;ISAAK;1
BITTSTELLER;KÖNIG;1
EINE WEIBERSTIMME;ISAAK;1
EINE WEIBERSTIMME;KÖNIG;1
EINE WEIBERSTIMME;ESTHER;1
EINE WEIBERSTIMME;MANRIQUE;1
ISAAK;KÖNIG;4
ISAAK;ESTHER;4
ISAAK;MANRIQUE;3
ISAAK;VON AUSSEN;1
ISAAK;DIENER;1
KÖNIG;DIENER;2
KÖNIG;ESTHER;4
KÖNIG;MANRIQUE;4
KÖNIG;VON AUSSEN;1
ESTHER;MANRIQUE;3
ESTHER;VON AUSSEN;1
ESTHER;DIENER;1
MANRIQUE;VON AUSSEN;1
MANRIQUE;DIENER;2
