STIMMEN;PFEIFER;1
STIMMEN;ENGEL;1
STIMMEN;LUTHER;1
STIMMEN;THOMÄ;1
STIMMEN;DIE ALTE STEIMANN;1
STIMMEN;RÜDIGER;1
STIMMEN;ERICH;1
STIMMEN;DIETRICH;1
STIMMEN;PROBST;1
STIMMEN;BLINTE;1
STIMMEN;FRAU HÜFER;1
STIMMEN;SANDER;1
STIMMEN;REINHARD;1
STIMMEN;STORCH;1
STIMMEN;BAUERN;1
STIMMEN;MÜNZER;2
STIMMEN;CHOR;1
STIMMEN;LIBORIUS;1
STIMMEN;GERLIND;1
EINIGE LANDSKNECHTE;HELLDRUNGEN;1
EINIGE LANDSKNECHTE;LANDGRAF;1
EINIGE LANDSKNECHTE;PROBST;1
EINIGE LANDSKNECHTE;DIETRICH;1
JACOBE;WACHE;2
JACOBE;PFEIFER;1
JACOBE;HANS;1
JACOBE;BAUERN;1
JACOBE;MÜNZER;3
JACOBE;GRÄFIN;2
JACOBE;EIN KNECHT;1
JACOBE;HELLDRUNGEN;1
JACOBE;DIETRICH;2
JACOBE;FRAUEN;1
JACOBE;GERLIND;3
HELLDRUNGEN;RÜDIGER;1
HELLDRUNGEN;EIN KNECHT;1
HELLDRUNGEN;ERICH;2
HELLDRUNGEN;DIETRICH;8
HELLDRUNGEN;PROBST;3
HELLDRUNGEN;GRÄFIN;4
HELLDRUNGEN;MÜNZER;1
HELLDRUNGEN;HANS;1
HELLDRUNGEN;RODER;1
HELLDRUNGEN;LIBORIUS;1
HELLDRUNGEN;LANDGRAF;3
HELLDRUNGEN;GERLIND;2
RODER;PFEIFER;2
RODER;ENGEL;2
RODER;THOMÄ;1
RODER;DIE ALTE STEIMANN;1
RODER;ERICH;1
RODER;DIETRICH;1
RODER;PROBST;1
RODER;WEIBER;1
RODER;SANDER;2
RODER;BLINTE;2
RODER;HANS;3
RODER;BAUERN;2
RODER;MÜNZER;4
RODER;FRAU HÜFER;1
RODER;LANDGRAF;1
RODER;GERLIND;1
LÄRM;PFEIFER;1
LÄRM;MÜNZER;2
LÄRM;HANS;1
LÄRM;BAUERN;1
LÄRM;ENGEL;1
LÄRM;GERLIND;1
LÄRM;BLINTE;1
LIBORIUS;PFEIFER;2
LIBORIUS;ENGEL;2
LIBORIUS;FRAU HÜFER;2
LIBORIUS;THOMÄ;1
LIBORIUS;DIE ALTE STEIMANN;1
LIBORIUS;RÜDIGER;2
LIBORIUS;ERICH;4
LIBORIUS;DIETRICH;6
LIBORIUS;PROBST;3
LIBORIUS;GRÄFIN;2
LIBORIUS;EIN KNAPPE;1
LIBORIUS;SANDER;1
LIBORIUS;STORCH;1
LIBORIUS;BAUERN;2
LIBORIUS;MÜNZER;1
LIBORIUS;HANS;2
LIBORIUS;BLINTE;3
LIBORIUS;REINHARD;1
LIBORIUS;GERLIND;4
EIN KNECHT;MÜNZER;1
EIN KNECHT;GERLIND;2
EIN KNECHT;DIETRICH;2
EIN KNECHT;FRAUEN;1
EIN KNECHT;GRÄFIN;2
ERICH;PFEIFER;2
ERICH;ENGEL;3
ERICH;THOMÄ;1
ERICH;DIETRICH;5
ERICH;PROBST;1
ERICH;REINHARD;1
ERICH;SANDER;2
ERICH;BLINTE;4
ERICH;DIE ALTE STEIMANN;1
ERICH;STORCH;1
ERICH;BAUERN;3
ERICH;MÜNZER;2
ERICH;HANS;3
ERICH;GRÄFIN;1
ERICH;FRAU HÜFER;2
ERICH;RÜDIGER;2
ERICH;GERLIND;3
DIETRICH;PROBST;6
DIETRICH;GRÄFIN;6
DIETRICH;EIN KNAPPE;1
DIETRICH;SANDER;1
DIETRICH;PFEIFER;3
DIETRICH;STORCH;1
DIETRICH;BAUERN;3
DIETRICH;MÜNZER;3
DIETRICH;FRAU HÜFER;3
DIETRICH;LANDGRAF;3
DIETRICH;ENGEL;2
DIETRICH;REINHARD;1
DIETRICH;THOMÄ;2
DIETRICH;BLINTE;3
DIETRICH;DIE ALTE STEIMANN;1
DIETRICH;HANS;3
DIETRICH;RÜDIGER;3
DIETRICH;FRAUEN;1
DIETRICH;GERLIND;7
PROBST;GRÄFIN;1
PROBST;EIN KNAPPE;1
PROBST;SANDER;1
PROBST;STORCH;1
PROBST;BAUERN;1
PROBST;MÜNZER;1
PROBST;FRAU HÜFER;1
PROBST;LANDGRAF;3
PROBST;ENGEL;1
PROBST;REINHARD;1
PROBST;THOMÄ;1
PROBST;BLINTE;1
PROBST;DIE ALTE STEIMANN;1
PROBST;HANS;1
PROBST;RÜDIGER;1
PROBST;GERLIND;2
WEIBER;PFEIFER;1
WEIBER;BAUERN;1
WEIBER;ENGEL;1
WEIBER;SANDER;1
WEIBER;BLINTE;1
WEIBER;THOMÄ;1
WEIBER;DIE ALTE STEIMANN;1
WEIBER;HANS;1
WEIBER;MÜNZER;1
WEIBER;FRAU HÜFER;1
WEIBER;GERLIND;1
EIN KNAPPE;GRÄFIN;1
EIN KNAPPE;GERLIND;1
SANDER;PFEIFER;2
SANDER;ENGEL;4
SANDER;REINHARD;1
SANDER;RÜDIGER;1
SANDER;THOMÄ;3
SANDER;BLINTE;4
SANDER;DIE ALTE STEIMANN;2
SANDER;STORCH;2
SANDER;BAUERN;4
SANDER;MÜNZER;3
SANDER;HANS;2
SANDER;FRAU HÜFER;2
SANDER;GERLIND;2
PFEIFER;RÜDIGER;1
PFEIFER;WACHE;1
PFEIFER;STORCH;1
PFEIFER;BAUERN;6
PFEIFER;MÜNZER;9
PFEIFER;FRAU HÜFER;3
PFEIFER;ENGEL;5
PFEIFER;REINHARD;1
PFEIFER;THOMÄ;3
PFEIFER;BLINTE;6
PFEIFER;DIE ALTE STEIMANN;1
PFEIFER;HANS;8
PFEIFER;GERLIND;4
STORCH;ENGEL;2
STORCH;THOMÄ;3
STORCH;DIE ALTE STEIMANN;1
STORCH;BLINTE;3
STORCH;REINHARD;1
STORCH;BAUERN;3
STORCH;MÜNZER;1
STORCH;FRAU HÜFER;1
STORCH;RÜDIGER;1
STORCH;GERLIND;1
BAUERN;MÜNZER;7
BAUERN;FRAU HÜFER;3
BAUERN;ENGEL;5
BAUERN;REINHARD;1
BAUERN;THOMÄ;5
BAUERN;BLINTE;7
BAUERN;DIE ALTE STEIMANN;2
BAUERN;HANS;6
BAUERN;WACHE;1
BAUERN;RÜDIGER;2
BAUERN;GERLIND;4
MÜNZER;FRAU HÜFER;1
MÜNZER;LANDGRAF;1
MÜNZER;CHOR;1
MÜNZER;LUTHER;1
MÜNZER;ENGEL;4
MÜNZER;THOMÄ;2
MÜNZER;BLINTE;6
MÜNZER;DIE ALTE STEIMANN;1
MÜNZER;HANS;10
MÜNZER;WACHE;2
MÜNZER;GRÄFIN;1
MÜNZER;FRAUEN;1
MÜNZER;GERLIND;8
CHOR;LUTHER;1
LANDGRAF;HANS;1
FRAU HÜFER;ENGEL;3
FRAU HÜFER;THOMÄ;3
FRAU HÜFER;DIE ALTE STEIMANN;2
FRAU HÜFER;BLINTE;3
FRAU HÜFER;REINHARD;1
FRAU HÜFER;HANS;2
FRAU HÜFER;RÜDIGER;2
FRAU HÜFER;GERLIND;3
ENGEL;DIE ALTE STEIMANN;2
ENGEL;THOMÄ;3
ENGEL;BLINTE;7
ENGEL;REINHARD;2
ENGEL;HANS;5
ENGEL;RÜDIGER;1
ENGEL;GERLIND;3
REINHARD;THOMÄ;1
REINHARD;BLINTE;2
REINHARD;DIE ALTE STEIMANN;1
REINHARD;HANS;1
REINHARD;RÜDIGER;1
REINHARD;GERLIND;1
THOMÄ;RÜDIGER;2
THOMÄ;BLINTE;4
THOMÄ;DIE ALTE STEIMANN;2
THOMÄ;HANS;1
THOMÄ;GERLIND;2
BLINTE;RÜDIGER;1
BLINTE;DIE ALTE STEIMANN;2
BLINTE;HANS;6
BLINTE;GERLIND;4
DIE ALTE STEIMANN;RÜDIGER;1
DIE ALTE STEIMANN;HANS;1
DIE ALTE STEIMANN;GERLIND;2
HANS;WACHE;1
HANS;GERLIND;5
GRÄFIN;RÜDIGER;1
GRÄFIN;FRAUEN;1
GRÄFIN;GERLIND;4
RÜDIGER;GERLIND;1
FRAUEN;GERLIND;1
