STIMMEN;DANNEWITZ;1
STIMMEN;SECHELWEG;1
STIMMEN;PERWENITZ;1
STIMME;OTTO;1
STIMME;KONRAD VON QUITZOW;1
STIMME;BRIESEN;1
STIMME;KASIMIR;1
STIMME;DIETRICH;1
STIMME;BARBARA;1
KONRAD VON QUITZOW;ALLE BÜRGER;1
KONRAD VON QUITZOW;GERTRUD;3
KONRAD VON QUITZOW;DIE BÜRGER;2
KONRAD VON QUITZOW;SCHWALBE;5
KONRAD VON QUITZOW;EIN KNECHT;2
KONRAD VON QUITZOW;PROPST ORTWIN;2
KONRAD VON QUITZOW;DIETRICH;9
KONRAD VON QUITZOW;DIE KNECHTE;1
KONRAD VON QUITZOW;PUTLITZ;1
KONRAD VON QUITZOW;THOMAS WINS;2
KONRAD VON QUITZOW;KÖHNE FINKE;2
KONRAD VON QUITZOW;PERWENITZ;5
KONRAD VON QUITZOW;DANNEWITZ;3
KONRAD VON QUITZOW;DIE EDELLEUTE;2
KONRAD VON QUITZOW;RIEKE;1
KONRAD VON QUITZOW;KÄTHE;2
KONRAD VON QUITZOW;WICHART VON ROCHOW;2
KONRAD VON QUITZOW;LIPPOLD VON BREDOW;2
KONRAD VON QUITZOW;FRIEDRICH;3
KONRAD VON QUITZOW;HEROLD;1
KONRAD VON QUITZOW;ILEBURG;1
KONRAD VON QUITZOW;HANS STURZ;1
KONRAD VON QUITZOW;AGNES;4
KONRAD VON QUITZOW;SECHELWEG;3
KONRAD VON QUITZOW;GRETHE;2
KONRAD VON QUITZOW;DIE STRAUSSBERGER;2
KONRAD VON QUITZOW;BRIESEN;1
KONRAD VON QUITZOW;BLANKENFELD;1
KONRAD VON QUITZOW;OTTO;1
KONRAD VON QUITZOW;KASIMIR;1
KONRAD VON QUITZOW;STROBAND;2
KONRAD VON QUITZOW;BARBARA;4
KRODENOW;KASIMIR;2
KRODENOW;BRIESEN;2
KRODENOW;OTTO;2
KRODENOW;SCHWERIN;2
KRODENOW;DIETRICH;1
KRODENOW;BARBARA;2
DIE KNECHTE;BARBARA;2
DIE KNECHTE;SCHWALBE;1
DIE KNECHTE;DIETRICH;2
DIE KNECHTE;EIN KNECHT;2
DANNEWITZ;ALLE BÜRGER;1
DANNEWITZ;BRANDENBURGER RATMANNE;1
DANNEWITZ;HAVELBERGER RATMANNE;1
DANNEWITZ;RIENEKE;3
DANNEWITZ;DIETRICH;6
DANNEWITZ;RUPPINER RATMANNE;1
DANNEWITZ;FRIEDRICH;3
DANNEWITZ;THOMAS WINS;1
DANNEWITZ;RATMANNEN;1
DANNEWITZ;KÖHNE FINKE;2
DANNEWITZ;PERWENITZ;12
DANNEWITZ;PUTLITZ;1
DANNEWITZ;FRITZE BELKOW;1
DANNEWITZ;HEINSE LANG;2
DANNEWITZ;DIE EDELLEUTE;1
DANNEWITZ;RIEKE;2
DANNEWITZ;PETER STUMMEL;1
DANNEWITZ;DIE BERLINER;1
DANNEWITZ;GRECHEWITZ;1
DANNEWITZ;LIPPOLD VON BREDOW;3
DANNEWITZ;RATHENOWER RATMANNE;1
DANNEWITZ;ILEBURG;2
DANNEWITZ;SPANDAUER RATMANNE;1
DANNEWITZ;HANS STURZ;4
DANNEWITZ;SECHELWEG;8
DANNEWITZ;GRETHE;2
DANNEWITZ;FRANKFURTER RATMANNE;1
DANNEWITZ;KÄTHE;2
DANNEWITZ;BLANKENFELD;1
DANNEWITZ;MARTIN;2
DANNEWITZ;STROBAND;7
DANNEWITZ;DIE BÜRGER;1
THOMAS WINS;ALLE BÜRGER;1
THOMAS WINS;GERTRUD;1
THOMAS WINS;LIPPOLD VON BREDOW;1
THOMAS WINS;ILEBURG;1
THOMAS WINS;PROPST ORTWIN;1
THOMAS WINS;DIETRICH;1
THOMAS WINS;SECHELWEG;1
THOMAS WINS;AGNES;2
THOMAS WINS;DIE STRAUSSBERGER;1
THOMAS WINS;PERWENITZ;2
THOMAS WINS;PUTLITZ;1
THOMAS WINS;DIE BÜRGER;1
THOMAS WINS;DIE EDELLEUTE;1
THOMAS WINS;STROBAND;4
THOMAS WINS;MÄNNER UND FRAUEN;1
KÖHNE FINKE;SPANDAUER RATMANNE;1
KÖHNE FINKE;PETER STUMMEL;1
KÖHNE FINKE;RUPPINER RATMANNE;1
KÖHNE FINKE;RATHENOWER RATMANNE;1
KÖHNE FINKE;RATMANNEN;2
KÖHNE FINKE;DIE MUSIKANTEN;2
KÖHNE FINKE;PERWENITZ;4
KÖHNE FINKE;RIEKE;5
KÖHNE FINKE;BRANDENBURGER RATMANNE;1
KÖHNE FINKE;DAS VOLK;1
KÖHNE FINKE;KNECHT (1.11);1
KÖHNE FINKE;WICHART VON ROCHOW;2
KÖHNE FINKE;LIPPOLD VON BREDOW;1
KÖHNE FINKE;FRIEDRICH;1
KÖHNE FINKE;ILEBURG;1
KÖHNE FINKE;HANS STURZ;5
KÖHNE FINKE;SECHELWEG;1
KÖHNE FINKE;GRETHE;7
KÖHNE FINKE;FRANKFURTER RATMANNE;1
KÖHNE FINKE;KÄTHE;6
KÖHNE FINKE;HAVELBERGER RATMANNE;1
KÖHNE FINKE;MARTIN;2
KÖHNE FINKE;STROBAND;4
PUTLITZ;ALLE BÜRGER;1
PUTLITZ;LIPPOLD VON BREDOW;1
PUTLITZ;ILEBURG;1
PUTLITZ;DIETRICH;1
PUTLITZ;SECHELWEG;1
PUTLITZ;PERWENITZ;1
PUTLITZ;DIE EDELLEUTE;1
PUTLITZ;STROBAND;1
PUTLITZ;DIE BÜRGER;1
FRITZE BELKOW;HEINSE LANG;1
FRITZE BELKOW;PERWENITZ;2
FRITZE BELKOW;RIENEKE;1
FRITZE BELKOW;HANS STURZ;2
FRITZE BELKOW;PETER STUMMEL;4
FRITZE BELKOW;SECHELWEG;1
FRITZE BELKOW;STROBAND;1
RIEKE;GRECHEWITZ;1
RIEKE;GERTRUD;2
RIEKE;WICHART VON ROCHOW;1
RIEKE;AGNES;2
RIEKE;HANS STURZ;3
RIEKE;PETER STUMMEL;1
RIEKE;DIETRICH;2
RIEKE;DIE MUSIKANTEN;1
RIEKE;PERWENITZ;4
RIEKE;GRETHE;6
RIEKE;STROBAND;3
RIEKE;KÄTHE;6
KÄTHE;GRECHEWITZ;1
KÄTHE;KNECHT (1.11);1
KÄTHE;WICHART VON ROCHOW;2
KÄTHE;HANS STURZ;4
KÄTHE;DIETRICH;2
KÄTHE;GRETHE;9
KÄTHE;DIE MUSIKANTEN;1
KÄTHE;PERWENITZ;2
KÄTHE;PETER STUMMEL;1
SCHWABE;GERTRUD;1
SCHWABE;SCHWALBE;1
SCHWABE;AGNES;1
KNECHT (1.11);GRETHE;1
WICHART VON ROCHOW;HANS STURZ;1
WICHART VON ROCHOW;GRETHE;2
DIE BERLINER;FRIEDRICH;1
DIE BERLINER;PERWENITZ;1
DIE BERLINER;DIETRICH;1
DIE BERLINER;STROBAND;1
HANS STURZ;DAS VOLK;1
HANS STURZ;RIENEKE;1
HANS STURZ;DIETRICH;1
HANS STURZ;SECHELWEG;3
HANS STURZ;PETER STUMMEL;3
HANS STURZ;STROBAND;2
HANS STURZ;RATMANNEN;1
HANS STURZ;DIE MUSIKANTEN;2
HANS STURZ;PERWENITZ;7
HANS STURZ;MARTIN;1
HANS STURZ;GRETHE;4
AGNES;STROBAND;3
AGNES;GERTRUD;7
AGNES;SCHWALBE;3
AGNES;DIE STRAUSSBERGER;1
AGNES;PERWENITZ;2
AGNES;PROPST ORTWIN;1
AGNES;DIETRICH;1
BRIESEN;KASIMIR;4
BRIESEN;OTTO;4
BRIESEN;SCHWERIN;4
BRIESEN;DIETRICH;2
BRIESEN;BARBARA;4
BLANKENFELD;PERWENITZ;1
BLANKENFELD;DIETRICH;1
BLANKENFELD;SECHELWEG;1
FRANKFURTER RATMANNE;LIPPOLD VON BREDOW;1
FRANKFURTER RATMANNE;SPANDAUER RATMANNE;1
FRANKFURTER RATMANNE;ILEBURG;1
FRANKFURTER RATMANNE;RUPPINER RATMANNE;1
FRANKFURTER RATMANNE;RATHENOWER RATMANNE;1
FRANKFURTER RATMANNE;RATMANNEN;1
FRANKFURTER RATMANNE;HAVELBERGER RATMANNE;1
FRANKFURTER RATMANNE;PERWENITZ;1
FRANKFURTER RATMANNE;FRIEDRICH;1
FRANKFURTER RATMANNE;STROBAND;1
FRANKFURTER RATMANNE;BRANDENBURGER RATMANNE;1
BARBARA;KASIMIR;4
BARBARA;SCHWERIN;4
BARBARA;OTTO;4
BARBARA;SCHWALBE;3
BARBARA;EIN KNECHT;3
BARBARA;DIETRICH;7
ALLE BÜRGER;LIPPOLD VON BREDOW;1
ALLE BÜRGER;ILEBURG;1
ALLE BÜRGER;DIETRICH;1
ALLE BÜRGER;SECHELWEG;1
ALLE BÜRGER;PERWENITZ;1
ALLE BÜRGER;DIE EDELLEUTE;1
ALLE BÜRGER;STROBAND;1
ALLE BÜRGER;DIE BÜRGER;1
DAS VOLK;RATMANNEN;1
DAS VOLK;STROBAND;1
DAS VOLK;PERWENITZ;1
GERTRUD;STROBAND;5
GERTRUD;SCHWALBE;3
GERTRUD;DIETRICH;1
GERTRUD;PERWENITZ;2
SCHWALBE;DIETRICH;5
SCHWALBE;EIN KNECHT;3
HAVELBERGER RATMANNE;LIPPOLD VON BREDOW;1
HAVELBERGER RATMANNE;SPANDAUER RATMANNE;1
HAVELBERGER RATMANNE;ILEBURG;1
HAVELBERGER RATMANNE;RUPPINER RATMANNE;1
HAVELBERGER RATMANNE;RATHENOWER RATMANNE;1
HAVELBERGER RATMANNE;PERWENITZ;1
HAVELBERGER RATMANNE;RATMANNEN;1
HAVELBERGER RATMANNE;FRIEDRICH;1
HAVELBERGER RATMANNE;STROBAND;1
HAVELBERGER RATMANNE;BRANDENBURGER RATMANNE;1
SPANDAUER RATMANNE;LIPPOLD VON BREDOW;1
SPANDAUER RATMANNE;FRIEDRICH;1
SPANDAUER RATMANNE;ILEBURG;1
SPANDAUER RATMANNE;RUPPINER RATMANNE;1
SPANDAUER RATMANNE;RATHENOWER RATMANNE;1
SPANDAUER RATMANNE;PERWENITZ;1
SPANDAUER RATMANNE;RATMANNEN;1
SPANDAUER RATMANNE;STROBAND;1
SPANDAUER RATMANNE;BRANDENBURGER RATMANNE;1
RIENEKE;PERWENITZ;4
RIENEKE;HEINSE LANG;3
RIENEKE;MARTIN;1
RIENEKE;PETER STUMMEL;1
RIENEKE;SECHELWEG;3
RIENEKE;STROBAND;1
EIN KNECHT;DIETRICH;4
PROPST ORTWIN;DIE STRAUSSBERGER;2
PROPST ORTWIN;PERWENITZ;2
PROPST ORTWIN;SECHELWEG;1
PETER STUMMEL;SECHELWEG;1
PETER STUMMEL;GRETHE;1
PETER STUMMEL;STROBAND;1
PETER STUMMEL;DIE MUSIKANTEN;1
PETER STUMMEL;PERWENITZ;2
PETER STUMMEL;HEINSE LANG;1
DIETRICH;DIE BÜRGER;2
DIETRICH;PERWENITZ;6
DIETRICH;DIE EDELLEUTE;2
DIETRICH;GRECHEWITZ;1
DIETRICH;LIPPOLD VON BREDOW;2
DIETRICH;FRIEDRICH;2
DIETRICH;HEROLD;1
DIETRICH;ILEBURG;1
DIETRICH;SCHWERIN;1
DIETRICH;SECHELWEG;2
DIETRICH;GRETHE;2
DIETRICH;OTTO;2
DIETRICH;KASIMIR;2
DIETRICH;STROBAND;3
FRIEDRICH;LIPPOLD VON BREDOW;2
FRIEDRICH;ILEBURG;2
FRIEDRICH;RUPPINER RATMANNE;1
FRIEDRICH;RATHENOWER RATMANNE;1
FRIEDRICH;PERWENITZ;2
FRIEDRICH;RATMANNEN;1
FRIEDRICH;STROBAND;3
FRIEDRICH;BRANDENBURGER RATMANNE;1
RATMANNEN;LIPPOLD VON BREDOW;1
RATMANNEN;ILEBURG;1
RATMANNEN;RATHENOWER RATMANNE;1
RATMANNEN;RUPPINER RATMANNE;1
RATMANNEN;PERWENITZ;2
RATMANNEN;STROBAND;2
RATMANNEN;BRANDENBURGER RATMANNE;1
DIE MUSIKANTEN;MARTIN;1
DIE MUSIKANTEN;GRETHE;1
PERWENITZ;HEINSE LANG;3
PERWENITZ;RUPPINER RATMANNE;1
PERWENITZ;DIE EDELLEUTE;2
PERWENITZ;LIPPOLD VON BREDOW;2
PERWENITZ;GRECHEWITZ;1
PERWENITZ;HEROLD;1
PERWENITZ;ILEBURG;2
PERWENITZ;RATHENOWER RATMANNE;1
PERWENITZ;GRETHE;2
PERWENITZ;SECHELWEG;10
PERWENITZ;DIE STRAUSSBERGER;2
PERWENITZ;BRANDENBURGER RATMANNE;1
PERWENITZ;MARTIN;3
PERWENITZ;STROBAND;10
PERWENITZ;DIE BÜRGER;2
HEINSE LANG;MARTIN;1
HEINSE LANG;SECHELWEG;2
HEINSE LANG;STROBAND;1
RUPPINER RATMANNE;LIPPOLD VON BREDOW;1
RUPPINER RATMANNE;ILEBURG;1
RUPPINER RATMANNE;RATHENOWER RATMANNE;1
RUPPINER RATMANNE;STROBAND;1
RUPPINER RATMANNE;BRANDENBURGER RATMANNE;1
DIE EDELLEUTE;LIPPOLD VON BREDOW;1
DIE EDELLEUTE;HEROLD;1
DIE EDELLEUTE;ILEBURG;1
DIE EDELLEUTE;SECHELWEG;1
DIE EDELLEUTE;STROBAND;1
DIE EDELLEUTE;DIE BÜRGER;2
BRANDENBURGER RATMANNE;LIPPOLD VON BREDOW;1
BRANDENBURGER RATMANNE;ILEBURG;1
BRANDENBURGER RATMANNE;RATHENOWER RATMANNE;1
BRANDENBURGER RATMANNE;STROBAND;1
LIPPOLD VON BREDOW;STROBAND;3
LIPPOLD VON BREDOW;ILEBURG;2
LIPPOLD VON BREDOW;RATHENOWER RATMANNE;1
LIPPOLD VON BREDOW;SECHELWEG;1
LIPPOLD VON BREDOW;DIE BÜRGER;1
GRECHEWITZ;GRETHE;1
KASIMIR;OTTO;4
KASIMIR;SCHWERIN;3
RATHENOWER RATMANNE;ILEBURG;1
RATHENOWER RATMANNE;STROBAND;1
HEROLD;DIE BÜRGER;1
ILEBURG;STROBAND;2
ILEBURG;SECHELWEG;1
ILEBURG;DIE BÜRGER;1
SCHWERIN;OTTO;3
SECHELWEG;DIE STRAUSSBERGER;1
SECHELWEG;MARTIN;2
SECHELWEG;STROBAND;4
SECHELWEG;DIE BÜRGER;1
MARTIN;STROBAND;1
MÄNNER UND FRAUEN;STROBAND;1
STROBAND;DIE BÜRGER;1
