CATHRINE;FRAU VON BIRKENHAYN;1
CATHRINE;MUFFEL;5
CATHRINE;PETER;5
CATHRINE;TEMPELSTOLZ;1
CATHRINE;HERR VON ROSENECK;1
CATHRINE;FRÄULEIN WILHELMINE;1
FRAU VON BIRKENHAYN;HERR WAHRMUND;1
FRAU VON BIRKENHAYN;MUFFEL;5
FRAU VON BIRKENHAYN;FRÄULEIN WILHELMINE;9
FRAU VON BIRKENHAYN;HERR VON ROSENECK;6
FRAU VON BIRKENHAYN;BRIGITTE;1
FRAU VON BIRKENHAYN;PETER;2
FRAU VON BIRKENHAYN;TEMPELSTOLZ;5
MUFFEL;HERR WAHRMUND;1
MUFFEL;PETER;4
MUFFEL;TEMPELSTOLZ;6
MUFFEL;HERR VON ROSENECK;3
MUFFEL;FRÄULEIN WILHELMINE;7
TEMPELSTOLZ;HERR VON ROSENECK;2
TEMPELSTOLZ;BRIGITTE;1
TEMPELSTOLZ;PETER;2
TEMPELSTOLZ;FRÄULEIN WILHELMINE;6
HERR VON ROSENECK;BRIGITTE;1
HERR VON ROSENECK;HERR WAHRMUND;5
HERR VON ROSENECK;PETER;3
HERR VON ROSENECK;FRÄULEIN WILHELMINE;7
BRIGITTE;PETER;2
HERR WAHRMUND;PETER;1
HERR WAHRMUND;FRÄULEIN WILHELMINE;3
PETER;FRÄULEIN WILHELMINE;2
