LOHENGRIN;DER ZWEITE EDLE;1
LOHENGRIN;KÖNIG HEINRICH;3
LOHENGRIN;FRIEDRICH;2
LOHENGRIN;DIE FRAUEN;3
LOHENGRIN;DER HEERRUFER;1
LOHENGRIN;ELSA;4
LOHENGRIN;DER DRITTE EDLE;1
LOHENGRIN;ORTRUD;3
LOHENGRIN;BRABANTISCHE EDLE;1
LOHENGRIN;DIE MÄNNER;3
LOHENGRIN;DER ERSTE EDLE;1
LOHENGRIN;DIE BRABANTER;1
LOHENGRIN;DES KÖNIGS GEFOLGE;1
LOHENGRIN;DER VIERTE EDLE;1
VIER EDELKNABEN;ORTRUD;1
VIER EDELKNABEN;BRABANTISCHE EDLE;2
VIER EDELKNABEN;DER ZWEITE EDLE;2
VIER EDELKNABEN;DER ERSTE EDLE;2
VIER EDELKNABEN;DIE MÄNNER;2
VIER EDELKNABEN;FRIEDRICH;1
VIER EDELKNABEN;DER VIERTE EDLE;2
VIER EDELKNABEN;DIE FRAUEN;1
VIER EDELKNABEN;DER HEERRUFER;1
VIER EDELKNABEN;DER DRITTE EDLE;2
VIER EDELKNABEN;ELSA;1
DER ZWEITE EDLE;KÖNIG HEINRICH;1
DER ZWEITE EDLE;FRIEDRICH;1
DER ZWEITE EDLE;DIE FRAUEN;2
DER ZWEITE EDLE;DER HEERRUFER;1
DER ZWEITE EDLE;DER DRITTE EDLE;3
DER ZWEITE EDLE;ELSA;2
DER ZWEITE EDLE;ORTRUD;2
DER ZWEITE EDLE;BRABANTISCHE EDLE;2
DER ZWEITE EDLE;DIE MÄNNER;3
DER ZWEITE EDLE;DER ERSTE EDLE;3
DER ZWEITE EDLE;DIE BRABANTER;1
DER ZWEITE EDLE;DER VIERTE EDLE;3
BRABANTISCHE EDLE;KÖNIG HEINRICH;1
BRABANTISCHE EDLE;DIE FRAUEN;2
BRABANTISCHE EDLE;DER HEERRUFER;2
BRABANTISCHE EDLE;DER DRITTE EDLE;2
BRABANTISCHE EDLE;ELSA;2
BRABANTISCHE EDLE;ORTRUD;2
BRABANTISCHE EDLE;FRIEDRICH;2
BRABANTISCHE EDLE;DIE MÄNNER;3
BRABANTISCHE EDLE;DER ERSTE EDLE;2
BRABANTISCHE EDLE;DER VIERTE EDLE;2
KÖNIG HEINRICH;DIE SACHSEN;1
KÖNIG HEINRICH;DIE FRAUEN;4
KÖNIG HEINRICH;DER HEERRUFER;3
KÖNIG HEINRICH;ELSA;4
KÖNIG HEINRICH;DER DRITTE EDLE;1
KÖNIG HEINRICH;ORTRUD;3
KÖNIG HEINRICH;FRIEDRICH;4
KÖNIG HEINRICH;DIE MÄNNER;5
KÖNIG HEINRICH;DER ERSTE EDLE;1
KÖNIG HEINRICH;DIE BRABANTER;3
KÖNIG HEINRICH;DES KÖNIGS GEFOLGE;1
KÖNIG HEINRICH;DER VIERTE EDLE;1
ACHT FRAUEN;DIE FRAUEN;1
ACHT FRAUEN;DIE MÄNNER;1
DIE SACHSEN;FRIEDRICH;1
DIE SACHSEN;DIE MÄNNER;1
DIE SACHSEN;DER HEERRUFER;1
DIE SACHSEN;DIE BRABANTER;1
DIE FRAUEN;DER HEERRUFER;2
DIE FRAUEN;ELSA;5
DIE FRAUEN;DER DRITTE EDLE;2
DIE FRAUEN;ORTRUD;4
DIE FRAUEN;FRIEDRICH;3
DIE FRAUEN;DIE MÄNNER;6
DIE FRAUEN;DER ERSTE EDLE;2
DIE FRAUEN;DIE BRABANTER;2
DIE FRAUEN;DES KÖNIGS GEFOLGE;1
DIE FRAUEN;DER VIERTE EDLE;2
DER HEERRUFER;ELSA;2
DER HEERRUFER;DER DRITTE EDLE;1
DER HEERRUFER;ORTRUD;1
DER HEERRUFER;FRIEDRICH;4
DER HEERRUFER;DIE MÄNNER;4
DER HEERRUFER;DER ERSTE EDLE;1
DER HEERRUFER;DIE BRABANTER;2
DER HEERRUFER;DER VIERTE EDLE;1
DER DRITTE EDLE;FRIEDRICH;1
DER DRITTE EDLE;ELSA;2
DER DRITTE EDLE;ORTRUD;2
DER DRITTE EDLE;DIE MÄNNER;3
DER DRITTE EDLE;DER ERSTE EDLE;3
DER DRITTE EDLE;DIE BRABANTER;1
DER DRITTE EDLE;DER VIERTE EDLE;3
ELSA;ORTRUD;5
ELSA;FRIEDRICH;4
ELSA;DIE MÄNNER;5
ELSA;DER ERSTE EDLE;2
ELSA;DIE BRABANTER;2
ELSA;DES KÖNIGS GEFOLGE;1
ELSA;DER VIERTE EDLE;2
ORTRUD;FRIEDRICH;4
ORTRUD;DIE MÄNNER;4
ORTRUD;DER ERSTE EDLE;2
ORTRUD;DIE BRABANTER;1
ORTRUD;DES KÖNIGS GEFOLGE;1
ORTRUD;DER VIERTE EDLE;2
FRIEDRICH;DIE MÄNNER;5
FRIEDRICH;DER ERSTE EDLE;1
FRIEDRICH;DIE BRABANTER;2
FRIEDRICH;DES KÖNIGS GEFOLGE;1
FRIEDRICH;DER VIERTE EDLE;1
DIE MÄNNER;DER ERSTE EDLE;3
DIE MÄNNER;DIE BRABANTER;3
DIE MÄNNER;DES KÖNIGS GEFOLGE;1
DIE MÄNNER;DER VIERTE EDLE;3
DER ERSTE EDLE;DIE BRABANTER;1
DER ERSTE EDLE;DER VIERTE EDLE;3
DIE BRABANTER;DER VIERTE EDLE;1
